sample_idx,seed,strategy,ok,error,completion_rate,overall_on_time_rate,conditional_on_time_rate,blocked_sec,makespan,mean_tardy_over_completed_sec,mean_tardy_over_late_sec
0,0,EDD,1,,0.58071,0.51524,0.88725,,424786.3,19625.03,174056.19
0,0,COLOR_GROUP,1,,0.58071,0.51524,0.88725,,424786.3,19554.46,173430.33
0,0,LOAD_BALANCE,1,,0.58071,0.51524,0.88725,,424786.3,19617.95,173993.4
0,0,OPTIMIZED,1,,0.62738,0.59381,0.94649,,424761.2,4480.4,83729.43
1,1,EDD,1,,0.57881,0.515,0.88976,,424658.2,20221.89,183430.65
1,1,COLOR_GROUP,1,,0.57881,0.515,0.88976,,424658.2,20216.75,183384.07
1,1,LOAD_BALANCE,1,,0.57881,0.515,0.88976,,424658.2,20210.0,183322.81
1,1,OPTIMIZED,1,,0.62786,0.59476,0.94729,,424746.73,4410.22,83667.28
2,2,EDD,1,,0.57738,0.51524,0.89237,,424698.09,19181.4,178218.02
2,2,COLOR_GROUP,1,,0.57738,0.51524,0.89237,,424698.09,19166.63,178080.76
2,2,LOAD_BALANCE,1,,0.57738,0.51524,0.89237,,424698.09,19177.42,178181.0
2,2,OPTIMIZED,1,,0.62738,0.59476,0.94801,,424769.82,4321.44,83116.68
3,3,EDD,1,,0.57548,0.51405,0.89326,,424666.02,19415.15,181885.31
3,3,COLOR_GROUP,1,,0.57548,0.51405,0.89326,,424666.02,19066.69,178620.91
3,3,LOAD_BALANCE,1,,0.57548,0.51405,0.89326,,424666.02,19378.53,181542.3
3,3,OPTIMIZED,1,,0.62762,0.595,0.94803,,424743.57,4360.34,83896.82
4,4,EDD,1,,0.5769,0.51452,0.89187,2221.95,424632.2,19076.93,176425.16
4,4,COLOR_GROUP,1,,0.5769,0.51452,0.89187,9489.57,424632.2,19041.23,176095.0
4,4,LOAD_BALANCE,1,,0.5769,0.51452,0.89187,1963.91,424632.2,18973.78,175471.22
4,4,OPTIMIZED,1,,0.62619,0.59381,0.94829,1919.73,424753.08,4504.9,87116.84
5,5,EDD,1,,0.57381,0.51452,0.89668,,424781.67,16924.02,163802.81
5,5,COLOR_GROUP,1,,0.57381,0.51452,0.89668,,424781.67,16857.22,163156.24
5,5,LOAD_BALANCE,1,,0.57381,0.51452,0.89668,,424781.67,16916.97,163734.51
5,5,OPTIMIZED,1,,0.62405,0.59048,0.9462,,424784.58,4419.9,82159.89
6,6,EDD,1,,0.58095,0.51405,0.88484,,424786.34,20904.26,181517.42
6,6,COLOR_GROUP,1,,0.58095,0.51405,0.88484,,424786.34,20891.26,181404.5
6,6,LOAD_BALANCE,1,,0.58095,0.51405,0.88484,,424786.34,20890.6,181398.84
6,6,OPTIMIZED,1,,0.6281,0.59452,0.94655,,424784.45,4453.39,83319.43
7,7,EDD,1,,0.58024,0.51381,0.88551,,424799.3,19965.33,174392.51
7,7,COLOR_GROUP,1,,0.58024,0.51381,0.88551,,424799.3,19948.31,174243.85
7,7,LOAD_BALANCE,1,,0.58024,0.51381,0.88551,,424799.3,19921.51,174009.77
7,7,OPTIMIZED,1,,0.62833,0.595,0.94695,,424743.29,4280.6,80689.39
8,8,EDD,1,,0.57595,0.51381,0.8921,,424675.92,19341.61,179261.93
8,8,COLOR_GROUP,1,,0.57595,0.51381,0.8921,,424675.92,19320.95,179070.38
8,8,LOAD_BALANCE,1,,0.57595,0.51381,0.8921,,424675.92,19335.94,179209.38
8,8,OPTIMIZED,1,,0.6281,0.59476,0.94693,,424746.39,4279.62,80640.27
9,9,EDD,1,,0.58143,0.51548,0.88657,,424644.74,19424.39,171243.19
9,9,COLOR_GROUP,1,,0.58143,0.51595,0.88739,,424644.74,19337.19,171714.22
9,9,LOAD_BALANCE,1,,0.58143,0.51548,0.88657,,424644.74,19394.5,170979.7
9,9,OPTIMIZED,1,,0.62786,0.59476,0.94729,,424750.1,4296.7,81513.6
10,10,EDD,1,,0.57595,0.515,0.89417,,424784.55,18569.39,175466.27
10,10,COLOR_GROUP,1,,0.57595,0.515,0.89417,,424784.55,18568.01,175453.2
10,10,LOAD_BALANCE,1,,0.57619,0.515,0.8938,,424776.53,18687.65,175969.32
10,10,OPTIMIZED,1,,0.62905,0.59524,0.94625,,424756.53,4224.72,78603.68
11,11,EDD,1,,0.57833,0.51452,0.88967,,424607.11,19581.72,177477.62
11,11,COLOR_GROUP,1,,0.57833,0.51452,0.88967,,424607.11,19575.69,177422.98
11,11,LOAD_BALANCE,1,,0.57833,0.51452,0.88967,,424607.11,19553.49,177221.78
11,11,OPTIMIZED,1,,0.62786,0.59476,0.94729,,424783.22,4346.62,82460.64
12,12,EDD,1,,0.58,0.515,0.88793,,424786.72,19849.13,177115.31
12,12,COLOR_GROUP,1,,0.58,0.515,0.88793,,424786.72,19623.85,175105.15
12,12,LOAD_BALANCE,1,,0.58,0.515,0.88793,,424786.72,19817.78,176835.61
12,12,OPTIMIZED,1,,0.6281,0.59548,0.94807,,424786.24,4220.77,81272.89
13,13,EDD,1,,0.57929,0.515,0.88903,,424654.58,19124.46,172332.64
13,13,COLOR_GROUP,1,,0.57929,0.515,0.88903,,424654.58,19123.04,172319.83
13,13,LOAD_BALANCE,1,,0.57929,0.515,0.88903,,424654.58,19116.28,172258.94
13,13,OPTIMIZED,1,,0.62857,0.595,0.94659,,424782.98,4434.44,83027.88
14,14,EDD,1,,0.56143,0.51238,0.91264,,424670.95,13534.29,154921.63
14,14,COLOR_GROUP,1,,0.56143,0.51238,0.91264,,424670.95,13377.24,153123.89
14,14,LOAD_BALANCE,1,,0.56143,0.51238,0.91264,,424670.95,13533.41,154911.56
14,14,OPTIMIZED,1,,0.6219,0.58952,0.94793,,424758.52,4353.72,83617.0
15,15,EDD,1,,0.57048,0.51429,0.9015,,424674.91,17131.74,173930.76
15,15,COLOR_GROUP,1,,0.57048,0.51429,0.9015,,424674.91,17103.55,173644.52
15,15,LOAD_BALANCE,1,,0.57048,0.51429,0.9015,,424674.91,17114.44,173755.05
15,15,OPTIMIZED,1,,0.62595,0.59286,0.94713,,424742.53,4166.59,78805.46
16,16,EDD,1,,0.57548,0.51381,0.89284,,424631.3,19179.97,178988.4
16,16,COLOR_GROUP,1,,0.57548,0.51405,0.89326,,424631.3,18888.28,176949.54
16,16,LOAD_BALANCE,1,,0.57548,0.51381,0.89284,,424631.3,19143.29,178646.1
16,16,OPTIMIZED,1,,0.62262,0.59429,0.95449,,424781.61,4245.53,93294.62
17,17,EDD,1,,0.56762,0.515,0.9073,,424798.9,15823.0,170687.95
17,17,COLOR_GROUP,1,,0.56762,0.515,0.9073,,424798.9,15771.3,170130.2
17,17,LOAD_BALANCE,1,,0.56762,0.515,0.9073,,424798.9,15807.16,170517.08
17,17,OPTIMIZED,1,,0.62048,0.59405,0.95741,,424769.25,4062.1,95367.8
18,18,EDD,1,,0.58048,0.50976,0.87818,,424760.4,21065.82,172924.13
18,18,COLOR_GROUP,1,,0.58048,0.51524,0.88761,,424760.4,20149.88,179289.79
18,18,LOAD_BALANCE,1,,0.58048,0.50976,0.87818,,424760.4,20982.62,172241.14
18,18,OPTIMIZED,1,,0.6269,0.58548,0.93392,2915.44,424778.88,5278.27,79871.75
19,19,EDD,1,,0.58048,0.51524,0.88761,,424744.6,19591.08,174317.68
19,19,COLOR_GROUP,1,,0.58048,0.51524,0.88761,,424744.6,19588.51,174294.81
19,19,LOAD_BALANCE,1,,0.58048,0.51524,0.88761,,424744.6,19589.34,174302.19
19,19,OPTIMIZED,1,,0.62762,0.595,0.94803,,424776.31,4373.61,84152.09
20,20,EDD,1,,0.56238,0.50548,0.89881,,424767.2,16866.17,166685.79
20,20,COLOR_GROUP,1,,0.56238,0.50571,0.89924,,424767.2,15518.22,154008.56
20,20,LOAD_BALANCE,1,,0.56238,0.50548,0.89881,,424767.2,16728.67,165326.85
20,20,OPTIMIZED,1,,0.61524,0.57976,0.94234,,424745.08,4595.73,79700.43
21,21,EDD,1,,0.5769,0.51452,0.89187,,424690.16,19101.71,176654.36
21,21,COLOR_GROUP,1,,0.5769,0.51452,0.89187,,424690.16,19074.99,176407.22
21,21,LOAD_BALANCE,1,,0.5769,0.51452,0.89187,,424690.16,19073.06,176389.43
21,21,OPTIMIZED,1,,0.62714,0.59333,0.94609,,424755.79,4561.67,84615.79
22,22,EDD,1,,0.58024,0.51452,0.88675,,424756.6,20693.54,182717.96
22,22,COLOR_GROUP,1,,0.58024,0.51452,0.88675,,424690.32,20107.96,177547.47
22,22,LOAD_BALANCE,1,,0.58024,0.51452,0.88675,,424756.6,20604.88,181935.16
22,22,OPTIMIZED,1,,0.62833,0.59429,0.94581,,424765.63,4508.19,83196.63
23,23,EDD,1,,0.57333,0.5069,0.88414,,424711.6,20800.91,179529.03
23,23,COLOR_GROUP,1,,0.57333,0.5069,0.88414,,424711.6,20779.12,179340.92
23,23,LOAD_BALANCE,1,,0.57333,0.5069,0.88414,,424711.6,20683.76,178517.89
23,23,OPTIMIZED,1,,0.62357,0.58667,0.94082,,424769.73,5850.42,98853.19
24,24,EDD,1,,0.57833,0.51452,0.88967,,424708.65,19013.29,172325.72
24,24,COLOR_GROUP,1,,0.57833,0.51452,0.88967,,424708.65,19011.94,172313.47
24,24,LOAD_BALANCE,1,,0.57833,0.51452,0.88967,,424708.65,18985.84,172076.93
24,24,OPTIMIZED,1,,0.6269,0.59548,0.94987,,424791.5,4256.35,84901.3
25,25,EDD,1,,0.56167,0.51381,0.91479,1643.13,424795.44,14469.02,169813.06
25,25,COLOR_GROUP,1,,0.57,0.51381,0.90142,1064.84,424701.59,18716.89,189865.37
25,25,LOAD_BALANCE,1,,0.56167,0.51381,0.91479,1643.13,424795.44,14465.21,169768.35
25,25,OPTIMIZED,1,,0.62095,0.58976,0.94977,1377.65,424788.46,4281.84,85244.53
26,26,EDD,1,,0.57571,0.51429,0.8933,,424756.85,18584.92,174179.58
26,26,COLOR_GROUP,1,,0.57571,0.51429,0.8933,,424756.85,18486.65,173258.65
26,26,LOAD_BALANCE,1,,0.57571,0.51429,0.8933,,424756.85,18541.95,173776.91
26,26,OPTIMIZED,1,,0.62357,0.59,0.94616,,424797.42,4727.6,87812.61
27,27,EDD,1,,0.57881,0.51,0.88112,598.84,424694.11,22733.97,191232.78
27,27,COLOR_GROUP,1,,0.57833,0.51405,0.88884,,424677.86,19820.27,178309.05
27,27,LOAD_BALANCE,1,,0.57881,0.51,0.88112,598.84,424694.11,22243.55,187107.5
27,27,OPTIMIZED,1,,0.62786,0.59357,0.94539,12.18,424733.47,4664.84,85424.87
28,28,EDD,1,,0.55357,0.5119,0.92473,,424687.41,17163.56,228030.1
28,28,COLOR_GROUP,1,,0.55357,0.5119,0.92473,,424687.41,17162.64,228017.93
28,28,LOAD_BALANCE,1,,0.55357,0.5119,0.92473,,424687.41,17155.17,227918.7
28,28,OPTIMIZED,1,,0.61762,0.58762,0.95143,,424783.1,3522.45,72517.82
29,29,EDD,1,,0.57952,0.51381,0.88661,,424778.97,19780.35,174439.79
29,29,COLOR_GROUP,1,,0.57952,0.51381,0.88661,,424778.97,19729.21,173988.8
29,29,LOAD_BALANCE,1,,0.57952,0.51381,0.88661,,424778.97,19766.12,174314.28
29,29,OPTIMIZED,1,,0.62762,0.59524,0.94841,,424773.38,4230.52,81997.42
30,30,EDD,1,,0.58024,0.51476,0.88716,1202.29,424641.33,19221.65,170338.74
30,30,COLOR_GROUP,1,,0.58024,0.51476,0.88716,1708.43,424641.33,19161.16,169802.72
30,30,LOAD_BALANCE,1,,0.58024,0.51476,0.88716,21.05,424641.33,19068.81,168984.36
30,30,OPTIMIZED,1,,0.62643,0.59429,0.94869,73.32,424748.74,4458.0,86881.38
31,31,EDD,1,,0.58119,0.515,0.88611,,424700.89,20998.47,184378.66
31,31,COLOR_GROUP,1,,0.58143,0.515,0.88575,,424754.08,19912.5,174287.9
31,31,LOAD_BALANCE,1,,0.58119,0.515,0.88611,,424700.89,20945.92,183917.26
31,31,OPTIMIZED,1,,0.62667,0.59381,0.94757,2714.98,424745.5,4567.06,87105.02
32,32,EDD,1,,0.57833,0.51452,0.88967,,424576.36,19095.88,173074.22
32,32,COLOR_GROUP,1,,0.57833,0.51548,0.89131,,424576.36,18932.47,174193.08
32,32,LOAD_BALANCE,1,,0.57833,0.51452,0.88967,,424576.36,19044.71,172610.45
32,32,OPTIMIZED,1,,0.6269,0.59548,0.94987,,424772.63,4133.92,82459.1
33,33,EDD,1,,0.58024,0.51381,0.88551,,424717.4,20327.31,177554.34
33,33,COLOR_GROUP,1,,0.58024,0.51381,0.88551,,424717.4,20286.97,177201.92
33,33,LOAD_BALANCE,1,,0.58024,0.51381,0.88551,,424717.4,20325.36,177537.27
33,33,OPTIMIZED,1,,0.6281,0.59476,0.94693,,424772.07,4391.22,82743.16
34,34,EDD,1,,0.58024,0.51476,0.88716,,424765.02,19831.4,175742.23
34,34,COLOR_GROUP,1,,0.58024,0.51476,0.88716,,424765.02,19809.29,175546.31
34,34,LOAD_BALANCE,1,,0.58024,0.51476,0.88716,,424765.02,19827.59,175708.48
34,34,OPTIMIZED,1,,0.62976,0.59595,0.94631,,424763.09,4107.65,76512.18
35,35,EDD,1,,0.57929,0.515,0.88903,,424682.63,19811.67,178525.15
35,35,COLOR_GROUP,1,,0.57929,0.515,0.88903,,424682.63,19805.65,178470.87
35,35,LOAD_BALANCE,1,,0.57929,0.515,0.88903,,424682.63,19810.47,178514.38
35,35,OPTIMIZED,1,,0.62786,0.59476,0.94729,,424748.73,4381.1,83114.76
36,36,EDD,1,,0.5781,0.51452,0.89003,,424520.76,18867.67,171575.69
36,36,COLOR_GROUP,1,,0.5781,0.51452,0.89003,,424520.76,18831.57,171247.38
36,36,LOAD_BALANCE,1,,0.5781,0.51452,0.89003,,424520.76,18821.61,171156.8
36,36,OPTIMIZED,1,,0.62857,0.59476,0.94621,,424782.05,4328.9,80480.89
37,37,EDD,1,,0.57238,0.51429,0.8985,,424744.46,18685.31,184096.21
37,37,COLOR_GROUP,1,,0.57238,0.51429,0.8985,,424744.46,18678.89,184033.03
37,37,LOAD_BALANCE,1,,0.57238,0.51429,0.8985,,424744.46,18676.74,184011.81
37,37,OPTIMIZED,1,,0.62643,0.595,0.94983,,424777.3,4439.6,88489.36
38,38,EDD,1,,0.57048,0.51357,0.90025,,424759.79,18840.8,188881.03
38,38,COLOR_GROUP,1,,0.57048,0.515,0.90275,,424759.79,18690.34,192197.65
38,38,LOAD_BALANCE,1,,0.57048,0.51357,0.90025,,424759.79,18792.4,188395.73
38,38,OPTIMIZED,1,,0.62548,0.59405,0.94975,,424783.74,4637.22,92287.67
39,39,EDD,1,,0.58,0.51595,0.88957,,424768.67,19221.48,174065.18
39,39,COLOR_GROUP,1,,0.58,0.51595,0.88957,,424768.67,19150.43,173421.77
39,39,LOAD_BALANCE,1,,0.58,0.51595,0.88957,,424768.67,19145.03,173372.8
39,39,OPTIMIZED,1,,0.62667,0.59357,0.94719,,424787.66,4407.26,83452.55
40,40,EDD,1,,0.5681,0.51452,0.9057,,424762.94,15590.53,165328.91
40,40,COLOR_GROUP,1,,0.5681,0.51452,0.9057,,424762.94,15342.15,162694.97
40,40,LOAD_BALANCE,1,,0.5681,0.51452,0.9057,,424762.94,15548.27,164880.78
40,40,OPTIMIZED,1,,0.62095,0.58905,0.94862,,424740.69,3443.7,67023.61
41,41,EDD,1,,0.57881,0.515,0.88976,,424794.71,19926.08,180747.37
41,41,COLOR_GROUP,1,,0.57881,0.515,0.88976,,424794.71,19486.37,176758.81
41,41,LOAD_BALANCE,1,,0.57881,0.515,0.88976,,424794.71,19817.2,179759.79
41,41,OPTIMIZED,1,,0.62881,0.59548,0.94699,,424787.19,4402.81,83055.81
42,42,EDD,1,,0.57357,0.51381,0.89581,141.9,424716.3,17815.84,170989.46
42,42,COLOR_GROUP,1,,0.57952,0.51381,0.88661,141.9,424796.72,20483.2,180638.09
42,42,LOAD_BALANCE,1,,0.57357,0.51381,0.89581,141.9,424716.3,17813.84,170970.25
42,42,OPTIMIZED,1,,0.62762,0.595,0.94803,29.68,424798.69,4368.95,84062.37
43,43,EDD,1,,0.57929,0.51452,0.8882,,424688.9,19607.58,175386.92
43,43,COLOR_GROUP,1,,0.57929,0.51571,0.89026,,424688.9,19518.04,177855.36
43,43,LOAD_BALANCE,1,,0.57929,0.51452,0.8882,,424688.9,19587.87,175210.64
43,43,OPTIMIZED,1,,0.6269,0.59405,0.94759,,424748.12,4385.65,83677.02
44,44,EDD,1,,0.57881,0.51286,0.88606,,424607.61,20204.14,177315.06
44,44,COLOR_GROUP,1,,0.57881,0.51286,0.88606,,424607.61,20176.16,177069.46
44,44,LOAD_BALANCE,1,,0.57881,0.51286,0.88606,,424607.61,20194.42,177229.77
44,44,OPTIMIZED,1,,0.6269,0.59429,0.94797,,424784.73,4410.28,84761.14
45,45,EDD,1,,0.57238,0.51524,0.90017,,424672.33,17449.46,174785.45
45,45,COLOR_GROUP,1,,0.57262,0.51524,0.89979,,424797.97,17552.51,175160.91
45,45,LOAD_BALANCE,1,,0.57238,0.51524,0.90017,,424672.33,17442.15,174712.24
45,45,OPTIMIZED,1,,0.62619,0.59595,0.95171,,424749.93,4099.12,84887.26
46,46,EDD,1,,0.56071,0.50238,0.89597,5594.07,424749.57,16455.99,158179.01
46,46,COLOR_GROUP,1,,0.56571,0.50548,0.89352,5369.63,424773.22,17348.93,162929.09
46,46,LOAD_BALANCE,1,,0.56071,0.50238,0.89597,5594.07,424749.57,16452.96,158149.9
46,46,OPTIMIZED,1,,0.60976,0.57714,0.94651,5121.37,424741.34,4369.3,81677.16
47,47,EDD,1,,0.58024,0.51429,0.88634,,424748.96,19921.05,175262.12
47,47,COLOR_GROUP,1,,0.58024,0.51476,0.88716,,424748.96,19848.77,175896.21
47,47,LOAD_BALANCE,1,,0.58024,0.51429,0.88634,,424748.96,19900.62,175082.39
47,47,OPTIMIZED,1,,0.62905,0.59548,0.94663,,424792.29,4180.48,78332.1
48,48,EDD,1,,0.57881,0.51476,0.88935,,424775.67,19388.39,175216.3
48,48,COLOR_GROUP,1,,0.57881,0.51476,0.88935,,424775.67,19294.34,174366.31
48,48,LOAD_BALANCE,1,,0.57881,0.51476,0.88935,,424775.67,19385.13,175186.85
48,48,OPTIMIZED,1,,0.62786,0.59476,0.94729,,424796.22,4344.42,82418.89
49,49,EDD,1,,0.57929,0.515,0.88903,,424688.41,19817.72,178579.65
49,49,COLOR_GROUP,1,,0.57929,0.515,0.88903,,424688.41,19795.75,178381.7
49,49,LOAD_BALANCE,1,,0.57929,0.515,0.88903,,424688.41,19807.66,178489.05
49,49,OPTIMIZED,1,,0.62857,0.59452,0.94583,,424787.9,4496.99,83021.38
50,50,EDD,1,,0.56714,0.51452,0.90722,546.69,424748.32,17039.16,183652.88
50,50,COLOR_GROUP,1,,0.56714,0.51452,0.90722,287.0,424694.76,16326.04,175966.61
50,50,LOAD_BALANCE,1,,0.56714,0.51452,0.90722,546.69,424748.32,17002.38,183256.44
50,50,OPTIMIZED,1,,0.62548,0.59238,0.94709,1214.13,424740.36,4694.04,88713.9
51,51,EDD,1,,0.57929,0.51333,0.88615,,424641.23,20024.75,175885.29
51,51,COLOR_GROUP,1,,0.57929,0.51381,0.88697,,424641.23,19952.6,176526.13
51,51,LOAD_BALANCE,1,,0.57929,0.51333,0.88615,,424641.23,20021.55,175857.15
51,51,OPTIMIZED,1,,0.62786,0.59429,0.94653,,424762.76,4372.77,81780.19
52,52,EDD,1,,0.57548,0.51452,0.89408,,424719.32,19249.58,181743.15
52,52,COLOR_GROUP,1,,0.57548,0.51452,0.89408,,424719.32,19235.63,181611.39
52,52,LOAD_BALANCE,1,,0.57548,0.51452,0.89408,,424719.32,19246.08,181710.02
52,52,OPTIMIZED,1,,0.62714,0.59452,0.94799,,424776.51,4423.78,85052.81
53,53,EDD,1,,0.58024,0.51452,0.88675,,424683.14,19939.14,176056.86
53,53,COLOR_GROUP,1,,0.58024,0.51452,0.88675,,424683.14,19899.66,175708.26
53,53,LOAD_BALANCE,1,,0.58024,0.51452,0.88675,,424683.14,19930.29,175978.65
53,53,OPTIMIZED,1,,0.62952,0.59524,0.94554,,424785.01,4360.56,80064.77
54,54,EDD,1,,0.57071,0.515,0.90238,3148.45,424734.14,16229.31,166246.36
54,54,COLOR_GROUP,1,,0.57286,0.515,0.899,3069.15,424753.79,16908.43,167414.36
54,54,LOAD_BALANCE,1,,0.57071,0.515,0.90238,3148.45,424734.14,16198.68,165932.66
54,54,OPTIMIZED,1,,0.62762,0.59381,0.94613,2878.97,424765.66,4194.21,77858.73
55,55,EDD,1,,0.58024,0.51476,0.88716,,424763.3,19899.45,176345.31
55,55,COLOR_GROUP,1,,0.58024,0.51476,0.88716,,424763.3,19868.95,176075.03
55,55,LOAD_BALANCE,1,,0.58024,0.51476,0.88716,,424763.3,19888.75,176250.48
55,55,OPTIMIZED,1,,0.6281,0.59405,0.94579,,424757.54,4461.28,82299.74
56,56,EDD,1,,0.57595,0.5131,0.89086,,424777.08,19022.4,174299.97
56,56,COLOR_GROUP,1,,0.57595,0.51357,0.89169,,424777.08,18955.74,175015.05
56,56,LOAD_BALANCE,1,,0.57595,0.5131,0.89086,,424777.08,19016.51,174246.0
56,56,OPTIMIZED,1,,0.62857,0.595,0.94659,,424760.3,4372.4,81866.2
57,57,EDD,1,,0.5781,0.51452,0.89003,,424745.43,19238.5,174947.88
57,57,COLOR_GROUP,1,,0.5781,0.51524,0.89127,,424745.43,19177.67,176376.5
57,57,LOAD_BALANCE,1,,0.5781,0.51452,0.89003,,424745.43,19231.85,174887.35
57,57,OPTIMIZED,1,,0.62714,0.59357,0.94647,,424788.06,4538.11,84775.72
58,58,EDD,1,,0.58119,0.51548,0.88693,,424763.53,19540.83,172823.03
58,58,COLOR_GROUP,1,,0.58119,0.51571,0.88734,,424763.53,19539.1,173436.19
58,58,LOAD_BALANCE,1,,0.58119,0.51548,0.88693,,424763.53,19510.04,172550.75
58,58,OPTIMIZED,1,,0.62857,0.59452,0.94583,,424782.69,4446.0,82079.92
59,59,EDD,1,,0.57881,0.51429,0.88852,,424736.45,19607.37,175887.51
59,59,COLOR_GROUP,1,,0.57881,0.51429,0.88852,,424736.45,19550.28,175375.38
59,59,LOAD_BALANCE,1,,0.57881,0.51429,0.88852,,424736.45,19604.02,175857.42
59,59,OPTIMIZED,1,,0.62762,0.59357,0.94575,,424732.87,4595.75,84716.05
60,60,EDD,1,,0.57738,0.51429,0.89072,1927.15,424735.35,19185.93,175569.36
60,60,COLOR_GROUP,1,,0.57738,0.51476,0.89155,4705.78,424735.35,18906.11,174324.44
60,60,LOAD_BALANCE,1,,0.57738,0.51429,0.89072,1672.01,424735.35,19007.16,173933.48
60,60,OPTIMIZED,1,,0.62643,0.595,0.94983,1377.64,424761.74,4087.04,81462.07
61,61,EDD,1,,0.57786,0.51476,0.89081,,424632.39,19318.99,176932.75
61,61,COLOR_GROUP,1,,0.57786,0.51476,0.89081,,424632.39,19314.19,176888.81
61,61,LOAD_BALANCE,1,,0.57786,0.51476,0.89081,,424632.39,19298.54,176745.54
61,61,OPTIMIZED,1,,0.62833,0.59595,0.94847,,424782.13,4501.08,87340.73
62,62,EDD,1,,0.57833,0.51405,0.88884,,424754.86,19788.27,178021.15
62,62,COLOR_GROUP,1,,0.57833,0.51405,0.88884,,424754.86,19774.25,177895.03
62,62,LOAD_BALANCE,1,,0.57833,0.51405,0.88884,,424754.86,19771.38,177869.17
62,62,OPTIMIZED,1,,0.62881,0.59619,0.94813,,424780.5,4245.9,81849.87
63,63,EDD,1,,0.57881,0.51405,0.88811,,424609.44,19735.35,176384.71
63,63,COLOR_GROUP,1,,0.57881,0.51405,0.88811,,424609.44,19735.66,176387.43
63,63,LOAD_BALANCE,1,,0.57881,0.51405,0.88811,,424609.44,19682.19,175909.55
63,63,OPTIMIZED,1,,0.62905,0.59548,0.94663,,424755.57,4068.92,76241.83
64,64,EDD,1,,0.57619,0.5119,0.88843,,424635.67,19349.86,173432.12
64,64,COLOR_GROUP,1,,0.57643,0.5119,0.88806,,424694.69,19463.37,173877.52
64,64,LOAD_BALANCE,1,,0.57619,0.5119,0.88843,,424635.67,19263.9,172661.66
64,64,OPTIMIZED,1,,0.62667,0.59333,0.94681,,424753.28,4401.0,82738.74
65,65,EDD,1,,0.57905,0.51476,0.88898,,424795.99,19517.0,175797.58
65,65,COLOR_GROUP,1,,0.57905,0.51476,0.88898,,424795.99,19511.23,175745.62
65,65,LOAD_BALANCE,1,,0.57905,0.51476,0.88898,,424795.99,19502.95,175670.99
65,65,OPTIMIZED,1,,0.62762,0.59357,0.94575,,424737.89,4555.61,83976.14
66,66,EDD,1,,0.57786,0.515,0.89122,,424697.18,19001.81,174687.1
66,66,COLOR_GROUP,1,,0.57786,0.51548,0.89205,,424697.18,18897.79,175056.99
66,66,LOAD_BALANCE,1,,0.57786,0.515,0.89122,,424697.18,18972.66,174419.08
66,66,OPTIMIZED,1,,0.62786,0.59524,0.94805,,424757.58,4377.3,84255.0
67,67,EDD,1,,0.57619,0.51262,0.88967,1656.17,424752.32,20740.0,187980.54
67,67,COLOR_GROUP,1,,0.57619,0.51262,0.88967,3300.59,424752.32,19939.61,180726.02
67,67,LOAD_BALANCE,1,,0.57619,0.51262,0.88967,1639.93,424752.32,20892.63,189363.94
67,67,OPTIMIZED,1,,0.62738,0.59333,0.94573,3305.86,424754.38,4643.47,85563.21
68,68,EDD,1,,0.57881,0.51548,0.89058,,424624.18,19450.08,177756.17
68,68,COLOR_GROUP,1,,0.57881,0.51548,0.89058,,424624.18,19445.46,177713.95
68,68,LOAD_BALANCE,1,,0.57881,0.51548,0.89058,,424624.18,19434.63,177614.97
68,68,OPTIMIZED,1,,0.62738,0.595,0.94839,,424742.07,4473.57,86675.34
69,69,EDD,1,,0.57833,0.515,0.89049,,424566.92,19449.21,177601.98
69,69,COLOR_GROUP,1,,0.57833,0.515,0.89049,,424566.92,19414.13,177281.68
69,69,LOAD_BALANCE,1,,0.57833,0.515,0.89049,,424566.92,19443.58,177550.55
69,69,OPTIMIZED,1,,0.62857,0.595,0.94659,,424765.59,4463.47,83571.3
70,70,EDD,1,,0.58048,0.51381,0.88515,,424777.97,20392.21,177557.89
70,70,COLOR_GROUP,1,,0.58048,0.51381,0.88515,,424777.97,20347.82,177171.4
70,70,LOAD_BALANCE,1,,0.58048,0.51381,0.88515,,424777.97,20386.53,177508.41
70,70,OPTIMIZED,1,,0.62833,0.59452,0.94619,,424778.76,4595.63,85407.55
71,71,EDD,1,,0.58167,0.51524,0.8858,,424637.51,19993.37,175067.39
71,71,COLOR_GROUP,1,,0.58167,0.51524,0.8858,,424637.51,19993.22,175066.06
71,71,LOAD_BALANCE,1,,0.58167,0.51524,0.8858,,424637.51,19982.61,174973.14
71,71,OPTIMIZED,1,,0.62833,0.59571,0.94809,,424760.8,4192.99,80768.63
72,72,EDD,1,,0.58143,0.51381,0.8837,,424709.37,20592.75,177068.68
72,72,COLOR_GROUP,1,,0.58143,0.51381,0.8837,,424709.37,20556.06,176753.17
72,72,LOAD_BALANCE,1,,0.58143,0.51381,0.8837,,424709.37,20574.13,176908.56
72,72,OPTIMIZED,1,,0.62857,0.59452,0.94583,,424782.89,4446.0,82080.04
73,73,EDD,1,,0.57881,0.51381,0.8877,,424686.1,19762.42,175979.68
73,73,COLOR_GROUP,1,,0.57881,0.51381,0.8877,,424686.1,19694.57,175375.49
73,73,LOAD_BALANCE,1,,0.57881,0.51381,0.8877,,424686.1,19751.67,175883.88
73,73,OPTIMIZED,1,,0.62667,0.59452,0.94871,,424771.0,4403.97,85861.12
74,74,EDD,1,,0.57714,0.51524,0.89274,,424775.1,18513.31,172600.99
74,74,COLOR_GROUP,1,,0.57929,0.51524,0.88944,,424669.57,19365.82,175156.31
74,74,LOAD_BALANCE,1,,0.57714,0.51524,0.89274,,424775.1,18499.14,172468.88
74,74,OPTIMIZED,1,,0.62929,0.59524,0.94589,,424739.33,4288.65,79265.0
75,75,EDD,1,,0.57357,0.51405,0.89622,,424730.53,19985.61,192581.29
75,75,COLOR_GROUP,1,,0.57357,0.51405,0.89622,,424730.53,19310.01,186071.23
75,75,LOAD_BALANCE,1,,0.57357,0.51405,0.89622,,424730.53,19973.36,192463.27
75,75,OPTIMIZED,1,,0.62381,0.59119,0.94771,417.08,424769.29,4823.12,92237.72
76,76,EDD,1,,0.5781,0.51381,0.8888,,424759.75,20723.09,186354.31
76,76,COLOR_GROUP,1,,0.5781,0.51381,0.8888,,424759.75,19746.48,177572.06
76,76,LOAD_BALANCE,1,,0.5781,0.51381,0.8888,,424759.75,20684.98,186011.57
76,76,OPTIMIZED,1,,0.62833,0.59476,0.94657,,424747.17,4565.4,85447.48
77,77,EDD,1,,0.56714,0.51381,0.90596,4153.27,424730.82,21245.1,225918.91
77,77,COLOR_GROUP,1,,0.56714,0.51381,0.90596,4011.53,424735.3,20404.18,216976.6
77,77,LOAD_BALANCE,1,,0.56714,0.51381,0.90596,4153.27,424730.82,21044.05,223780.97
77,77,OPTIMIZED,1,,0.6219,0.58952,0.94793,3914.5,424773.27,5667.13,108842.31
78,78,EDD,1,,0.57833,0.51524,0.8909,2989.35,424630.13,19712.46,180685.15
78,78,COLOR_GROUP,1,,0.57833,0.51524,0.8909,3765.76,424630.13,19200.8,175995.21
78,78,LOAD_BALANCE,1,,0.57833,0.51524,0.8909,2951.9,424630.13,19621.47,179851.11
78,78,OPTIMIZED,1,,0.62738,0.59381,0.94649,3151.11,424771.01,4448.85,83139.85
79,79,EDD,1,,0.56857,0.5069,0.89154,1445.24,424742.7,18800.44,173341.55
79,79,COLOR_GROUP,1,,0.5669,0.51381,0.90634,781.24,424578.69,16000.2,170836.23
79,79,LOAD_BALANCE,1,,0.56857,0.5069,0.89154,1445.24,424742.7,18757.56,172946.14
79,79,OPTIMIZED,1,,0.61643,0.59,0.95713,956.31,424797.04,3480.63,81183.36
80,80,EDD,1,,0.57357,0.51452,0.89705,,424665.22,17606.95,171028.82
80,80,COLOR_GROUP,1,,0.57357,0.51452,0.89705,,424665.22,17588.59,170850.43
80,80,LOAD_BALANCE,1,,0.57357,0.51452,0.89705,,424665.22,17603.38,170994.17
80,80,OPTIMIZED,1,,0.62571,0.59548,0.95167,,424729.7,4093.93,84715.39
81,81,EDD,1,,0.58214,0.51452,0.88384,,424777.17,20008.15,172253.28
81,81,COLOR_GROUP,1,,0.58214,0.51452,0.88384,,424777.17,19886.05,171202.06
81,81,LOAD_BALANCE,1,,0.58214,0.51452,0.88384,,424777.17,19983.88,172044.3
81,81,OPTIMIZED,1,,0.6281,0.59476,0.94693,,424797.39,4456.34,83970.12
82,82,EDD,1,,0.5769,0.5119,0.88733,1502.9,424619.2,19499.28,173065.0
82,82,COLOR_GROUP,1,,0.57714,0.51452,0.8915,5454.26,424762.51,19230.0,177237.71
82,82,LOAD_BALANCE,1,,0.5769,0.5119,0.88733,1442.76,424619.2,19561.66,173618.7
82,82,OPTIMIZED,1,,0.62714,0.595,0.94875,1511.22,424749.18,4315.01,84190.73
83,83,EDD,1,,0.55214,0.51381,0.93057,5844.69,424748.12,16473.92,237285.82
83,83,COLOR_GROUP,1,,0.55595,0.51381,0.9242,5383.01,424732.34,17442.95,230108.99
83,83,LOAD_BALANCE,1,,0.55214,0.51381,0.93057,5844.69,424748.12,16373.39,235837.87
83,83,OPTIMIZED,1,,0.61238,0.58262,0.9514,5440.77,424776.31,6659.74,137030.91
84,84,EDD,1,,0.57429,0.51452,0.89594,942.79,424777.64,18489.87,177679.55
84,84,COLOR_GROUP,1,,0.57429,0.515,0.89677,2387.38,424777.64,18443.82,178660.64
84,84,LOAD_BALANCE,1,,0.57429,0.51452,0.89594,208.41,424777.64,18249.61,175370.73
84,84,OPTIMIZED,1,,0.62667,0.595,0.94947,,424769.91,4398.4,87042.0
85,85,EDD,1,,0.57833,0.51405,0.88884,,424701.72,19488.79,175326.95
85,85,COLOR_GROUP,1,,0.57833,0.51405,0.88884,,424701.72,19454.07,175014.6
85,85,LOAD_BALANCE,1,,0.57833,0.51405,0.88884,,424701.72,19482.1,175266.74
85,85,OPTIMIZED,1,,0.62714,0.59405,0.94723,,424794.41,4428.97,83927.35
86,86,EDD,1,,0.57881,0.51429,0.88852,,424658.72,20202.76,181228.44
86,86,COLOR_GROUP,1,,0.57881,0.51452,0.88893,,424658.72,20158.24,181498.81
86,86,LOAD_BALANCE,1,,0.57881,0.51429,0.88852,,424658.72,20191.11,181123.98
86,86,OPTIMIZED,1,,0.62738,0.59548,0.94915,,424773.17,4273.24,84029.74
87,87,EDD,1,,0.57667,0.51476,0.89265,239.14,424754.26,19225.81,179095.79
87,87,COLOR_GROUP,1,,0.57738,0.51476,0.89155,80.44,424744.48,18934.81,174589.02
87,87,LOAD_BALANCE,1,,0.57667,0.51476,0.89265,239.14,424754.26,19224.58,179084.38
87,87,OPTIMIZED,1,,0.62714,0.59429,0.94761,,424764.05,4381.24,83624.56
88,88,EDD,1,,0.57286,0.51548,0.89983,,424746.5,17312.16,172834.23
88,88,COLOR_GROUP,1,,0.57286,0.51571,0.90025,,424746.5,17268.48,173116.52
88,88,LOAD_BALANCE,1,,0.57286,0.51548,0.89983,,424746.5,17285.31,172566.16
88,88,OPTIMIZED,1,,0.62643,0.59429,0.94869,,424739.08,4298.85,83779.8
89,89,EDD,1,,0.57833,0.515,0.89049,4003.95,424616.45,20436.75,186619.78
89,89,COLOR_GROUP,1,,0.57833,0.515,0.89049,13287.32,424616.45,19840.27,181172.99
89,89,LOAD_BALANCE,1,,0.57833,0.515,0.89049,3702.23,424616.45,20176.4,184242.42
89,89,OPTIMIZED,1,,0.62738,0.59524,0.94877,3477.36,424754.31,4363.17,85162.6
90,90,EDD,1,,0.57476,0.51452,0.89519,,424722.73,18568.97,177175.88
90,90,COLOR_GROUP,1,,0.57476,0.51452,0.89519,,424722.73,18516.92,176679.24
90,90,LOAD_BALANCE,1,,0.57476,0.51452,0.89519,,424722.73,18558.61,177076.97
90,90,OPTIMIZED,1,,0.62714,0.59429,0.94761,,424757.07,4310.38,82272.01
91,91,EDD,1,,0.58024,0.515,0.88757,,424706.47,19433.76,172847.01
91,91,COLOR_GROUP,1,,0.58024,0.515,0.88757,,424706.47,19422.1,172743.26
91,91,LOAD_BALANCE,1,,0.58024,0.515,0.88757,,424706.47,19415.98,172688.89
91,91,OPTIMIZED,1,,0.6281,0.595,0.94731,,424763.45,4198.14,79674.14
92,92,EDD,1,,0.57905,0.51476,0.88898,,424781.56,18821.24,169530.59
92,92,COLOR_GROUP,1,,0.58071,0.515,0.88684,,424762.24,19547.66,172741.85
92,92,LOAD_BALANCE,1,,0.57905,0.51476,0.88898,,424781.56,18788.8,169238.42
92,92,OPTIMIZED,1,,0.62857,0.595,0.94659,,424753.24,4371.21,81843.94
93,93,EDD,1,,0.58048,0.51548,0.88802,,424784.9,19661.14,175581.94
93,93,COLOR_GROUP,1,,0.58048,0.51548,0.88802,,424784.9,19650.26,175484.71
93,93,LOAD_BALANCE,1,,0.58048,0.51548,0.88802,,424784.9,19659.32,175565.64
93,93,OPTIMIZED,1,,0.62738,0.59429,0.94725,,424753.5,4566.39,86564.25
94,94,EDD,1,,0.57881,0.51571,0.89099,,424699.29,19699.03,180710.76
94,94,COLOR_GROUP,1,,0.57881,0.51571,0.89099,,424699.29,19678.43,180521.75
94,94,LOAD_BALANCE,1,,0.57881,0.51571,0.89099,,424699.29,19681.56,180550.43
94,94,OPTIMIZED,1,,0.62571,0.5931,0.94787,,424793.54,4543.71,87159.56
95,95,EDD,1,,0.57333,0.51476,0.89784,,424761.81,19007.1,186053.23
95,95,COLOR_GROUP,1,,0.57571,0.51476,0.89413,,424732.42,19354.01,182804.65
95,95,LOAD_BALANCE,1,,0.57333,0.51476,0.89784,,424761.81,18975.66,185745.52
95,95,OPTIMIZED,1,,0.62452,0.59357,0.95044,,424794.14,4880.89,98481.26
96,96,EDD,1,,0.56619,0.5131,0.90622,,424781.78,15484.75,165124.41
96,96,COLOR_GROUP,1,,0.56619,0.51429,0.90833,,424781.78,15408.07,168075.22
96,96,LOAD_BALANCE,1,,0.56619,0.5131,0.90622,,424781.78,15479.02,165063.31
96,96,OPTIMIZED,1,,0.625,0.59238,0.94781,,424776.8,3867.95,74112.24
97,97,EDD,1,,0.57452,0.51357,0.89391,,424744.15,20284.3,191195.39
97,97,COLOR_GROUP,1,,0.57452,0.51357,0.89391,,424744.15,20200.34,190403.99
97,97,LOAD_BALANCE,1,,0.57452,0.51357,0.89391,,424744.15,20272.95,191088.4
97,97,OPTIMIZED,1,,0.62643,0.59405,0.94831,,424775.52,4535.8,87747.69
98,98,EDD,1,,0.57786,0.51429,0.88999,,424783.44,20311.15,184626.06
98,98,COLOR_GROUP,1,,0.57786,0.51429,0.88999,,424643.54,19938.25,181236.41
98,98,LOAD_BALANCE,1,,0.57786,0.51429,0.88999,,424783.44,20225.05,183843.43
98,98,OPTIMIZED,1,,0.62786,0.595,0.94767,,424776.16,4226.56,80764.01
99,99,EDD,1,,0.56119,0.51214,0.9126,5600.35,424620.93,11840.58,135476.92
99,99,COLOR_GROUP,1,,0.56714,0.51524,0.90848,5600.35,424705.83,14269.51,155917.36
99,99,LOAD_BALANCE,1,,0.56119,0.51214,0.9126,5600.35,424620.93,11812.34,135153.84
99,99,OPTIMIZED,1,,0.62452,0.58881,0.94281,5703.91,424788.94,3560.06,62253.65
100,100,EDD,1,,0.57333,0.51405,0.89659,2686.7,424733.36,19277.02,186421.91
100,100,COLOR_GROUP,1,,0.57833,0.51405,0.88884,6142.27,424607.07,20366.22,183220.56
100,100,LOAD_BALANCE,1,,0.57357,0.51405,0.89622,2225.54,424683.58,19097.13,184019.97
100,100,OPTIMIZED,1,,0.62905,0.59548,0.94663,1814.92,424777.45,4577.0,85761.85
101,101,EDD,1,,0.58071,0.51452,0.88602,,424768.66,19865.96,174291.68
101,101,COLOR_GROUP,1,,0.58071,0.51452,0.88602,,424768.66,19854.54,174191.46
101,101,LOAD_BALANCE,1,,0.58071,0.51452,0.88602,,424768.66,19767.24,173425.53
101,101,OPTIMIZED,1,,0.62786,0.59476,0.94729,,424766.38,4358.3,82682.27
102,102,EDD,1,,0.57881,0.51524,0.89017,,424742.58,19483.84,177397.82
102,102,COLOR_GROUP,1,,0.57881,0.51524,0.89017,,424742.58,19416.32,176783.09
102,102,LOAD_BALANCE,1,,0.57881,0.51524,0.89017,,424742.58,19471.18,177282.51
102,102,OPTIMIZED,1,,0.62714,0.59452,0.94799,,424794.34,4394.39,84487.72
103,103,EDD,1,,0.56762,0.51381,0.9052,,424729.48,16551.4,174595.31
103,103,COLOR_GROUP,1,,0.56762,0.51381,0.9052,,424729.48,16550.3,174583.69
103,103,LOAD_BALANCE,1,,0.56762,0.51381,0.9052,,424729.48,16548.4,174563.68
103,103,OPTIMIZED,1,,0.6231,0.59476,0.95453,,424759.8,3960.97,87108.02
104,104,EDD,1,,0.57881,0.51548,0.89058,,424676.15,19902.25,181888.58
104,104,COLOR_GROUP,1,,0.57881,0.51548,0.89058,,424676.15,19362.27,176953.68
104,104,LOAD_BALANCE,1,,0.57881,0.51548,0.89058,,424676.15,19856.88,181474.0
104,104,OPTIMIZED,1,,0.62857,0.59476,0.94621,,424761.25,4418.72,82150.94
105,105,EDD,1,,0.56976,0.50857,0.8926,3491.56,424772.25,17159.87,159780.38
105,105,COLOR_GROUP,1,,0.57262,0.51,0.89064,3939.0,424788.76,17786.17,162645.41
105,105,LOAD_BALANCE,1,,0.5731,0.51048,0.89074,3491.56,424772.25,17820.0,163090.27
105,105,OPTIMIZED,1,,0.62333,0.59119,0.94843,2357.39,424769.64,4126.89,80031.12
106,106,EDD,1,,0.58024,0.51571,0.8888,,424665.8,19687.45,177041.76
106,106,COLOR_GROUP,1,,0.58024,0.51571,0.8888,,424665.8,19122.34,171959.92
106,106,LOAD_BALANCE,1,,0.58024,0.51571,0.8888,,424665.8,19572.14,176004.79
106,106,OPTIMIZED,1,,0.62762,0.59476,0.94765,,424741.7,4396.34,83976.41
107,107,EDD,1,,0.57952,0.51524,0.88907,,424779.11,19000.79,171288.65
107,107,COLOR_GROUP,1,,0.57952,0.51524,0.88907,,424779.11,18895.13,170336.12
107,107,LOAD_BALANCE,1,,0.57952,0.51524,0.88907,,424779.11,18983.32,171131.14
107,107,OPTIMIZED,1,,0.62881,0.59571,0.94737,,424749.77,4318.81,82057.34
108,108,EDD,1,,0.57929,0.51429,0.88779,,424720.77,20039.42,178593.1
108,108,COLOR_GROUP,1,,0.57929,0.51476,0.88861,,424720.77,19994.01,179503.39
108,108,LOAD_BALANCE,1,,0.57929,0.51429,0.88779,,424720.77,19732.46,175857.44
108,108,OPTIMIZED,1,,0.6281,0.59429,0.94617,,424752.69,4385.44,81470.35
109,109,EDD,1,,0.57405,0.51381,0.89506,,424653.93,19336.8,184272.81
109,109,COLOR_GROUP,1,,0.57476,0.51381,0.89395,,424740.76,19552.29,184372.01
109,109,LOAD_BALANCE,1,,0.57405,0.51381,0.89506,,424653.93,19332.29,184229.84
109,109,OPTIMIZED,1,,0.625,0.59476,0.95162,,424775.2,4699.76,97140.72
110,110,EDD,1,,0.58024,0.51571,0.8888,,424732.16,19564.55,175936.52
110,110,COLOR_GROUP,1,,0.58024,0.51571,0.8888,,424732.16,19573.16,176014.0
110,110,LOAD_BALANCE,1,,0.58024,0.51571,0.8888,,424732.16,19558.71,175884.08
110,110,OPTIMIZED,1,,0.62976,0.59548,0.94556,,424778.67,4361.04,80103.91
111,111,EDD,1,,0.57048,0.51524,0.90317,,424656.51,17657.99,182364.39
111,111,COLOR_GROUP,1,,0.57048,0.51524,0.90317,,424656.51,17631.43,182090.07
111,111,LOAD_BALANCE,1,,0.57048,0.51524,0.90317,,424656.51,17636.72,182144.73
111,111,OPTIMIZED,1,,0.62476,0.595,0.95236,,424756.93,4602.87,96623.43
112,112,EDD,1,,0.5769,0.515,0.8927,,424746.01,20044.14,186795.93
112,112,COLOR_GROUP,1,,0.5769,0.51524,0.89311,,424746.01,19936.03,186505.83
112,112,LOAD_BALANCE,1,,0.5769,0.515,0.8927,,424746.01,19995.33,186341.06
112,112,OPTIMIZED,1,,0.625,0.59143,0.94629,,424787.69,5064.11,94278.59
113,113,EDD,1,,0.56048,0.50786,0.90612,,419787.42,18445.28,196471.46
113,113,COLOR_GROUP,1,,0.56048,0.50786,0.90612,,419787.42,18444.87,196467.12
113,113,LOAD_BALANCE,1,,0.56048,0.50786,0.90612,,419787.42,18433.67,196347.81
113,113,OPTIMIZED,1,,0.6081,0.5769,0.94871,,419799.91,5652.63,110204.77
114,114,EDD,1,,0.57905,0.51548,0.89021,,424777.78,19038.4,173413.43
114,114,COLOR_GROUP,1,,0.57905,0.51548,0.89021,,424777.78,19035.51,173387.14
114,114,LOAD_BALANCE,1,,0.57905,0.51548,0.89021,,424777.78,19038.29,173412.44
114,114,OPTIMIZED,1,,0.62833,0.59476,0.94657,,424778.6,4376.48,81911.63
115,115,EDD,1,,0.57738,0.51405,0.89031,,424602.26,18743.76,170878.3
115,115,COLOR_GROUP,1,,0.57738,0.51476,0.89155,,424602.26,18583.68,171351.44
115,115,LOAD_BALANCE,1,,0.57738,0.51405,0.89031,,424602.26,18723.98,170697.94
115,115,OPTIMIZED,1,,0.62786,0.59429,0.94653,,424784.49,4363.31,81603.1
116,116,EDD,1,,0.57857,0.515,0.89012,,424784.11,19631.07,178664.82
116,116,COLOR_GROUP,1,,0.57857,0.515,0.89012,,424784.11,19592.43,178313.08
116,116,LOAD_BALANCE,1,,0.57857,0.515,0.89012,,424784.11,19625.72,178616.07
116,116,OPTIMIZED,1,,0.62881,0.59548,0.94699,,424781.62,4191.46,79068.99
117,117,EDD,1,,0.5819,0.515,0.88502,,424774.46,20262.99,176237.52
117,117,COLOR_GROUP,1,,0.5819,0.515,0.88502,,424774.46,20229.74,175948.33
117,117,LOAD_BALANCE,1,,0.5819,0.515,0.88502,,424774.46,20257.1,176186.33
117,117,OPTIMIZED,1,,0.62786,0.59333,0.94501,,424741.48,4540.83,82580.55
118,118,EDD,1,,0.57048,0.51429,0.9015,2930.93,424631.43,16232.29,164798.99
118,118,COLOR_GROUP,1,,0.57405,0.51429,0.89589,2880.79,424591.4,17572.7,168795.89
118,118,LOAD_BALANCE,1,,0.57048,0.51429,0.9015,2930.93,424631.43,16137.22,163833.78
118,118,OPTIMIZED,1,,0.62786,0.59595,0.94918,2962.51,424745.2,4056.99,79837.94
119,119,EDD,1,,0.5669,0.51452,0.9076,,424773.52,14348.93,155294.58
119,119,COLOR_GROUP,1,,0.5669,0.51452,0.9076,,424773.52,14308.6,154858.09
119,119,LOAD_BALANCE,1,,0.5669,0.51452,0.9076,,424773.52,14336.33,155158.23
119,119,OPTIMIZED,1,,0.62286,0.59071,0.94839,,424795.85,3207.21,62148.65
120,120,EDD,1,,0.57405,0.51214,0.89216,,424665.89,19790.39,183517.81
120,120,COLOR_GROUP,1,,0.57405,0.51214,0.89216,,424665.89,19788.31,183498.48
120,120,LOAD_BALANCE,1,,0.57405,0.51214,0.89216,,424665.89,19764.11,183274.16
120,120,OPTIMIZED,1,,0.62429,0.58786,0.94165,,424774.03,5278.29,90455.38
121,121,EDD,1,,0.56548,0.51524,0.91116,,424602.81,13255.73,149205.5
121,121,COLOR_GROUP,1,,0.56548,0.51524,0.91116,,424602.81,13255.73,149205.5
121,121,LOAD_BALANCE,1,,0.56548,0.51524,0.91116,,424602.81,13233.14,148951.17
121,121,OPTIMIZED,1,,0.615,0.59214,0.96283,,424791.39,2309.45,62138.72
122,122,EDD,1,,0.57952,0.51405,0.88702,,424782.26,20887.68,184874.92
122,122,COLOR_GROUP,1,,0.57952,0.51405,0.88702,,424740.56,20213.86,178911.06
122,122,LOAD_BALANCE,1,,0.57952,0.51405,0.88702,,424782.26,20834.69,184405.98
122,122,OPTIMIZED,1,,0.62714,0.59405,0.94723,,424790.92,4579.68,86783.29
123,123,EDD,1,,0.57619,0.51429,0.89256,,424793.08,19864.61,184893.67
123,123,COLOR_GROUP,1,,0.57619,0.51429,0.89256,,424793.08,19863.88,184886.88
123,123,LOAD_BALANCE,1,,0.57619,0.51429,0.89256,,424793.08,19840.52,184669.48
123,123,OPTIMIZED,1,,0.6269,0.59381,0.94721,,424749.99,4537.09,85943.56
124,124,EDD,1,,0.57595,0.51452,0.89334,1479.62,424648.94,18721.43,175531.57
124,124,COLOR_GROUP,1,,0.57738,0.51452,0.89113,1374.88,424757.25,18547.5,170370.04
124,124,LOAD_BALANCE,1,,0.57595,0.51452,0.89334,1479.62,424648.94,18655.37,174912.18
124,124,OPTIMIZED,1,,0.6281,0.59524,0.94769,1400.13,424767.51,4259.52,81424.68
125,125,EDD,1,,0.565,0.51405,0.90982,,424708.51,18844.93,208967.4
125,125,COLOR_GROUP,1,,0.565,0.51429,0.91024,,424708.51,18441.14,205449.89
125,125,LOAD_BALANCE,1,,0.565,0.51405,0.90982,,424708.51,18797.69,208443.54
125,125,OPTIMIZED,1,,0.62619,0.59548,0.95095,,424763.29,4462.55,90980.63
126,126,EDD,1,,0.57,0.51429,0.90226,,424662.98,19171.51,196139.25
126,126,COLOR_GROUP,1,,0.57,0.51452,0.90267,,424662.98,19163.86,196902.48
126,126,LOAD_BALANCE,1,,0.57,0.51429,0.90226,,424662.98,18915.26,193517.66
126,126,OPTIMIZED,1,,0.62405,0.59167,0.94811,,424776.28,5064.7,97607.25
127,127,EDD,1,,0.55738,0.51214,0.91884,,424705.05,17994.2,221707.52
127,127,COLOR_GROUP,1,,0.55738,0.51214,0.91884,,424705.05,17979.39,221524.99
127,127,LOAD_BALANCE,1,,0.55738,0.51214,0.91884,,424705.05,17984.61,221589.27
127,127,OPTIMIZED,1,,0.62405,0.58714,0.94086,,424763.24,4763.72,80552.96
128,128,EDD,1,,0.57357,0.51429,0.89664,,424716.97,18551.58,179480.95
128,128,COLOR_GROUP,1,,0.57357,0.51429,0.89664,,424602.67,18529.22,179264.66
128,128,LOAD_BALANCE,1,,0.57357,0.51429,0.89664,,424716.97,18485.35,178840.17
128,128,OPTIMIZED,1,,0.62571,0.59238,0.94673,,424761.86,4603.32,86410.94
129,129,EDD,1,,0.57357,0.51381,0.89581,,424702.98,19148.01,183775.16
129,129,COLOR_GROUP,1,,0.57357,0.51381,0.89581,,424702.98,19128.46,183587.46
129,129,LOAD_BALANCE,1,,0.57357,0.51381,0.89581,,424702.98,19098.78,183302.59
129,129,OPTIMIZED,1,,0.62643,0.59357,0.94755,,424743.48,4564.69,87026.71
130,130,EDD,1,,0.54619,0.4981,0.91194,,424765.65,13449.83,152742.16
130,130,COLOR_GROUP,1,,0.54619,0.4981,0.91194,,424765.65,13355.54,151671.34
130,130,LOAD_BALANCE,1,,0.54619,0.4981,0.91194,,424765.65,13314.17,151201.52
130,130,OPTIMIZED,1,,0.60929,0.57738,0.94764,,424745.88,4418.93,84388.44
131,131,EDD,1,,0.57929,0.51452,0.8882,,424657.8,19493.84,174369.53
131,131,COLOR_GROUP,1,,0.57929,0.51452,0.8882,,424657.8,19487.79,174315.38
131,131,LOAD_BALANCE,1,,0.57929,0.51452,0.8882,,424657.8,19419.42,173703.85
131,131,OPTIMIZED,1,,0.62714,0.59381,0.94685,,424752.03,4516.99,84983.87
132,132,EDD,1,,0.57476,0.51429,0.89478,,424682.3,19285.03,183283.72
132,132,COLOR_GROUP,1,,0.57571,0.51429,0.8933,,424763.91,18971.25,177800.29
132,132,LOAD_BALANCE,1,,0.57476,0.51429,0.89478,,424682.3,19273.27,183171.95
132,132,OPTIMIZED,1,,0.62762,0.595,0.94803,,424782.49,4316.03,83044.23
133,133,EDD,1,,0.58143,0.51357,0.88329,,424699.27,20514.67,175778.35
133,133,COLOR_GROUP,1,,0.58143,0.51357,0.88329,,424699.27,20510.61,175743.54
133,133,LOAD_BALANCE,1,,0.58143,0.51357,0.88329,,424699.27,20502.15,175671.07
133,133,OPTIMIZED,1,,0.62762,0.59381,0.94613,,424745.47,4396.54,81614.61
134,134,EDD,1,,0.5581,0.51452,0.92193,,424700.94,15611.09,199958.39
134,134,COLOR_GROUP,1,,0.5581,0.51452,0.92193,,424700.94,15611.0,199957.29
134,134,LOAD_BALANCE,1,,0.5581,0.51452,0.92193,,424700.94,15608.1,199920.13
134,134,OPTIMIZED,1,,0.62262,0.58952,0.94685,,424786.86,4685.37,88145.55
135,135,EDD,1,,0.57048,0.51071,0.89524,2516.76,424592.34,16952.27,161823.27
135,135,COLOR_GROUP,1,,0.57881,0.51476,0.88935,2296.47,424675.68,18831.89,170187.09
135,135,LOAD_BALANCE,1,,0.57048,0.51071,0.89524,2081.71,424592.34,16725.59,159659.43
135,135,OPTIMIZED,1,,0.6219,0.58952,0.94793,1358.72,424763.22,4278.84,82178.89
136,136,EDD,1,,0.56262,0.51333,0.9124,,424721.1,17362.02,198195.4
136,136,COLOR_GROUP,1,,0.56262,0.51333,0.9124,,424721.1,17193.96,196276.98
136,136,LOAD_BALANCE,1,,0.56262,0.51333,0.9124,,424721.1,17357.34,198142.02
136,136,OPTIMIZED,1,,0.62024,0.59143,0.95355,,424747.95,4547.94,97912.34
137,137,EDD,1,,0.57476,0.51452,0.89519,,424796.27,18440.58,175950.88
137,137,COLOR_GROUP,1,,0.57476,0.51452,0.89519,,424796.27,18438.61,175932.0
137,137,LOAD_BALANCE,1,,0.57476,0.51452,0.89519,,424796.27,18439.33,175938.86
137,137,OPTIMIZED,1,,0.62548,0.59405,0.94975,,424785.08,4412.86,87822.59
138,138,EDD,1,,0.57952,0.51452,0.88784,,424761.48,19434.53,173273.47
138,138,COLOR_GROUP,1,,0.57952,0.51452,0.88784,,424761.48,19432.09,173251.71
138,138,LOAD_BALANCE,1,,0.57952,0.51452,0.88784,,424761.48,19418.59,173131.29
138,138,OPTIMIZED,1,,0.62857,0.59405,0.94508,,424759.5,4612.28,83975.25
139,139,EDD,1,,0.57571,0.51452,0.89371,,424749.42,19271.24,181314.59
139,139,COLOR_GROUP,1,,0.57595,0.51452,0.89334,,424770.43,19390.26,181802.46
139,139,LOAD_BALANCE,1,,0.57571,0.51452,0.89371,,424749.42,19266.6,181270.99
139,139,OPTIMIZED,1,,0.62881,0.59548,0.94699,,424740.48,4296.25,81045.72
140,140,EDD,1,,0.565,0.51286,0.90771,,424786.86,12708.55,137704.99
140,140,COLOR_GROUP,1,,0.565,0.515,0.9115,,424786.86,12296.06,138945.5
140,140,LOAD_BALANCE,1,,0.565,0.51286,0.90771,,424786.86,12700.25,137615.01
140,140,OPTIMIZED,1,,0.60667,0.58333,0.96154,,424781.59,2388.2,62093.19
141,141,EDD,1,,0.5719,0.51405,0.89883,,424777.95,17793.62,175885.9
141,141,COLOR_GROUP,1,,0.5719,0.51405,0.89883,,424777.95,17793.55,175885.18
141,141,LOAD_BALANCE,1,,0.5719,0.51405,0.89883,,424777.95,17777.38,175725.35
141,141,OPTIMIZED,1,,0.62333,0.59333,0.95187,,424757.73,3982.21,82741.47
142,142,EDD,1,,0.58119,0.51476,0.8857,,424635.84,20284.55,177471.62
142,142,COLOR_GROUP,1,,0.58119,0.51476,0.8857,,424635.84,20280.88,177439.5
142,142,LOAD_BALANCE,1,,0.58119,0.51476,0.8857,,424635.84,20222.93,176932.48
142,142,OPTIMIZED,1,,0.62786,0.59476,0.94729,,424750.86,4397.08,83417.9
143,143,EDD,1,,0.5769,0.51429,0.89146,,424558.93,19974.57,184024.27
143,143,COLOR_GROUP,1,,0.57833,0.51429,0.88925,,424678.75,19859.66,179327.6
143,143,LOAD_BALANCE,1,,0.5769,0.51429,0.89146,,424558.93,19939.78,183703.76
143,143,OPTIMIZED,1,,0.62762,0.59452,0.94727,,424794.0,4474.96,84863.2
144,144,EDD,1,,0.56857,0.51381,0.90369,1614.91,424648.52,16501.15,171324.95
144,144,COLOR_GROUP,1,,0.57952,0.51381,0.88661,923.06,424782.99,20024.91,176596.48
144,144,LOAD_BALANCE,1,,0.56857,0.51381,0.90369,1614.91,424648.52,16495.47,171266.02
144,144,OPTIMIZED,1,,0.62548,0.59262,0.94747,1051.47,424762.1,4431.73,84363.4
145,145,EDD,1,,0.57667,0.515,0.89306,,424719.66,19157.31,179146.74
145,145,COLOR_GROUP,1,,0.57667,0.515,0.89306,,424719.66,19119.98,178797.64
145,145,LOAD_BALANCE,1,,0.57667,0.515,0.89306,,424719.66,19109.01,178695.05
145,145,OPTIMIZED,1,,0.6269,0.5931,0.94607,,424782.68,4639.64,86029.47
146,146,EDD,1,,0.57952,0.51595,0.8903,,424774.2,19361.54,176501.84
146,146,COLOR_GROUP,1,,0.58143,0.51595,0.88739,,424793.41,20179.77,179196.37
146,146,LOAD_BALANCE,1,,0.57952,0.51595,0.8903,,424774.2,19352.32,176417.79
146,146,OPTIMIZED,1,,0.62333,0.59476,0.95416,,424746.34,3488.39,76105.1
147,147,EDD,1,,0.58167,0.51524,0.8858,,424724.38,20094.38,175951.87
147,147,COLOR_GROUP,1,,0.58167,0.51548,0.88621,,424724.38,20005.58,175804.4
147,147,LOAD_BALANCE,1,,0.58167,0.51524,0.8858,,424724.38,20091.14,175923.49
147,147,OPTIMIZED,1,,0.62786,0.59452,0.94691,,424742.5,4432.48,83488.94
148,148,EDD,1,,0.57905,0.51524,0.8898,,424750.65,19148.84,173768.57
148,148,COLOR_GROUP,1,,0.57905,0.51524,0.8898,,424750.65,19109.21,173408.91
148,148,LOAD_BALANCE,1,,0.57905,0.51524,0.8898,,424750.65,19144.45,173728.7
148,148,OPTIMIZED,1,,0.62762,0.59381,0.94613,,424746.99,4360.68,80948.91
149,149,EDD,1,,0.555,0.51524,0.92836,6970.03,424667.91,10295.03,143698.83
149,149,COLOR_GROUP,1,,0.555,0.51524,0.92836,6356.71,424686.91,10128.19,141370.08
149,149,LOAD_BALANCE,1,,0.555,0.51524,0.92836,6970.03,424667.91,10270.14,143351.53
149,149,OPTIMIZED,1,,0.62071,0.5869,0.94553,5893.49,424789.38,4141.92,76042.09
150,150,EDD,1,,0.55738,0.51333,0.92097,,424664.29,13384.63,169369.86
150,150,COLOR_GROUP,1,,0.55738,0.51333,0.92097,,424664.29,13364.12,169110.34
150,150,LOAD_BALANCE,1,,0.55738,0.51333,0.92097,,424664.29,13376.11,169262.07
150,150,OPTIMIZED,1,,0.61429,0.58571,0.95349,,424753.45,5030.99,108166.35
151,151,EDD,1,,0.57452,0.51571,0.89764,,424726.21,16936.8,165459.53
151,151,COLOR_GROUP,1,,0.57452,0.51571,0.89764,,424726.21,16567.0,161846.86
151,151,LOAD_BALANCE,1,,0.57452,0.51571,0.89764,,424726.21,16891.13,165013.37
151,151,OPTIMIZED,1,,0.62333,0.59024,0.94691,,424772.48,4448.32,83781.94
152,152,EDD,1,,0.56952,0.51214,0.89925,,424785.57,17345.75,172161.97
152,152,COLOR_GROUP,1,,0.57548,0.515,0.89491,,424798.07,18835.0,179229.15
152,152,LOAD_BALANCE,1,,0.56952,0.51214,0.89925,,424785.57,17344.35,172148.11
152,152,OPTIMIZED,1,,0.62333,0.58952,0.94576,,424786.69,4578.17,84405.9
153,153,EDD,1,,0.55929,0.50548,0.90379,,424759.41,14465.57,150352.35
153,153,COLOR_GROUP,1,,0.55929,0.50595,0.90464,,424759.41,14447.74,151507.78
153,153,LOAD_BALANCE,1,,0.55929,0.50548,0.90379,,424759.41,14464.96,150345.97
153,153,OPTIMIZED,1,,0.61571,0.5819,0.94509,,424788.06,4634.13,84393.45
154,154,EDD,1,,0.57143,0.51429,0.9,4952.67,424690.96,18117.71,181177.1
154,154,COLOR_GROUP,1,,0.57571,0.51429,0.8933,4482.73,424798.01,19246.35,180378.57
154,154,LOAD_BALANCE,1,,0.57143,0.51429,0.9,4952.67,424690.96,18074.58,180745.8
154,154,OPTIMIZED,1,,0.62143,0.59119,0.95134,4363.19,424790.75,4307.29,88519.87
155,155,EDD,1,,0.57881,0.51548,0.89058,1146.19,424601.68,19326.01,176622.29
155,155,COLOR_GROUP,1,,0.57881,0.51571,0.89099,3074.95,424601.68,19225.5,176366.79
155,155,LOAD_BALANCE,1,,0.57881,0.51548,0.89058,934.26,424601.68,19196.39,175437.65
155,155,OPTIMIZED,1,,0.62833,0.595,0.94695,825.47,424750.12,4427.23,83453.21
156,156,EDD,1,,0.56571,0.51405,0.90867,,424785.01,17863.53,195593.33
156,156,COLOR_GROUP,1,,0.56571,0.51405,0.90867,,424785.01,17840.83,195344.73
156,156,LOAD_BALANCE,1,,0.56571,0.51405,0.90867,,424785.01,17838.45,195318.72
156,156,OPTIMIZED,1,,0.61952,0.59429,0.95926,,424790.42,5101.66,125231.37
157,157,EDD,1,,0.57405,0.51452,0.89631,,424688.21,19473.44,187801.88
157,157,COLOR_GROUP,1,,0.57405,0.51476,0.89672,,424688.21,19472.87,188550.6
157,157,LOAD_BALANCE,1,,0.57405,0.51452,0.89631,,424688.21,19441.2,187490.92
157,157,OPTIMIZED,1,,0.6269,0.59595,0.95063,,424787.54,4398.24,89081.29
158,158,EDD,1,,0.57905,0.51548,0.89021,555.52,424797.55,19132.78,174273.13
158,158,COLOR_GROUP,1,,0.57905,0.51548,0.89021,142.82,424797.55,19081.01,173801.57
158,158,LOAD_BALANCE,1,,0.57905,0.51548,0.89021,,424797.55,19025.53,173296.18
158,158,OPTIMIZED,1,,0.6281,0.595,0.94731,,424753.04,4368.78,82912.45
159,159,EDD,1,,0.57024,0.51286,0.89937,,424758.37,17342.9,172349.59
159,159,COLOR_GROUP,1,,0.57024,0.51333,0.90021,,424758.37,16133.89,161676.41
159,159,LOAD_BALANCE,1,,0.57024,0.51286,0.89937,,424758.37,17298.66,171909.89
159,159,OPTIMIZED,1,,0.62238,0.58905,0.94644,,424757.88,4420.43,82535.71
160,160,EDD,1,,0.5769,0.51452,0.89187,,424752.86,19414.48,179546.92
160,160,COLOR_GROUP,1,,0.57714,0.51452,0.8915,,424699.05,19266.56,177574.67
160,160,LOAD_BALANCE,1,,0.5769,0.51452,0.89187,,424752.86,19412.69,179530.34
160,160,OPTIMIZED,1,,0.6269,0.5919,0.94417,,424766.45,4590.62,82225.11
161,161,EDD,1,,0.58048,0.5131,0.88392,131.76,424788.91,20573.02,177233.29
161,161,COLOR_GROUP,1,,0.58048,0.51333,0.88433,677.23,424788.91,20531.71,177504.65
161,161,LOAD_BALANCE,1,,0.58048,0.51357,0.88474,131.76,424788.91,20142.27,174757.5
161,161,OPTIMIZED,1,,0.62833,0.59452,0.94619,,424780.91,4392.94,81640.66
162,162,EDD,1,,0.56905,0.51429,0.90377,,424765.26,18522.08,192468.58
162,162,COLOR_GROUP,1,,0.56905,0.51429,0.90377,,424765.26,18459.49,191818.23
162,162,LOAD_BALANCE,1,,0.56905,0.51429,0.90377,,424765.26,18462.24,191846.73
162,162,OPTIMIZED,1,,0.62667,0.59548,0.95023,,424758.45,4486.45,90139.92
163,163,EDD,1,,0.58,0.51619,0.88998,,424751.25,19356.32,175940.32
163,163,COLOR_GROUP,1,,0.58,0.51619,0.88998,,424751.25,19343.38,175822.69
163,163,LOAD_BALANCE,1,,0.58,0.51619,0.88998,,424751.25,19345.8,175844.62
163,163,OPTIMIZED,1,,0.6281,0.59476,0.94693,,424759.89,4277.36,80597.61
164,164,EDD,1,,0.57667,0.51381,0.891,,424777.49,19432.2,178275.68
164,164,COLOR_GROUP,1,,0.5769,0.51381,0.89063,,424789.88,19424.78,177608.48
164,164,LOAD_BALANCE,1,,0.57667,0.51381,0.891,,424777.49,19394.39,177928.8
164,164,OPTIMIZED,1,,0.62643,0.59381,0.94793,,424745.35,4305.27,82680.07
165,165,EDD,1,,0.53119,0.49381,0.92963,15481.37,424709.86,5360.15,76168.79
165,165,COLOR_GROUP,1,,0.54286,0.51405,0.94693,15999.99,424702.34,4930.91,92912.94
165,165,LOAD_BALANCE,1,,0.53119,0.49381,0.92963,15390.28,424709.86,5242.96,74503.48
165,165,OPTIMIZED,1,,0.60024,0.55405,0.92305,15678.24,424767.48,2783.9,36176.34
166,166,EDD,1,,0.57476,0.51357,0.89354,,424674.16,19252.85,180841.93
166,166,COLOR_GROUP,1,,0.57476,0.51357,0.89354,,424674.16,19244.57,180764.17
166,166,LOAD_BALANCE,1,,0.57476,0.51357,0.89354,,424674.16,19251.26,180826.98
166,166,OPTIMIZED,1,,0.62905,0.59548,0.94663,,424779.43,4280.02,80197.29
167,167,EDD,1,,0.57595,0.51452,0.89334,,424777.32,18548.76,173912.56
167,167,COLOR_GROUP,1,,0.57595,0.51452,0.89334,,424777.32,18441.76,172909.37
167,167,LOAD_BALANCE,1,,0.57595,0.51452,0.89334,,424777.32,18517.42,173618.73
167,167,OPTIMIZED,1,,0.62667,0.59405,0.94795,,424741.52,4355.68,83679.84
168,168,EDD,1,,0.57929,0.51381,0.88697,,424646.22,19893.6,176004.07
168,168,COLOR_GROUP,1,,0.57929,0.51381,0.88697,,424646.22,19868.27,175780.0
168,168,LOAD_BALANCE,1,,0.57929,0.51381,0.88697,,424646.22,19872.33,175815.96
168,168,OPTIMIZED,1,,0.62881,0.59548,0.94699,,424767.67,4379.45,82615.15
169,169,EDD,1,,0.57881,0.51405,0.88811,148.09,424655.36,19610.43,175268.26
169,169,COLOR_GROUP,1,,0.57905,0.51429,0.88816,1177.12,424796.12,19679.9,175961.41
169,169,LOAD_BALANCE,1,,0.57881,0.51405,0.88811,,424655.36,19565.68,174868.24
169,169,OPTIMIZED,1,,0.62714,0.59405,0.94723,,424754.13,4452.67,84376.53
170,170,EDD,1,,0.58048,0.51429,0.88597,,424755.87,19797.27,173617.81
170,170,COLOR_GROUP,1,,0.58048,0.51429,0.88597,,424755.87,19677.25,172565.22
170,170,LOAD_BALANCE,1,,0.58048,0.51429,0.88597,,424755.87,19749.04,173194.82
170,170,OPTIMIZED,1,,0.62857,0.59429,0.94545,,424749.78,4303.2,78892.07
171,171,EDD,1,,0.57238,0.51452,0.89892,,424744.35,16031.38,158598.54
171,171,COLOR_GROUP,1,,0.57929,0.51452,0.8882,,424662.45,19219.89,171919.1
171,171,LOAD_BALANCE,1,,0.57238,0.51452,0.89892,,424744.35,16030.97,158594.42
171,171,OPTIMIZED,1,,0.61952,0.59405,0.95888,881.4,424796.53,2854.95,69426.02
172,172,EDD,1,,0.5769,0.51381,0.89063,,424589.63,18346.11,167745.78
172,172,COLOR_GROUP,1,,0.58,0.51381,0.88588,,424783.39,19850.55,173942.2
172,172,LOAD_BALANCE,1,,0.5769,0.51381,0.89063,,424589.63,18342.78,167715.29
172,172,OPTIMIZED,1,,0.62714,0.59476,0.94837,,424758.9,4372.33,84681.76
173,173,EDD,1,,0.57595,0.51143,0.88797,,424759.57,20416.97,182245.9
173,173,COLOR_GROUP,1,,0.57595,0.51143,0.88797,,424759.57,20171.06,180050.91
173,173,LOAD_BALANCE,1,,0.57595,0.51143,0.88797,,424759.57,20404.71,182136.51
173,173,OPTIMIZED,1,,0.62738,0.59405,0.94687,,424796.16,4451.75,83788.36
174,174,EDD,1,,0.57786,0.51476,0.89081,,424678.46,19153.45,175416.73
174,174,COLOR_GROUP,1,,0.57786,0.51476,0.89081,,424678.46,19143.01,175321.03
174,174,LOAD_BALANCE,1,,0.57786,0.51476,0.89081,,424678.46,19150.64,175390.92
174,174,OPTIMIZED,1,,0.62952,0.59548,0.94592,,424746.86,4182.32,77329.11
175,175,EDD,1,,0.56714,0.51381,0.90596,,424713.21,15923.83,169332.86
175,175,COLOR_GROUP,1,,0.56714,0.51381,0.90596,,424713.21,15890.14,168974.59
175,175,LOAD_BALANCE,1,,0.56714,0.51381,0.90596,,424713.21,15844.12,168485.2
175,175,OPTIMIZED,1,,0.62333,0.595,0.95455,,424791.46,4108.76,90392.76
176,176,EDD,1,,0.57643,0.5131,0.89013,,424680.37,19696.22,179265.2
176,176,COLOR_GROUP,1,,0.57643,0.5131,0.89013,,424680.37,19277.79,175456.89
176,176,LOAD_BALANCE,1,,0.57643,0.5131,0.89013,,424680.37,19678.79,179106.57
176,176,OPTIMIZED,1,,0.6269,0.59405,0.94759,,424755.16,4380.08,83570.63
177,177,EDD,1,,0.57952,0.51071,0.88127,1222.98,424766.36,19864.67,167303.16
177,177,COLOR_GROUP,1,,0.57952,0.51452,0.88784,2575.42,424766.36,19382.49,172809.49
177,177,LOAD_BALANCE,1,,0.57952,0.51071,0.88127,,424766.36,19718.39,166071.12
177,177,OPTIMIZED,1,,0.62714,0.58976,0.94039,,424786.52,4804.96,80613.21
178,178,EDD,1,,0.57881,0.51452,0.88893,,424735.25,19377.56,174469.81
178,178,COLOR_GROUP,1,,0.57881,0.51452,0.88893,,424735.25,19370.63,174407.42
178,178,LOAD_BALANCE,1,,0.57881,0.51452,0.88893,,424735.25,19340.07,174132.25
178,178,OPTIMIZED,1,,0.6281,0.59452,0.94655,,424786.68,4350.59,81396.08
179,179,EDD,1,,0.56952,0.51524,0.90468,,424687.59,14875.7,156064.39
179,179,COLOR_GROUP,1,,0.56952,0.51524,0.90468,,424687.59,14873.94,156045.87
179,179,LOAD_BALANCE,1,,0.56952,0.51524,0.90468,,424687.59,14872.98,156035.81
179,179,OPTIMIZED,1,,0.62095,0.59476,0.95782,,424741.47,2981.87,70697.37
180,180,EDD,1,,0.57929,0.51429,0.88779,,424688.72,20346.46,181329.47
180,180,COLOR_GROUP,1,,0.57929,0.51429,0.88779,,424688.72,20342.73,181296.18
180,180,LOAD_BALANCE,1,,0.57929,0.51429,0.88779,,424688.72,20344.17,181309.07
180,180,OPTIMIZED,1,,0.6281,0.59524,0.94769,,424776.56,4395.95,84032.81
181,181,EDD,1,,0.57048,0.51333,0.89983,469.38,424763.94,16490.3,164628.11
181,181,COLOR_GROUP,1,,0.57881,0.51452,0.88893,139.48,424680.67,19437.4,175008.61
181,181,LOAD_BALANCE,1,,0.57048,0.51333,0.89983,469.38,424763.94,16446.35,164189.38
181,181,OPTIMIZED,1,,0.62476,0.59095,0.94588,,424770.87,4482.8,82837.0
182,182,EDD,1,,0.57929,0.51571,0.89026,,424723.23,19065.88,173735.13
182,182,COLOR_GROUP,1,,0.57929,0.51571,0.89026,,424723.23,19021.4,173329.88
182,182,LOAD_BALANCE,1,,0.57929,0.51571,0.89026,,424723.23,19048.63,173578.0
182,182,OPTIMIZED,1,,0.62786,0.595,0.94767,,424767.88,4392.34,83931.87
183,183,EDD,1,,0.57476,0.51476,0.89561,,424792.96,19441.03,186232.76
183,183,COLOR_GROUP,1,,0.57476,0.515,0.89602,,424792.96,19422.47,186796.17
183,183,LOAD_BALANCE,1,,0.57476,0.51476,0.89561,,424792.96,19415.31,185986.35
183,183,OPTIMIZED,1,,0.62786,0.59429,0.94653,,424763.88,4457.36,83362.04
184,184,EDD,1,,0.57833,0.51571,0.89172,,424795.97,19400.46,179177.63
184,184,COLOR_GROUP,1,,0.57833,0.51571,0.89172,,424795.97,19396.0,179136.44
184,184,LOAD_BALANCE,1,,0.57833,0.51571,0.89172,,424795.97,19400.35,179176.62
184,184,OPTIMIZED,1,,0.62881,0.59571,0.94737,,424798.9,4225.37,80281.98
185,185,EDD,1,,0.57738,0.5131,0.88866,,424722.6,19772.96,177590.43
185,185,COLOR_GROUP,1,,0.57738,0.5131,0.88866,,424722.6,19445.39,174648.38
185,185,LOAD_BALANCE,1,,0.57738,0.5131,0.88866,,424722.6,19765.35,177522.13
185,185,OPTIMIZED,1,,0.6269,0.59357,0.94683,,424750.15,4593.84,86397.06
186,186,EDD,1,,0.56952,0.51452,0.90343,,424691.67,18584.01,192437.0
186,186,COLOR_GROUP,1,,0.56952,0.51452,0.90343,,424691.67,18578.19,192376.79
186,186,LOAD_BALANCE,1,,0.56952,0.51452,0.90343,,424691.67,18579.21,192387.28
186,186,OPTIMIZED,1,,0.62619,0.59429,0.94905,,424752.57,4546.18,89227.28
187,187,EDD,1,,0.55357,0.51524,0.93075,,424735.78,13842.92,199905.55
187,187,COLOR_GROUP,1,,0.55357,0.51524,0.93075,,424735.78,13829.68,199714.29
187,187,LOAD_BALANCE,1,,0.55357,0.51524,0.93075,,424735.78,13829.62,199713.4
187,187,OPTIMIZED,1,,0.615,0.59167,0.96206,,424790.41,3743.87,98677.67
188,188,EDD,1,,0.58143,0.51619,0.8878,,424793.47,19306.1,172063.87
188,188,COLOR_GROUP,1,,0.58143,0.51619,0.8878,,424793.47,19301.6,172023.77
188,188,LOAD_BALANCE,1,,0.58143,0.51619,0.8878,,424793.47,19303.94,172044.59
188,188,OPTIMIZED,1,,0.62762,0.59524,0.94841,,424798.55,4297.24,83290.66
189,189,EDD,1,,0.57738,0.51357,0.88948,,424781.26,19344.66,175040.33
189,189,COLOR_GROUP,1,,0.57738,0.51357,0.88948,,424781.26,19341.58,175012.43
189,189,LOAD_BALANCE,1,,0.57738,0.51357,0.88948,,424781.26,19339.82,174996.47
189,189,OPTIMIZED,1,,0.62738,0.59476,0.94801,,424784.67,4420.61,85024.16
190,190,EDD,1,,0.58,0.51452,0.88711,,424775.82,19862.45,175945.22
190,190,COLOR_GROUP,1,,0.58,0.51452,0.88711,,424775.82,19857.79,175903.9
190,190,LOAD_BALANCE,1,,0.58,0.51452,0.88711,,424775.82,19849.89,175833.95
190,190,OPTIMIZED,1,,0.62833,0.59452,0.94619,,424761.07,4294.75,79815.86
191,191,EDD,1,,0.57667,0.51452,0.89224,,424761.44,19587.93,181770.0
191,191,COLOR_GROUP,1,,0.57667,0.51452,0.89224,,424761.44,19585.55,181747.9
191,191,LOAD_BALANCE,1,,0.57667,0.51452,0.89224,,424761.44,19583.5,181728.83
191,191,OPTIMIZED,1,,0.6269,0.59524,0.94949,,424764.97,4155.41,82264.66
192,192,EDD,1,,0.58,0.51429,0.8867,,424746.75,20129.39,177663.75
192,192,COLOR_GROUP,1,,0.58,0.51429,0.8867,,424746.75,20076.6,177197.78
192,192,LOAD_BALANCE,1,,0.58,0.51429,0.8867,,424746.75,20099.45,177399.46
192,192,OPTIMIZED,1,,0.62738,0.59429,0.94725,,424758.22,4451.14,84379.52
193,193,EDD,1,,0.57833,0.51405,0.88884,,424689.14,19593.2,176266.21
193,193,COLOR_GROUP,1,,0.57833,0.51405,0.88884,,424689.14,19592.74,176262.11
193,193,LOAD_BALANCE,1,,0.57833,0.51405,0.88884,,424689.14,19503.99,175463.7
193,193,OPTIMIZED,1,,0.62738,0.595,0.94839,,424780.68,4277.5,82876.58
194,194,EDD,1,,0.58024,0.51571,0.8888,,424676.2,18981.19,170690.62
194,194,COLOR_GROUP,1,,0.58024,0.51571,0.8888,,424676.2,18926.01,170194.43
194,194,LOAD_BALANCE,1,,0.58024,0.51571,0.8888,,424676.2,18940.54,170325.03
194,194,OPTIMIZED,1,,0.62833,0.59476,0.94657,,424780.01,4267.29,79868.01
195,195,EDD,1,,0.58048,0.51524,0.88761,,424713.65,19295.58,171688.38
195,195,COLOR_GROUP,1,,0.58048,0.51524,0.88761,,424713.65,19271.99,171478.48
195,195,LOAD_BALANCE,1,,0.58048,0.51524,0.88761,,424713.65,19293.54,171670.25
195,195,OPTIMIZED,1,,0.62881,0.59548,0.94699,,424788.57,4318.06,81457.08
196,196,EDD,1,,0.57833,0.51429,0.88925,,424636.4,19483.08,175927.18
196,196,COLOR_GROUP,1,,0.57881,0.51429,0.88852,,424686.27,19715.83,176860.44
196,196,LOAD_BALANCE,1,,0.57833,0.51429,0.88925,,424636.4,19462.74,175743.5
196,196,OPTIMIZED,1,,0.62929,0.59595,0.94703,,424789.61,4254.13,80311.84
197,197,EDD,1,,0.58024,0.51405,0.88593,,424781.42,20370.15,178568.57
197,197,COLOR_GROUP,1,,0.58024,0.51405,0.88593,,424781.42,20361.19,178489.96
197,197,LOAD_BALANCE,1,,0.58024,0.51405,0.88593,,424781.42,20367.98,178549.56
197,197,OPTIMIZED,1,,0.62786,0.59452,0.94691,,424793.53,4399.58,82869.25
198,198,EDD,1,,0.57905,0.51095,0.8824,,424791.25,20306.07,172672.64
198,198,COLOR_GROUP,1,,0.57905,0.515,0.88939,,424791.25,19751.09,178567.47
198,198,LOAD_BALANCE,1,,0.57905,0.51095,0.8824,,424791.25,20219.52,171936.59
198,198,OPTIMIZED,1,,0.62857,0.59571,0.94773,,424751.93,4210.38,80546.36
199,199,EDD,1,,0.565,0.51571,0.91277,2418.1,424703.64,14591.12,167269.2
199,199,COLOR_GROUP,1,,0.57048,0.51571,0.90401,1852.75,424722.82,16987.43,176964.68
199,199,LOAD_BALANCE,1,,0.565,0.51571,0.91277,2418.1,424703.64,14589.98,167256.11
199,199,OPTIMIZED,1,,0.62429,0.59143,0.94737,1710.72,424783.08,4831.61,91800.57
200,200,EDD,1,,0.57643,0.515,0.89343,1174.46,424675.61,18526.37,173846.3
200,200,COLOR_GROUP,1,,0.57881,0.51548,0.89058,1010.72,424737.43,19082.32,174395.19
200,200,LOAD_BALANCE,1,,0.57643,0.515,0.89343,1174.46,424675.61,18489.8,173503.16
200,200,OPTIMIZED,1,,0.62762,0.595,0.94803,749.64,424791.04,4245.68,81690.63
201,201,EDD,1,,0.57881,0.51476,0.88935,,424774.44,19397.59,175299.4
201,201,COLOR_GROUP,1,,0.57881,0.51476,0.88935,,424774.44,19367.22,175024.97
201,201,LOAD_BALANCE,1,,0.57881,0.51476,0.88935,,424774.44,19395.51,175280.59
201,201,OPTIMIZED,1,,0.62857,0.59595,0.94811,,424777.42,4302.1,82901.77
202,202,EDD,1,,0.57881,0.51381,0.8877,,424692.92,19623.45,174742.11
202,202,COLOR_GROUP,1,,0.57881,0.51381,0.8877,,424692.92,19555.21,174134.45
202,202,LOAD_BALANCE,1,,0.57881,0.51381,0.8877,,424692.92,19540.11,174000.01
202,202,OPTIMIZED,1,,0.62643,0.59429,0.94869,,424775.74,4457.59,86873.39
203,203,EDD,1,,0.57333,0.51524,0.89867,1197.34,424654.51,17566.4,173360.25
203,203,COLOR_GROUP,1,,0.57595,0.51548,0.895,520.3,424733.42,17878.97,170272.52
203,203,LOAD_BALANCE,1,,0.57333,0.51524,0.89867,231.0,424654.51,17382.03,171540.69
203,203,OPTIMIZED,1,,0.62714,0.59333,0.94609,182.3,424774.98,4294.9,79667.41
204,204,EDD,1,,0.57881,0.51381,0.8877,,424751.69,19576.39,174323.1
204,204,COLOR_GROUP,1,,0.57881,0.51381,0.8877,,424751.69,19567.21,174241.32
204,204,LOAD_BALANCE,1,,0.57881,0.51381,0.8877,,424751.69,19573.51,174297.49
204,204,OPTIMIZED,1,,0.6281,0.59476,0.94693,,424765.6,4427.05,83418.31
205,205,EDD,1,,0.58,0.51452,0.88711,,424777.97,20017.52,177318.82
205,205,COLOR_GROUP,1,,0.58,0.51452,0.88711,,424777.97,20004.46,177203.13
205,205,LOAD_BALANCE,1,,0.58,0.51452,0.88711,,424777.97,19937.38,176608.97
205,205,OPTIMIZED,1,,0.62738,0.59476,0.94801,,424765.74,4445.93,85511.23
206,206,EDD,1,,0.58024,0.515,0.88757,,424725.48,20168.87,179385.13
206,206,COLOR_GROUP,1,,0.58024,0.515,0.88757,,424725.48,19762.99,175775.22
206,206,LOAD_BALANCE,1,,0.58024,0.515,0.88757,,424725.48,20030.76,178156.82
206,206,OPTIMIZED,1,,0.62905,0.59595,0.94739,,424798.61,4240.55,80600.89
207,207,EDD,1,,0.57786,0.5131,0.88793,,424764.0,20419.21,182196.43
207,207,COLOR_GROUP,1,,0.57786,0.5131,0.88793,,424764.0,19902.07,177582.08
207,207,LOAD_BALANCE,1,,0.57786,0.5131,0.88793,,424764.0,20360.9,181676.16
207,207,OPTIMIZED,1,,0.62667,0.59262,0.94567,,424781.45,4751.93,87462.09
208,208,EDD,1,,0.57881,0.515,0.88976,,424676.63,19641.85,178169.12
208,208,COLOR_GROUP,1,,0.57881,0.515,0.88976,,424676.63,19589.58,177695.06
208,208,LOAD_BALANCE,1,,0.57881,0.515,0.88976,,424676.63,19635.61,178112.57
208,208,OPTIMIZED,1,,0.62762,0.59405,0.94651,,424778.78,4459.36,83367.81
209,209,EDD,1,,0.57905,0.51405,0.88775,,424786.47,20062.07,178721.43
209,209,COLOR_GROUP,1,,0.58143,0.51405,0.88411,,424758.03,20761.73,179152.49
209,209,LOAD_BALANCE,1,,0.57905,0.51405,0.88775,,424786.47,19993.38,178109.51
209,209,OPTIMIZED,1,,0.62881,0.59524,0.94661,,424799.37,4387.26,82175.65
210,210,EDD,1,,0.58143,0.51881,0.8923,,424757.75,19118.87,177522.01
210,210,COLOR_GROUP,1,,0.58143,0.51881,0.8923,,424757.75,19123.11,177561.34
210,210,LOAD_BALANCE,1,,0.58143,0.51881,0.8923,,424757.75,19104.12,177385.05
210,210,OPTIMIZED,1,,0.62929,0.59548,0.94627,,424779.71,4196.0,78098.82
211,211,EDD,1,,0.58071,0.51381,0.88479,,424798.29,19800.97,171866.75
211,211,COLOR_GROUP,1,,0.58071,0.51381,0.88479,,424798.29,19761.39,171523.22
211,211,LOAD_BALANCE,1,,0.58071,0.51381,0.88479,,424798.29,19776.28,171652.48
211,211,OPTIMIZED,1,,0.62857,0.595,0.94659,,424768.63,4463.39,83569.82
212,212,EDD,1,,0.54833,0.48857,0.89101,32693.64,424708.38,12501.4,114704.08
212,212,COLOR_GROUP,1,,0.55333,0.51,0.92169,3281.18,424736.28,14425.6,184203.76
212,212,LOAD_BALANCE,1,,0.54833,0.48857,0.89101,32693.64,424708.38,12475.34,114464.94
212,212,OPTIMIZED,1,,0.62119,0.58238,0.93752,3451.67,424757.41,4893.69,78329.07
213,213,EDD,1,,0.57714,0.51548,0.89315,,424757.96,18795.31,175906.7
213,213,COLOR_GROUP,1,,0.57714,0.51548,0.89315,,424757.96,18794.95,175903.33
213,213,LOAD_BALANCE,1,,0.57714,0.51548,0.89315,,424757.96,18795.26,175906.18
213,213,OPTIMIZED,1,,0.62786,0.595,0.94767,,424792.0,4293.12,82035.88
214,214,EDD,1,,0.57238,0.51548,0.90058,,423662.32,17043.41,171432.42
214,214,COLOR_GROUP,1,,0.57238,0.51571,0.901,,423662.32,17013.72,171852.85
214,214,LOAD_BALANCE,1,,0.57238,0.51548,0.90058,,423662.32,16980.66,170801.25
214,214,OPTIMIZED,1,,0.62357,0.59,0.94616,,423521.88,4365.38,81084.61
215,215,EDD,1,,0.57667,0.51429,0.89182,,424743.21,20351.23,188132.32
215,215,COLOR_GROUP,1,,0.57667,0.51429,0.89182,,424743.21,20345.34,188077.95
215,215,LOAD_BALANCE,1,,0.57667,0.51429,0.89182,,424743.21,20349.57,188117.03
215,215,OPTIMIZED,1,,0.62476,0.5919,0.94741,,424773.15,4940.99,93950.5
216,216,EDD,1,,0.58024,0.51476,0.88716,,424719.74,19877.69,176152.45
216,216,COLOR_GROUP,1,,0.58024,0.51476,0.88716,,424719.74,19867.22,176059.7
216,216,LOAD_BALANCE,1,,0.58024,0.51476,0.88716,,424719.74,19833.19,175758.12
216,216,OPTIMIZED,1,,0.62857,0.59452,0.94583,,424742.15,4286.83,79141.52
217,217,EDD,1,,0.57952,0.51357,0.8862,,424798.65,21020.49,184707.1
217,217,COLOR_GROUP,1,,0.57952,0.51357,0.8862,,424798.65,19836.45,174302.97
217,217,LOAD_BALANCE,1,,0.57952,0.51357,0.8862,,424798.65,20730.33,182157.5
217,217,OPTIMIZED,1,,0.62762,0.59381,0.94613,27.36,424792.25,5389.96,100055.89
218,218,EDD,1,,0.58024,0.51405,0.88593,,424681.13,20534.04,180005.25
218,218,COLOR_GROUP,1,,0.58024,0.51405,0.88593,,424681.13,20526.02,179934.9
218,218,LOAD_BALANCE,1,,0.58024,0.51405,0.88593,,424681.13,20528.59,179957.45
218,218,OPTIMIZED,1,,0.62786,0.59357,0.94539,,424772.61,4684.4,85783.13
219,219,EDD,1,,0.57929,0.51238,0.8845,,424781.73,21119.43,182859.72
219,219,COLOR_GROUP,1,,0.57929,0.51238,0.8845,,424781.73,21117.5,182843.02
219,219,LOAD_BALANCE,1,,0.57929,0.51238,0.8845,,424781.73,21076.03,182483.94
219,219,OPTIMIZED,1,,0.62714,0.59333,0.94609,,424764.81,4640.83,86084.2
220,220,EDD,1,,0.57738,0.51405,0.89031,,424744.7,19222.15,175239.57
220,220,COLOR_GROUP,1,,0.57738,0.51405,0.89031,,424744.7,19220.3,175222.66
220,220,LOAD_BALANCE,1,,0.57738,0.51405,0.89031,,424744.7,19217.42,175196.41
220,220,OPTIMIZED,1,,0.62905,0.59595,0.94739,,424765.25,4160.26,79074.79
221,221,EDD,1,,0.57571,0.51405,0.89289,,424720.18,18859.06,176066.42
221,221,COLOR_GROUP,1,,0.57571,0.51405,0.89289,,424720.18,18857.19,176048.96
221,221,LOAD_BALANCE,1,,0.57714,0.51405,0.89068,,424757.03,19580.56,179106.73
221,221,OPTIMIZED,1,,0.62786,0.595,0.94767,,424799.29,4467.72,85372.38
222,222,EDD,1,,0.54833,0.51524,0.93964,13105.36,424685.52,10089.22,167161.66
222,222,COLOR_GROUP,1,,0.55214,0.51524,0.93316,13105.36,424709.86,11855.0,177366.11
222,222,LOAD_BALANCE,1,,0.54833,0.51524,0.93964,13105.36,424685.52,10076.6,166952.52
222,222,OPTIMIZED,1,,0.6081,0.57452,0.94479,14728.89,424770.51,4318.53,78223.62
223,223,EDD,1,,0.56929,0.51357,0.90213,,424799.15,17266.5,176428.22
223,223,COLOR_GROUP,1,,0.57048,0.51357,0.90025,,424773.36,17522.89,175668.85
223,223,LOAD_BALANCE,1,,0.56929,0.51357,0.90213,,424799.15,17248.63,176245.66
223,223,OPTIMIZED,1,,0.62452,0.5931,0.94968,,424740.86,4065.27,80781.89
224,224,EDD,1,,0.56667,0.51476,0.9084,,424765.33,15387.42,167991.1
224,224,COLOR_GROUP,1,,0.56667,0.51476,0.9084,,424765.33,15249.05,166480.49
224,224,LOAD_BALANCE,1,,0.56667,0.51476,0.9084,,424765.33,15377.89,167887.09
224,224,OPTIMIZED,1,,0.62357,0.595,0.95418,,424785.31,3909.81,85331.54
225,225,EDD,1,,0.5719,0.51429,0.89925,,424770.91,18161.21,180261.29
225,225,COLOR_GROUP,1,,0.5719,0.51429,0.89925,,424770.91,18161.33,180262.45
225,225,LOAD_BALANCE,1,,0.5719,0.51429,0.89925,,424770.91,18154.55,180195.2
225,225,OPTIMIZED,1,,0.62643,0.59571,0.95097,,424794.43,4195.77,85574.18
226,226,EDD,1,,0.57405,0.51143,0.89092,,424601.31,18983.8,174030.17
226,226,COLOR_GROUP,1,,0.57405,0.51143,0.89092,,424601.31,18949.21,173713.12
226,226,LOAD_BALANCE,1,,0.57405,0.51143,0.89092,,424601.31,18973.29,173933.82
226,226,OPTIMIZED,1,,0.62429,0.59024,0.94546,,424768.95,4577.86,83938.08
227,227,EDD,1,,0.5769,0.51357,0.89022,,424715.4,19608.92,178618.07
227,227,COLOR_GROUP,1,,0.5769,0.51381,0.89063,,424715.4,19591.82,179135.81
227,227,LOAD_BALANCE,1,,0.5769,0.51357,0.89022,,424715.4,19606.7,178597.83
227,227,OPTIMIZED,1,,0.62786,0.59476,0.94729,,424760.98,4378.36,83062.81
228,228,EDD,1,,0.57786,0.515,0.89122,,424662.41,18826.86,173078.72
228,228,COLOR_GROUP,1,,0.57786,0.515,0.89122,,424662.41,18799.07,172823.26
228,228,LOAD_BALANCE,1,,0.57786,0.515,0.89122,,424662.41,18826.39,173074.39
228,228,OPTIMIZED,1,,0.6281,0.59524,0.94769,,424752.92,4217.95,80630.01
229,229,EDD,1,,0.57405,0.51548,0.89797,,424585.29,17477.27,171291.5
229,229,COLOR_GROUP,1,,0.57429,0.51548,0.8976,,424795.77,17453.41,170435.78
229,229,LOAD_BALANCE,1,,0.57405,0.51548,0.89797,,424585.29,17459.95,171121.73
229,229,OPTIMIZED,1,,0.6269,0.59595,0.95063,,424794.06,3726.33,75472.51
230,230,EDD,1,,0.57595,0.51381,0.8921,,424756.93,18836.9,174584.13
230,230,COLOR_GROUP,1,,0.57595,0.51381,0.8921,,424756.93,18746.88,173749.81
230,230,LOAD_BALANCE,1,,0.57595,0.51381,0.8921,,424756.93,18758.61,173858.53
230,230,OPTIMIZED,1,,0.62762,0.59452,0.94727,,424766.01,4348.19,82459.28
231,231,EDD,1,,0.56405,0.51452,0.9122,,424798.42,18125.74,206441.76
231,231,COLOR_GROUP,1,,0.56405,0.51452,0.9122,,424798.42,18089.48,206028.73
231,231,LOAD_BALANCE,1,,0.56405,0.51452,0.9122,,424798.42,18120.15,206378.03
231,231,OPTIMIZED,1,,0.62262,0.58976,0.94723,,424770.37,4677.84,88641.76
232,232,EDD,1,,0.58,0.51524,0.88834,,424777.15,19700.51,176435.45
232,232,COLOR_GROUP,1,,0.58,0.51524,0.88834,,424777.15,19549.27,175080.93
232,232,LOAD_BALANCE,1,,0.58,0.51524,0.88834,,424777.15,19685.62,176302.13
232,232,OPTIMIZED,1,,0.6281,0.59429,0.94617,,424777.14,4540.11,84343.79
233,233,EDD,1,,0.57738,0.515,0.89196,,424753.57,19016.22,176008.87
233,233,COLOR_GROUP,1,,0.57881,0.515,0.88976,,424709.02,19373.62,175736.06
233,233,LOAD_BALANCE,1,,0.57738,0.515,0.89196,,424753.57,19012.73,175976.63
233,233,OPTIMIZED,1,,0.62833,0.59524,0.94733,,424740.35,4191.33,79575.05
234,234,EDD,1,,0.54976,0.515,0.93677,8833.41,424712.37,6690.41,105809.24
234,234,COLOR_GROUP,1,,0.56167,0.51595,0.91861,18268.3,424709.81,13051.74,160359.67
234,234,LOAD_BALANCE,1,,0.54952,0.515,0.93718,8566.78,424746.76,6515.21,103704.14
234,234,OPTIMIZED,1,,0.61833,0.59167,0.95687,8222.69,424772.98,3665.71,84998.57
235,235,EDD,1,,0.565,0.51286,0.90771,,424624.82,20812.39,225515.02
235,235,COLOR_GROUP,1,,0.56762,0.51286,0.90352,,424772.23,20488.92,212372.1
235,235,LOAD_BALANCE,1,,0.565,0.51286,0.90771,,424624.82,20745.87,224794.31
235,235,OPTIMIZED,1,,0.62119,0.59071,0.95094,,424777.37,5814.73,118520.61
236,236,EDD,1,,0.56548,0.51452,0.90989,,424708.83,18590.35,206318.16
236,236,COLOR_GROUP,1,,0.56548,0.51452,0.90989,,424708.83,18588.62,206298.95
236,236,LOAD_BALANCE,1,,0.56548,0.51452,0.90989,,424708.83,18590.16,206316.07
236,236,OPTIMIZED,1,,0.625,0.59476,0.95162,,424753.32,4674.08,96609.99
237,237,EDD,1,,0.56714,0.51262,0.90386,2254.0,424684.84,22053.5,229394.97
237,237,COLOR_GROUP,1,,0.56714,0.51262,0.90386,2248.42,424700.26,20244.44,210577.57
237,237,LOAD_BALANCE,1,,0.56714,0.51262,0.90386,2254.0,424684.84,21968.23,228507.93
237,237,OPTIMIZED,1,,0.62381,0.5919,0.94885,3291.62,424748.67,5481.62,107177.95
238,238,EDD,1,,0.58,0.51524,0.88834,,424787.53,19311.24,172949.17
238,238,COLOR_GROUP,1,,0.58,0.51524,0.88834,,424787.53,19299.14,172840.82
238,238,LOAD_BALANCE,1,,0.58,0.51524,0.88834,,424787.53,19306.88,172910.18
238,238,OPTIMIZED,1,,0.62929,0.59619,0.94741,,424748.23,4133.69,78599.57
239,239,EDD,1,,0.5769,0.51524,0.89311,,424726.65,18874.5,176574.97
239,239,COLOR_GROUP,1,,0.5769,0.51524,0.89311,,424726.65,18467.57,172767.99
239,239,LOAD_BALANCE,1,,0.5769,0.51524,0.89311,,424726.65,18825.85,176119.8
239,239,OPTIMIZED,1,,0.6281,0.59476,0.94693,,424759.63,4284.84,80738.67
240,240,EDD,1,,0.57476,0.50571,0.87987,2314.51,424733.51,21183.73,176336.32
240,240,COLOR_GROUP,1,,0.57571,0.50952,0.88503,2205.48,424758.71,20724.99,180262.69
240,240,LOAD_BALANCE,1,,0.57476,0.50571,0.87987,2314.51,424733.51,21122.54,175826.95
240,240,OPTIMIZED,1,,0.625,0.58905,0.94248,2342.39,424775.23,5138.69,89331.49
241,241,EDD,1,,0.57905,0.51262,0.88528,,424796.08,20780.32,181138.82
241,241,COLOR_GROUP,1,,0.57905,0.51262,0.88528,,424796.08,20372.25,177581.77
241,241,LOAD_BALANCE,1,,0.57905,0.51262,0.88528,,424796.08,20736.8,180759.45
241,241,OPTIMIZED,1,,0.6269,0.59214,0.94455,,424798.0,4747.29,85613.88
242,242,EDD,1,,0.57881,0.51357,0.88729,,424742.86,20228.62,179473.61
242,242,COLOR_GROUP,1,,0.57881,0.51405,0.88811,,424742.86,19539.55,174634.68
242,242,LOAD_BALANCE,1,,0.57881,0.51357,0.88729,,424742.86,20160.35,178867.92
242,242,OPTIMIZED,1,,0.62714,0.59429,0.94761,,424799.04,4347.5,82980.46
243,243,EDD,1,,0.57952,0.51476,0.88825,,424744.57,20251.08,181217.4
243,243,COLOR_GROUP,1,,0.57952,0.515,0.88866,,424744.57,19439.0,174592.39
243,243,LOAD_BALANCE,1,,0.57952,0.51476,0.88825,,424744.57,20198.26,180744.75
243,243,OPTIMIZED,1,,0.62762,0.595,0.94803,,424756.97,4209.21,80988.89
244,244,EDD,1,,0.57667,0.51405,0.89141,,424779.63,19339.34,178098.38
244,244,COLOR_GROUP,1,,0.57667,0.51405,0.89141,,424779.63,19301.85,177753.13
244,244,LOAD_BALANCE,1,,0.57667,0.51405,0.89141,,424779.63,19248.81,177264.75
244,244,OPTIMIZED,1,,0.62738,0.59381,0.94649,,424767.65,4483.72,83791.53
245,245,EDD,1,,0.57595,0.51524,0.89458,,424717.31,18929.13,179566.91
245,245,COLOR_GROUP,1,,0.57595,0.51548,0.895,,424717.31,18882.97,179834.24
245,245,LOAD_BALANCE,1,,0.57595,0.51524,0.89458,,424717.31,18915.99,179442.23
245,245,OPTIMIZED,1,,0.62571,0.59429,0.94977,,424736.62,4513.99,89869.54
246,246,EDD,1,,0.57405,0.51405,0.89548,,424596.3,19748.66,188944.53
246,246,COLOR_GROUP,1,,0.57405,0.51405,0.89548,,424596.3,18970.55,181500.02
246,246,LOAD_BALANCE,1,,0.57405,0.51405,0.89548,,424596.3,19666.07,188154.34
246,246,OPTIMIZED,1,,0.62357,0.59381,0.95227,,424763.8,4885.11,102352.73
247,247,EDD,1,,0.57548,0.515,0.89491,501.3,424635.39,17568.0,167172.7
247,247,COLOR_GROUP,1,,0.58024,0.515,0.88757,409.81,424690.9,19634.02,174628.12
247,247,LOAD_BALANCE,1,,0.57548,0.515,0.89491,501.3,424635.39,17562.61,167121.4
247,247,OPTIMIZED,1,,0.62762,0.59452,0.94727,154.92,424771.88,4495.03,85243.79
248,248,EDD,1,,0.57786,0.51214,0.88628,,424623.03,19997.16,175844.6
248,248,COLOR_GROUP,1,,0.57786,0.51548,0.89205,,424623.03,19744.28,182898.37
248,248,LOAD_BALANCE,1,,0.57786,0.51214,0.88628,,424623.03,19917.18,175141.27
248,248,OPTIMIZED,1,,0.62929,0.59548,0.94627,,424778.72,4444.26,82719.64
249,249,EDD,1,,0.5769,0.51381,0.89063,,424748.38,18855.75,172405.58
249,249,COLOR_GROUP,1,,0.5769,0.51381,0.89063,,424748.38,18819.21,172071.54
249,249,LOAD_BALANCE,1,,0.5769,0.51381,0.89063,,424748.38,18829.51,172165.64
249,249,OPTIMIZED,1,,0.625,0.59238,0.94781,,424793.49,4292.04,82237.94
250,250,EDD,1,,0.58071,0.51452,0.88602,,424729.27,19916.32,174733.45
250,250,COLOR_GROUP,1,,0.58071,0.51452,0.88602,,424729.27,19888.21,174486.88
250,250,LOAD_BALANCE,1,,0.58071,0.51452,0.88602,,424729.27,19913.23,174706.35
250,250,OPTIMIZED,1,,0.62738,0.59476,0.94801,,424787.14,4359.74,83853.38
251,251,EDD,1,,0.57595,0.51119,0.88756,,424683.48,20010.64,177962.31
251,251,COLOR_GROUP,1,,0.57595,0.51095,0.88714,,424683.48,19947.46,176750.53
251,251,LOAD_BALANCE,1,,0.57595,0.51119,0.88756,,424683.48,19988.52,177765.58
251,251,OPTIMIZED,1,,0.62524,0.58952,0.94288,,424768.74,5044.27,88308.3
252,252,EDD,1,,0.58071,0.51143,0.88069,2645.81,424706.41,19980.27,167463.49
252,252,COLOR_GROUP,1,,0.58071,0.51619,0.88889,8677.57,424706.41,19284.86,173563.76
252,252,LOAD_BALANCE,1,,0.58071,0.51238,0.88233,2290.09,424706.41,19685.7,167294.16
252,252,OPTIMIZED,1,,0.62786,0.595,0.94767,2348.98,424770.69,4276.62,81720.64
253,253,EDD,1,,0.58095,0.51476,0.88607,,424758.1,20176.06,177084.8
253,253,COLOR_GROUP,1,,0.58095,0.51476,0.88607,,424758.1,20051.15,175988.49
253,253,LOAD_BALANCE,1,,0.58095,0.51476,0.88607,,424758.1,20128.14,176664.28
253,253,OPTIMIZED,1,,0.62857,0.59476,0.94621,,424761.06,4498.76,83638.87
254,254,EDD,1,,0.57833,0.51381,0.88843,,424749.96,19544.11,175175.8
254,254,COLOR_GROUP,1,,0.57833,0.51381,0.88843,,424749.96,19518.11,174942.74
254,254,LOAD_BALANCE,1,,0.57833,0.51381,0.88843,,424749.96,19541.13,175149.06
254,254,OPTIMIZED,1,,0.6281,0.59357,0.94503,,424779.02,4481.85,81538.84
255,255,EDD,1,,0.57476,0.51381,0.89395,,424767.08,19491.0,183794.06
255,255,COLOR_GROUP,1,,0.57476,0.51381,0.89395,,424767.08,19446.3,183372.5
255,255,LOAD_BALANCE,1,,0.57476,0.51381,0.89395,,424767.08,19490.98,183793.83
255,255,OPTIMIZED,1,,0.62476,0.59357,0.95008,,424763.33,4663.49,93412.13
256,256,EDD,1,,0.57119,0.51167,0.89579,,424766.83,17431.12,167269.07
256,256,COLOR_GROUP,1,,0.57119,0.51167,0.89579,,424766.83,17428.76,167246.42
256,256,LOAD_BALANCE,1,,0.57119,0.51167,0.89579,,424766.83,17397.51,166946.51
256,256,OPTIMIZED,1,,0.6219,0.58881,0.94678,,424757.09,4428.03,83208.75
257,257,EDD,1,,0.58,0.51429,0.8867,,424774.89,20479.15,180750.79
257,257,COLOR_GROUP,1,,0.58,0.51429,0.8867,,424774.89,20456.37,180549.69
257,257,LOAD_BALANCE,1,,0.58,0.51429,0.8867,,424774.89,20465.55,180630.7
257,257,OPTIMIZED,1,,0.6269,0.59452,0.94835,,424786.14,4376.67,84733.61
258,258,EDD,1,,0.56262,0.51452,0.91452,,424719.87,15187.55,177664.24
258,258,COLOR_GROUP,1,,0.56262,0.51452,0.91452,,424719.87,15168.62,177442.82
258,258,LOAD_BALANCE,1,,0.56262,0.51452,0.91452,,424719.87,15176.97,177540.52
258,258,OPTIMIZED,1,,0.61619,0.59119,0.95943,,424795.18,4997.22,123169.64
259,259,EDD,1,,0.56167,0.50952,0.90716,,424738.03,19679.68,211983.43
259,259,COLOR_GROUP,1,,0.56167,0.50952,0.90716,,424738.03,19643.71,211595.9
259,259,LOAD_BALANCE,1,,0.56167,0.50952,0.90716,,424738.03,19674.22,211924.58
259,259,OPTIMIZED,1,,0.62571,0.59095,0.94444,,424783.08,4735.48,85238.56
260,260,EDD,1,,0.565,0.51452,0.91066,,424701.68,17994.44,201418.87
260,260,COLOR_GROUP,1,,0.565,0.51452,0.91066,,424701.68,17134.79,191796.5
260,260,LOAD_BALANCE,1,,0.565,0.51452,0.91066,,424701.68,17965.27,201092.41
260,260,OPTIMIZED,1,,0.62,0.59333,0.95699,,424764.04,4942.18,114905.69
261,261,EDD,1,,0.57833,0.51571,0.89172,,424622.69,19360.56,178809.16
261,261,COLOR_GROUP,1,,0.57833,0.51595,0.89214,,424622.69,19293.41,178869.04
261,261,LOAD_BALANCE,1,,0.57833,0.51571,0.89172,,424622.69,19340.53,178624.15
261,261,OPTIMIZED,1,,0.62714,0.59571,0.94989,,424797.57,4100.75,81828.59
262,262,EDD,1,,0.58,0.51357,0.88547,,424757.13,20141.17,175856.22
262,262,COLOR_GROUP,1,,0.58,0.51357,0.88547,,424757.13,20080.45,175326.08
262,262,LOAD_BALANCE,1,,0.58,0.51357,0.88547,,424757.13,20134.23,175795.65
262,262,OPTIMIZED,1,,0.62857,0.59548,0.94735,,424779.26,4304.51,81754.78
263,263,EDD,1,,0.58048,0.51524,0.88761,,424753.1,19190.83,170756.34
263,263,COLOR_GROUP,1,,0.58048,0.51524,0.88761,,424753.1,19188.39,170734.69
263,263,LOAD_BALANCE,1,,0.58048,0.51524,0.88761,,424753.1,19180.66,170665.89
263,263,OPTIMIZED,1,,0.62786,0.59595,0.94918,,424783.21,4216.91,82984.93
264,264,EDD,1,,0.57405,0.51429,0.89589,,424688.2,18051.8,173397.97
264,264,COLOR_GROUP,1,,0.57405,0.51429,0.89589,,424688.2,18032.53,173212.91
264,264,LOAD_BALANCE,1,,0.57405,0.51429,0.89589,,424688.2,17992.65,172829.76
264,264,OPTIMIZED,1,,0.62405,0.59119,0.94735,,424762.34,4047.81,76878.98
265,265,EDD,1,,0.57833,0.51429,0.88925,,424743.12,19282.08,174112.21
265,265,COLOR_GROUP,1,,0.57833,0.51429,0.88925,,424743.12,19278.77,174082.26
265,265,LOAD_BALANCE,1,,0.57833,0.51429,0.88925,,424743.12,19269.42,173997.86
265,265,OPTIMIZED,1,,0.62714,0.59452,0.94799,,424795.28,4268.29,82063.23
266,266,EDD,1,,0.5769,0.51524,0.89311,,424787.96,19480.36,182242.95
266,266,COLOR_GROUP,1,,0.5769,0.51571,0.89393,,424787.96,19450.61,183380.7
266,266,LOAD_BALANCE,1,,0.5769,0.51524,0.89311,,424787.96,19460.6,182058.03
266,266,OPTIMIZED,1,,0.625,0.59333,0.94933,,424761.98,4639.64,91571.86
267,267,EDD,1,,0.57881,0.51524,0.89017,,424687.96,19478.04,177344.98
267,267,COLOR_GROUP,1,,0.57881,0.51524,0.89017,,424687.96,19480.43,177366.72
267,267,LOAD_BALANCE,1,,0.57881,0.51524,0.89017,,424687.96,19458.97,177171.39
267,267,OPTIMIZED,1,,0.62762,0.59381,0.94613,,424779.63,4485.69,83269.54
268,268,EDD,1,,0.58,0.51548,0.88875,536.56,424758.78,19677.61,176880.66
268,268,COLOR_GROUP,1,,0.58024,0.51548,0.88839,23.12,424721.85,19760.39,177044.37
268,268,LOAD_BALANCE,1,,0.58,0.51548,0.88875,,424758.78,19412.17,174494.66
268,268,OPTIMIZED,1,,0.62786,0.59452,0.94691,,424736.97,4506.0,84873.65
269,269,EDD,1,,0.57881,0.51476,0.88935,,424660.86,19476.9,176016.14
269,269,COLOR_GROUP,1,,0.57881,0.51476,0.88935,,424660.86,19475.09,175999.77
269,269,LOAD_BALANCE,1,,0.57881,0.51476,0.88935,,424660.86,19460.65,175869.28
269,269,OPTIMIZED,1,,0.62833,0.59571,0.94809,,424765.24,4327.35,83356.77
270,270,EDD,1,,0.57357,0.51357,0.89539,,424680.5,20366.06,194689.82
270,270,COLOR_GROUP,1,,0.57357,0.51357,0.89539,,424680.5,20309.71,194151.16
270,270,LOAD_BALANCE,1,,0.57357,0.51357,0.89539,,424680.5,20346.2,194499.97
270,270,OPTIMIZED,1,,0.62429,0.59167,0.94775,,424770.64,5242.44,100333.37
271,271,EDD,1,,0.57595,0.51429,0.89293,,424667.32,19608.56,183139.42
271,271,COLOR_GROUP,1,,0.57595,0.51429,0.89293,,424667.32,19558.36,182670.54
271,271,LOAD_BALANCE,1,,0.57595,0.51429,0.89293,,424667.32,19605.3,183109.0
271,271,OPTIMIZED,1,,0.62619,0.59262,0.94639,,424754.14,4768.42,88942.89
272,272,EDD,1,,0.57881,0.51452,0.88893,,424641.44,20269.58,182501.3
272,272,COLOR_GROUP,1,,0.57881,0.51452,0.88893,,424641.44,19480.2,175393.92
272,272,LOAD_BALANCE,1,,0.57881,0.51452,0.88893,,424641.44,20229.2,182137.69
272,272,OPTIMIZED,1,,0.6269,0.59405,0.94759,,424753.98,4443.83,84787.07
273,273,EDD,1,,0.58024,0.51429,0.88634,,424785.42,19974.08,175728.64
273,273,COLOR_GROUP,1,,0.58024,0.51429,0.88634,,424785.42,19960.34,175607.75
273,273,LOAD_BALANCE,1,,0.58024,0.51429,0.88634,,424785.42,19968.45,175679.07
273,273,OPTIMIZED,1,,0.62833,0.59452,0.94619,,424786.83,4502.74,83681.24
274,274,EDD,1,,0.58,0.51381,0.88588,,424775.54,19879.61,174196.84
274,274,COLOR_GROUP,1,,0.58,0.51381,0.88588,,424775.54,19875.83,174163.71
274,274,LOAD_BALANCE,1,,0.58,0.51381,0.88588,,424775.54,19879.01,174191.61
274,274,OPTIMIZED,1,,0.62905,0.595,0.94587,,424762.51,4347.6,80324.2
275,275,EDD,1,,0.56952,0.51524,0.90468,4037.03,424682.37,19267.4,202138.69
275,275,COLOR_GROUP,1,,0.56952,0.51524,0.90468,3878.95,424701.83,18623.82,195386.75
275,275,LOAD_BALANCE,1,,0.56952,0.51524,0.90468,4037.03,424682.37,19238.62,201836.78
275,275,OPTIMIZED,1,,0.62571,0.59429,0.94977,3850.38,424750.6,4315.02,85908.13
276,276,EDD,1,,0.57452,0.51381,0.89432,,424725.04,19240.3,182066.02
276,276,COLOR_GROUP,1,,0.57452,0.51524,0.89681,,424725.04,18566.68,179925.33
276,276,LOAD_BALANCE,1,,0.57452,0.51381,0.89432,,424725.04,19140.49,181121.6
276,276,OPTIMIZED,1,,0.62833,0.59524,0.94733,,424746.37,4478.96,85035.74
277,277,EDD,1,,0.57095,0.50905,0.89158,,424794.46,19844.77,183029.84
277,277,COLOR_GROUP,1,,0.57095,0.50905,0.89158,,424794.46,19768.58,182327.09
277,277,LOAD_BALANCE,1,,0.57095,0.50905,0.89158,,424794.46,19833.03,182921.54
277,277,OPTIMIZED,1,,0.625,0.58929,0.94286,,424756.21,5210.78,91188.64
278,278,EDD,1,,0.57881,0.51214,0.88482,,424585.95,19941.91,173138.52
278,278,COLOR_GROUP,1,,0.57881,0.51214,0.88482,,424585.95,19940.66,173127.69
278,278,LOAD_BALANCE,1,,0.57881,0.51214,0.88482,,424585.95,19941.08,173131.31
278,278,OPTIMIZED,1,,0.62714,0.59238,0.94457,,424781.85,4726.56,85272.31
279,279,EDD,1,,0.57024,0.51452,0.9023,2228.3,424750.78,17490.28,179013.76
279,279,COLOR_GROUP,1,,0.57452,0.51452,0.89557,2625.49,424780.6,19585.73,187541.11
279,279,LOAD_BALANCE,1,,0.57024,0.51452,0.9023,2228.3,424750.78,17460.32,178707.1
279,279,OPTIMIZED,1,,0.61976,0.59071,0.95313,7087.89,424741.72,5103.69,108892.59
280,280,EDD,1,,0.57881,0.51405,0.88811,1384.2,424661.76,19940.12,178214.86
280,280,COLOR_GROUP,1,,0.57881,0.51405,0.88811,5433.04,424661.76,19769.5,176689.92
280,280,LOAD_BALANCE,1,,0.57881,0.51405,0.88811,1384.2,424661.76,19829.12,177222.73
280,280,OPTIMIZED,1,,0.62786,0.59524,0.94805,1250.1,424765.53,4312.83,83014.08
281,281,EDD,1,,0.57714,0.515,0.89233,61.96,424710.57,20274.23,188293.99
281,281,COLOR_GROUP,1,,0.57714,0.515,0.89233,61.96,424710.57,19236.5,178656.22
281,281,LOAD_BALANCE,1,,0.57714,0.515,0.89233,61.96,424710.57,20175.6,187378.02
281,281,OPTIMIZED,1,,0.62786,0.59524,0.94805,,424795.1,4440.8,85477.24
282,282,EDD,1,,0.58024,0.51548,0.88839,,424689.68,19760.09,177041.73
282,282,COLOR_GROUP,1,,0.58024,0.51548,0.88839,,424689.68,19749.91,176950.45
282,282,LOAD_BALANCE,1,,0.58024,0.51548,0.88839,,424689.68,19755.73,177002.62
282,282,OPTIMIZED,1,,0.62833,0.59357,0.94468,,424743.69,4633.38,83749.86
283,283,EDD,1,,0.57048,0.51595,0.90442,5467.39,424726.78,16851.41,176314.37
283,283,COLOR_GROUP,1,,0.57929,0.51595,0.89067,8244.02,424777.05,19933.52,182324.24
283,283,LOAD_BALANCE,1,,0.57238,0.51595,0.90141,4126.79,424686.65,17643.51,178966.21
283,283,OPTIMIZED,1,,0.6281,0.595,0.94731,2020.3,424773.59,4638.68,88034.87
284,284,EDD,1,,0.58143,0.50905,0.87551,4533.99,424743.26,21764.26,174829.97
284,284,COLOR_GROUP,1,,0.58143,0.51786,0.89066,11636.79,424743.26,19287.16,176401.7
284,284,LOAD_BALANCE,1,,0.58143,0.51024,0.87756,3722.46,424743.26,20521.55,167604.1
284,284,OPTIMIZED,1,,0.62833,0.59524,0.94733,3597.76,424764.74,4370.32,82973.24
285,285,EDD,1,,0.58,0.51452,0.88711,122.53,424745.78,19885.35,176148.08
285,285,COLOR_GROUP,1,,0.58,0.51452,0.88711,122.53,424745.78,19868.9,176002.37
285,285,LOAD_BALANCE,1,,0.58,0.51452,0.88711,,424745.78,19780.51,175219.33
285,285,OPTIMIZED,1,,0.6281,0.59571,0.94845,,424746.33,4218.98,81835.71
286,286,EDD,1,,0.58048,0.51571,0.88843,,424694.53,19584.96,175544.65
286,286,COLOR_GROUP,1,,0.58048,0.51571,0.88843,,424694.53,19544.47,175181.67
286,286,LOAD_BALANCE,1,,0.58048,0.51571,0.88843,,424694.53,19570.78,175417.55
286,286,OPTIMIZED,1,,0.62714,0.59405,0.94723,,424744.68,4391.47,83216.79
287,287,EDD,1,,0.58143,0.515,0.88575,,424765.2,20157.9,176435.77
287,287,COLOR_GROUP,1,,0.58143,0.515,0.88575,,424765.2,20131.21,176202.23
287,287,LOAD_BALANCE,1,,0.58143,0.515,0.88575,,424765.2,20152.76,176390.8
287,287,OPTIMIZED,1,,0.6281,0.595,0.94731,,424760.83,4307.13,81742.44
288,288,EDD,1,,0.56119,0.51452,0.91684,,424755.17,18832.02,226464.7
288,288,COLOR_GROUP,1,,0.56119,0.51452,0.91684,,424755.17,18770.05,225719.38
288,288,LOAD_BALANCE,1,,0.56119,0.51452,0.91684,,424755.17,18831.24,226455.29
288,288,OPTIMIZED,1,,0.61095,0.58,0.94934,,424741.44,6644.47,131151.61
289,289,EDD,1,,0.57929,0.515,0.88903,,424689.07,20290.01,182835.55
289,289,COLOR_GROUP,1,,0.57929,0.51524,0.88944,,424689.07,19362.48,175126.06
289,289,LOAD_BALANCE,1,,0.57929,0.515,0.88903,,424689.07,20243.3,182414.6
289,289,OPTIMIZED,1,,0.62786,0.59476,0.94729,,424779.49,4495.74,85289.77
290,290,EDD,1,,0.57786,0.51405,0.88958,,424651.64,19125.09,173196.2
290,290,COLOR_GROUP,1,,0.57786,0.51405,0.88958,,424651.64,19124.53,173191.13
290,290,LOAD_BALANCE,1,,0.57786,0.51405,0.88958,,424651.64,19102.92,172995.48
290,290,OPTIMIZED,1,,0.6269,0.59381,0.94721,,424790.42,4552.07,86227.32
291,291,EDD,1,,0.57119,0.51381,0.89954,1944.81,424788.65,18173.05,180900.98
291,291,COLOR_GROUP,1,,0.57381,0.51381,0.89544,1790.0,424768.44,18305.62,175065.64
291,291,LOAD_BALANCE,1,,0.57119,0.51381,0.89954,1944.81,424788.65,18155.99,180731.25
291,291,OPTIMIZED,1,,0.62667,0.595,0.94947,1964.34,424757.54,4223.36,83578.07
292,292,EDD,1,,0.57357,0.51405,0.89622,,424764.35,18077.48,174194.63
292,292,COLOR_GROUP,1,,0.57357,0.51405,0.89622,,424764.35,18026.72,173705.45
292,292,LOAD_BALANCE,1,,0.57357,0.51405,0.89622,,424764.35,18053.39,173962.49
292,292,OPTIMIZED,1,,0.62381,0.59405,0.95229,,424776.11,4255.45,89194.2
293,293,EDD,1,,0.57976,0.51381,0.88624,,424717.89,21016.84,184750.95
293,293,COLOR_GROUP,1,,0.57976,0.51381,0.88624,,424717.89,20183.09,177421.73
293,293,LOAD_BALANCE,1,,0.57976,0.51381,0.88624,,424717.89,20937.58,184054.16
293,293,OPTIMIZED,1,,0.6281,0.59571,0.94845,,424787.0,4187.23,81219.97
294,294,EDD,1,,0.5781,0.51429,0.88962,,424736.57,19598.08,177552.79
294,294,COLOR_GROUP,1,,0.5781,0.51429,0.88962,,424736.57,19595.01,177524.95
294,294,LOAD_BALANCE,1,,0.5781,0.51429,0.88962,,424736.57,19595.98,177533.77
294,294,OPTIMIZED,1,,0.6269,0.59333,0.94645,,424746.05,4601.22,85921.99
295,295,EDD,1,,0.57357,0.51405,0.89622,,424688.86,18581.88,179054.99
295,295,COLOR_GROUP,1,,0.57357,0.51405,0.89622,,424688.86,18581.08,179047.27
295,295,LOAD_BALANCE,1,,0.57357,0.51405,0.89622,,424688.86,18581.7,179053.29
295,295,OPTIMIZED,1,,0.62619,0.59452,0.94943,,424745.79,4274.81,84531.87
296,296,EDD,1,,0.57786,0.51405,0.88958,,424790.63,19549.21,177037.05
296,296,COLOR_GROUP,1,,0.57786,0.51405,0.88958,,424790.63,19531.4,176875.74
296,296,LOAD_BALANCE,1,,0.57786,0.51405,0.88958,,424790.63,19544.37,176993.19
296,296,OPTIMIZED,1,,0.6269,0.59452,0.94835,,424766.77,4315.16,83542.82
297,297,EDD,1,,0.57333,0.5119,0.89286,,424696.53,21153.58,197433.37
297,297,COLOR_GROUP,1,,0.57333,0.5119,0.89286,,424696.53,21039.33,196367.07
297,297,LOAD_BALANCE,1,,0.57333,0.5119,0.89286,,424696.53,21070.67,196659.56
297,297,OPTIMIZED,1,,0.62857,0.59548,0.94735,,424798.62,4382.46,83235.16
298,298,EDD,1,,0.57095,0.51429,0.90075,,424752.14,18199.32,183369.66
298,298,COLOR_GROUP,1,,0.57333,0.51429,0.89701,,424786.71,18520.92,179832.13
298,298,LOAD_BALANCE,1,,0.57095,0.51429,0.90075,,424752.14,18180.17,183176.71
298,298,OPTIMIZED,1,,0.6269,0.59476,0.94873,,424798.24,4459.73,86981.28
299,299,EDD,1,,0.57786,0.5131,0.88793,,424632.7,20064.71,179033.3
299,299,COLOR_GROUP,1,,0.57786,0.5131,0.88793,,424632.7,20062.7,179015.33
299,299,LOAD_BALANCE,1,,0.57786,0.5131,0.88793,,424632.7,20056.41,178959.17
299,299,OPTIMIZED,1,,0.62786,0.59429,0.94653,,424779.47,4497.26,84108.31
300,300,EDD,1,,0.57048,0.51024,0.89441,,424786.9,20849.65,197453.64
300,300,COLOR_GROUP,1,,0.57048,0.51024,0.89441,,424786.9,20665.41,195708.79
300,300,LOAD_BALANCE,1,,0.57048,0.51024,0.89441,,424786.9,20841.65,197377.82
300,300,OPTIMIZED,1,,0.62619,0.59238,0.94601,,424757.01,4755.11,88069.95
301,301,EDD,1,,0.57881,0.51452,0.88893,,424755.62,19320.95,173960.15
301,301,COLOR_GROUP,1,,0.57881,0.51452,0.88893,,424755.62,19012.66,171184.37
301,301,LOAD_BALANCE,1,,0.57881,0.51452,0.88893,,424755.62,19292.25,173701.69
301,301,OPTIMIZED,1,,0.62786,0.59452,0.94691,,424784.86,4384.03,82576.3
302,302,EDD,1,,0.57714,0.51452,0.8915,,424728.75,18973.73,174875.78
302,302,COLOR_GROUP,1,,0.57738,0.51452,0.89113,,424788.55,19093.41,175384.52
302,302,LOAD_BALANCE,1,,0.57714,0.51452,0.8915,,424728.75,18971.57,174855.83
302,302,OPTIMIZED,1,,0.62786,0.59452,0.94691,,424778.51,4294.76,80894.95
303,303,EDD,1,,0.57929,0.51452,0.8882,,424724.03,20043.51,179286.24
303,303,COLOR_GROUP,1,,0.57929,0.51452,0.8882,,424724.03,19656.5,175824.49
303,303,LOAD_BALANCE,1,,0.57929,0.51452,0.8882,,424724.03,19962.41,178560.8
303,303,OPTIMIZED,1,,0.62738,0.59381,0.94649,,424751.03,4504.37,84177.38
304,304,EDD,1,,0.57643,0.51357,0.89095,,424632.43,19644.77,180151.51
304,304,COLOR_GROUP,1,,0.57643,0.51357,0.89095,,424632.43,19293.22,176927.63
304,304,LOAD_BALANCE,1,,0.57643,0.51357,0.89095,,424632.43,19570.83,179473.38
304,304,OPTIMIZED,1,,0.62738,0.59381,0.94649,,424750.84,4547.82,84989.38
305,305,EDD,1,,0.57976,0.51429,0.88706,,424777.63,19961.46,176749.65
305,305,COLOR_GROUP,1,,0.57976,0.51429,0.88706,,424777.63,19956.43,176705.1
305,305,LOAD_BALANCE,1,,0.57976,0.51429,0.88706,,424777.63,19960.4,176740.23
305,305,OPTIMIZED,1,,0.62786,0.59405,0.94615,,424755.96,4649.72,86347.3
306,306,EDD,1,,0.57643,0.51381,0.89137,,424636.05,18993.37,174840.09
306,306,COLOR_GROUP,1,,0.57643,0.51381,0.89137,,424636.05,18957.71,174511.88
306,306,LOAD_BALANCE,1,,0.57643,0.51381,0.89137,,424636.05,18985.27,174765.52
306,306,OPTIMIZED,1,,0.62786,0.59476,0.94729,,424760.93,4389.16,83267.71
307,307,EDD,1,,0.55786,0.50095,0.89799,,419797.59,16927.98,165950.87
307,307,COLOR_GROUP,1,,0.55833,0.50143,0.89808,,420386.03,16903.74,165854.64
307,307,LOAD_BALANCE,1,,0.55786,0.50095,0.89799,,419797.59,16923.18,165903.78
307,307,OPTIMIZED,1,,0.60571,0.57167,0.94379,,420766.59,4794.14,85288.72
308,308,EDD,1,,0.57881,0.51333,0.88688,,424661.69,19629.55,173525.23
308,308,COLOR_GROUP,1,,0.57881,0.51452,0.88893,,424661.69,19534.08,175879.05
308,308,LOAD_BALANCE,1,,0.57881,0.51333,0.88688,,424661.69,19605.8,173315.31
308,308,OPTIMIZED,1,,0.62738,0.59429,0.94725,,424770.76,4321.83,81928.27
309,309,EDD,1,,0.57833,0.51524,0.8909,,424649.61,19122.61,175278.59
309,309,COLOR_GROUP,1,,0.57833,0.51524,0.8909,,424649.61,19117.26,175229.52
309,309,LOAD_BALANCE,1,,0.57833,0.51524,0.8909,,424649.61,19037.53,174498.76
309,309,OPTIMIZED,1,,0.62881,0.59429,0.9451,,424744.02,4470.74,81429.06
310,310,EDD,1,,0.57833,0.51452,0.88967,,424593.86,19275.06,174698.23
310,310,COLOR_GROUP,1,,0.57833,0.51452,0.88967,,424593.86,19270.88,174660.36
310,310,LOAD_BALANCE,1,,0.57833,0.51452,0.88967,,424593.86,19273.47,174683.85
310,310,OPTIMIZED,1,,0.62881,0.59619,0.94813,,424796.65,4222.54,81399.52
311,311,EDD,1,,0.5769,0.51452,0.89187,,424786.1,19083.12,176482.41
311,311,COLOR_GROUP,1,,0.5769,0.51452,0.89187,,424786.1,19078.91,176443.47
311,311,LOAD_BALANCE,1,,0.5769,0.51452,0.89187,,424786.1,19076.78,176423.82
311,311,OPTIMIZED,1,,0.62786,0.59452,0.94691,,424750.91,4392.89,82743.27
312,312,EDD,1,,0.57976,0.51452,0.88747,,424784.53,19530.65,173566.2
312,312,COLOR_GROUP,1,,0.57976,0.51452,0.88747,,424784.53,19238.12,170966.5
312,312,LOAD_BALANCE,1,,0.57976,0.51452,0.88747,,424784.53,19454.79,172892.01
312,312,OPTIMIZED,1,,0.62786,0.59476,0.94729,,424770.2,4233.03,80305.84
313,313,EDD,1,,0.57881,0.51524,0.89017,,424767.8,19388.85,176532.98
313,313,COLOR_GROUP,1,,0.57881,0.51524,0.89017,,424767.8,19387.94,176524.64
313,313,LOAD_BALANCE,1,,0.57881,0.51524,0.89017,,424767.8,19375.29,176409.45
313,313,OPTIMIZED,1,,0.62762,0.59405,0.94651,,424761.99,4523.1,84559.5
314,314,EDD,1,,0.56762,0.51595,0.90898,6108.53,424713.27,19062.0,209418.51
314,314,COLOR_GROUP,1,,0.57333,0.51643,0.90075,4615.21,424762.44,19444.9,195913.44
314,314,LOAD_BALANCE,1,,0.56762,0.51595,0.90898,6108.53,424713.27,18955.4,208247.31
314,314,OPTIMIZED,1,,0.62167,0.59071,0.95021,4863.66,424744.56,5691.06,114302.67
315,315,EDD,1,,0.57643,0.51524,0.89385,,424722.94,18547.05,174717.57
315,315,COLOR_GROUP,1,,0.57643,0.51524,0.89385,,424722.94,18546.37,174711.14
315,315,LOAD_BALANCE,1,,0.57643,0.51524,0.89385,,424722.94,18543.63,174685.32
315,315,OPTIMIZED,1,,0.62738,0.59476,0.94801,,424788.19,4453.86,85663.62
316,316,EDD,1,,0.57619,0.51452,0.89298,,424789.75,18473.21,172606.79
316,316,COLOR_GROUP,1,,0.57833,0.51452,0.88967,,424607.4,19238.15,174363.72
316,316,LOAD_BALANCE,1,,0.57619,0.51452,0.89298,,424789.75,18462.65,172508.17
316,316,OPTIMIZED,1,,0.6269,0.59548,0.94987,973.98,424771.86,4095.03,81683.46
317,317,EDD,1,,0.57619,0.51452,0.89298,,424728.38,19138.02,178818.61
317,317,COLOR_GROUP,1,,0.57619,0.51452,0.89298,,424728.38,19124.66,178693.71
317,317,LOAD_BALANCE,1,,0.57619,0.51452,0.89298,,424728.38,19122.49,178673.47
317,317,OPTIMIZED,1,,0.62833,0.59452,0.94619,,424797.84,4316.88,80227.04
318,318,EDD,1,,0.57095,0.51476,0.90158,,424765.66,17466.05,177472.87
318,318,COLOR_GROUP,1,,0.57095,0.51476,0.90158,,424765.66,17449.61,177305.82
318,318,LOAD_BALANCE,1,,0.57095,0.51476,0.90158,,424765.66,17460.11,177412.47
318,318,OPTIMIZED,1,,0.62524,0.59119,0.94554,,424765.34,4403.2,80858.8
319,319,EDD,1,,0.57786,0.51524,0.89164,,424787.27,18758.89,173109.63
319,319,COLOR_GROUP,1,,0.57786,0.51524,0.89164,,424787.27,18744.21,172974.11
319,319,LOAD_BALANCE,1,,0.57786,0.51524,0.89164,,424787.27,18757.05,173092.62
319,319,OPTIMIZED,1,,0.62571,0.595,0.95091,,424797.81,4287.54,87346.26
320,320,EDD,1,,0.57786,0.51452,0.8904,,424665.26,19056.33,173871.13
320,320,COLOR_GROUP,1,,0.57786,0.51452,0.8904,,424665.26,19054.39,173853.38
320,320,LOAD_BALANCE,1,,0.57786,0.51452,0.8904,,424665.26,19052.81,173839.01
320,320,OPTIMIZED,1,,0.62857,0.59476,0.94621,,424780.47,4295.49,79859.86
321,321,EDD,1,,0.57881,0.51524,0.89017,,424712.31,19043.56,173389.1
321,321,COLOR_GROUP,1,,0.57881,0.51524,0.89017,,424712.31,19027.78,173245.43
321,321,LOAD_BALANCE,1,,0.57881,0.51524,0.89017,,424712.31,19013.37,173114.25
321,321,OPTIMIZED,1,,0.62667,0.59333,0.94681,,424772.05,4531.21,85186.77
322,322,EDD,1,,0.58024,0.51619,0.88962,,424714.61,18803.08,170346.16
322,322,COLOR_GROUP,1,,0.58024,0.51619,0.88962,,424714.61,18704.33,169451.47
322,322,LOAD_BALANCE,1,,0.58024,0.51619,0.88962,,424714.61,18754.2,169903.31
322,322,OPTIMIZED,1,,0.62786,0.59452,0.94691,,424750.27,4299.55,80985.13
323,323,EDD,1,,0.5769,0.51452,0.89187,,424647.75,19232.73,177866.08
323,323,COLOR_GROUP,1,,0.5769,0.51452,0.89187,,424647.75,19105.64,176690.74
323,323,LOAD_BALANCE,1,,0.5769,0.51452,0.89187,,424647.75,19232.2,177861.18
323,323,OPTIMIZED,1,,0.6281,0.595,0.94731,,424773.79,4353.54,82623.35
324,324,EDD,1,,0.57667,0.51048,0.88522,,424775.39,21012.0,183061.42
324,324,COLOR_GROUP,1,,0.57667,0.51238,0.88852,,424775.39,20257.55,181717.71
324,324,LOAD_BALANCE,1,,0.57667,0.51048,0.88522,,424775.39,20667.46,180059.65
324,324,OPTIMIZED,1,,0.62548,0.59071,0.94442,,424771.17,5340.03,96083.94
325,325,EDD,1,,0.57357,0.51619,0.89996,,424672.35,20748.84,207402.31
325,325,COLOR_GROUP,1,,0.57357,0.51619,0.89996,,424672.35,20271.15,202627.36
325,325,LOAD_BALANCE,1,,0.57357,0.51619,0.89996,,424672.35,20702.91,206943.17
325,325,OPTIMIZED,1,,0.625,0.58976,0.94362,,424772.09,4989.86,88502.51
326,326,EDD,1,,0.58024,0.51524,0.88798,,424764.15,20362.47,181770.44
326,326,COLOR_GROUP,1,,0.58024,0.51524,0.88798,,424764.15,20290.83,181130.96
326,326,LOAD_BALANCE,1,,0.58024,0.51524,0.88798,,424764.15,20361.51,181761.9
326,326,OPTIMIZED,1,,0.62833,0.59524,0.94733,,424779.19,4437.42,84247.21
327,327,EDD,1,,0.58024,0.51429,0.88634,,424737.09,20783.4,182848.91
327,327,COLOR_GROUP,1,,0.58024,0.51429,0.88634,,424737.09,20748.35,182540.55
327,327,LOAD_BALANCE,1,,0.58024,0.51429,0.88634,,424737.09,20758.93,182633.65
327,327,OPTIMIZED,1,,0.62667,0.59333,0.94681,6.25,424758.09,4711.6,88578.07
328,328,EDD,1,,0.58024,0.51452,0.88675,,424761.65,19937.09,176038.71
328,328,COLOR_GROUP,1,,0.58024,0.51452,0.88675,,424761.65,19773.67,174595.8
328,328,LOAD_BALANCE,1,,0.58024,0.51452,0.88675,,424761.65,19910.53,175804.2
328,328,OPTIMIZED,1,,0.62762,0.59548,0.94879,,424762.3,4143.11,80897.97
329,329,EDD,1,,0.5769,0.51357,0.89022,,424704.01,19712.91,179565.3
329,329,COLOR_GROUP,1,,0.5769,0.51357,0.89022,,424704.01,19699.66,179444.62
329,329,LOAD_BALANCE,1,,0.5769,0.51357,0.89022,,424704.01,19711.52,179552.67
329,329,OPTIMIZED,1,,0.62762,0.59333,0.94537,,424770.99,4753.93,87023.32
330,330,EDD,1,,0.56952,0.51452,0.90343,,424731.42,16386.88,169685.74
330,330,COLOR_GROUP,1,,0.56952,0.51452,0.90343,,424731.42,16383.25,169648.2
330,330,LOAD_BALANCE,1,,0.56952,0.51452,0.90343,,424731.42,16383.54,169651.24
330,330,OPTIMIZED,1,,0.62238,0.59452,0.95524,,424780.44,4123.93,92136.4
331,331,EDD,1,,0.5781,0.51476,0.89044,,424791.49,19472.78,177744.02
331,331,COLOR_GROUP,1,,0.5781,0.51476,0.89044,,424791.49,19471.66,177733.77
331,331,LOAD_BALANCE,1,,0.5781,0.51476,0.89044,,424791.49,19468.91,177708.68
331,331,OPTIMIZED,1,,0.62738,0.59452,0.94763,,424767.42,4373.98,83517.58
332,332,EDD,1,,0.58167,0.50929,0.87556,,424799.3,21102.35,169582.38
332,332,COLOR_GROUP,1,,0.58167,0.51595,0.88702,,424799.3,19543.17,172985.39
332,332,LOAD_BALANCE,1,,0.58167,0.50929,0.87556,,424799.3,20952.08,168374.81
332,332,OPTIMIZED,1,,0.62738,0.59429,0.94725,,424756.37,4404.03,83486.42
333,333,EDD,1,,0.58,0.515,0.88793,,424756.94,19713.87,175908.42
333,333,COLOR_GROUP,1,,0.58,0.515,0.88793,,424756.94,19711.88,175890.62
333,333,LOAD_BALANCE,1,,0.58,0.515,0.88793,,424756.94,19690.68,175701.42
333,333,OPTIMIZED,1,,0.62857,0.595,0.94659,,424790.76,4432.68,82994.86
334,334,EDD,1,,0.57952,0.5131,0.88537,,424788.27,19893.24,173548.92
334,334,COLOR_GROUP,1,,0.57952,0.515,0.88866,,424788.27,19549.38,175583.7
334,334,LOAD_BALANCE,1,,0.57952,0.5131,0.88537,,424788.27,19869.73,173343.82
334,334,OPTIMIZED,1,,0.62833,0.59524,0.94733,,424759.03,4205.15,79837.26
335,335,EDD,1,,0.57881,0.51262,0.88564,,424701.43,19902.33,174038.01
335,335,COLOR_GROUP,1,,0.57881,0.51333,0.88688,,424701.43,19847.33,175450.4
335,335,LOAD_BALANCE,1,,0.57881,0.51262,0.88564,,424701.43,19894.46,173969.19
335,335,OPTIMIZED,1,,0.62833,0.59476,0.94657,,424763.8,4473.14,83720.6
336,336,EDD,1,,0.57595,0.51548,0.895,,424654.6,18707.4,178162.25
336,336,COLOR_GROUP,1,,0.57595,0.51548,0.895,,424654.6,18694.83,178042.49
336,336,LOAD_BALANCE,1,,0.57595,0.51548,0.895,,424654.6,18694.41,178038.48
336,336,OPTIMIZED,1,,0.62643,0.59571,0.95097,,424789.96,4260.19,86888.11
337,337,EDD,1,,0.58167,0.51524,0.8858,,424757.08,19750.9,172944.27
337,337,COLOR_GROUP,1,,0.58167,0.51524,0.8858,,424757.08,19681.48,172336.4
337,337,LOAD_BALANCE,1,,0.58167,0.51524,0.8858,,424757.08,19690.29,172413.52
337,337,OPTIMIZED,1,,0.62714,0.59429,0.94761,,424786.8,4446.99,84879.45
338,338,EDD,1,,0.57881,0.51452,0.88893,,424686.58,19952.1,179642.75
338,338,COLOR_GROUP,1,,0.57881,0.51452,0.88893,,424686.58,19939.12,179525.9
338,338,LOAD_BALANCE,1,,0.57881,0.51452,0.88893,,424686.58,19951.06,179633.42
338,338,OPTIMIZED,1,,0.6281,0.59357,0.94503,,424790.48,4517.07,82179.43
339,339,EDD,1,,0.57976,0.51357,0.88583,,424744.12,19706.63,172610.24
339,339,COLOR_GROUP,1,,0.57976,0.515,0.8883,,424744.12,19589.64,175370.46
339,339,LOAD_BALANCE,1,,0.57976,0.51357,0.88583,,424744.12,19699.43,172547.17
339,339,OPTIMIZED,1,,0.62643,0.59381,0.94793,,424772.98,4407.64,84646.08
340,340,EDD,1,,0.58214,0.51619,0.88671,,424631.93,19763.99,174451.09
340,340,COLOR_GROUP,1,,0.58214,0.51619,0.88671,,424631.93,19400.62,171243.71
340,340,LOAD_BALANCE,1,,0.58214,0.51619,0.88671,,424631.93,19727.17,174126.09
340,340,OPTIMIZED,1,,0.62833,0.595,0.94695,,424745.14,4294.82,80957.4
341,341,EDD,1,,0.57833,0.51262,0.88637,,424716.25,19714.95,173505.86
341,341,COLOR_GROUP,1,,0.57833,0.51262,0.88637,,424716.25,19663.25,173050.86
341,341,LOAD_BALANCE,1,,0.57833,0.51262,0.88637,,424716.25,19683.72,173230.99
341,341,OPTIMIZED,1,,0.625,0.58833,0.94133,,424795.05,5125.25,87362.21
342,342,EDD,1,,0.56405,0.51405,0.91136,4595.24,424786.27,15855.33,178863.21
342,342,COLOR_GROUP,1,,0.56905,0.51405,0.90335,4417.72,424771.76,17387.53,179896.96
342,342,LOAD_BALANCE,1,,0.56405,0.51405,0.91136,4595.24,424786.27,15832.8,178609.08
342,342,OPTIMIZED,1,,0.62286,0.595,0.95528,4255.19,424797.18,4252.09,95072.3
343,343,EDD,1,,0.57357,0.51214,0.8929,,424728.87,20014.11,186875.95
343,343,COLOR_GROUP,1,,0.57357,0.51214,0.8929,,424728.87,19993.01,186678.92
343,343,LOAD_BALANCE,1,,0.57357,0.51214,0.8929,,424728.87,19954.13,186315.9
343,343,OPTIMIZED,1,,0.6281,0.59548,0.94807,,424773.55,4606.24,88695.4
344,344,EDD,1,,0.57429,0.515,0.89677,,424753.17,19464.97,188552.24
344,344,COLOR_GROUP,1,,0.57429,0.515,0.89677,,424753.17,19458.77,188492.16
344,344,LOAD_BALANCE,1,,0.57429,0.515,0.89677,,424753.17,19461.29,188516.62
344,344,OPTIMIZED,1,,0.62214,0.59167,0.95101,,424769.92,5699.27,116345.24
345,345,EDD,1,,0.56976,0.51333,0.90096,,424791.42,20306.47,205035.32
345,345,COLOR_GROUP,1,,0.56976,0.51452,0.90305,,424791.42,19580.35,201964.6
345,345,LOAD_BALANCE,1,,0.56976,0.51333,0.90096,,424791.42,20251.08,204476.13
345,345,OPTIMIZED,1,,0.62524,0.59476,0.95126,445.91,424748.84,4692.51,96269.74
346,346,EDD,1,,0.57595,0.515,0.89417,,424774.98,19071.64,180212.1
346,346,COLOR_GROUP,1,,0.57595,0.515,0.89417,,424774.98,19069.91,180195.7
346,346,LOAD_BALANCE,1,,0.57595,0.515,0.89417,,424774.98,19070.07,180197.26
346,346,OPTIMIZED,1,,0.62595,0.59381,0.94865,,424778.38,4454.32,86743.68
347,347,EDD,1,,0.57333,0.51071,0.89078,,424754.95,19608.31,179531.61
347,347,COLOR_GROUP,1,,0.57333,0.51071,0.89078,,424754.95,19605.25,179503.56
347,347,LOAD_BALANCE,1,,0.57333,0.51071,0.89078,,424754.95,19606.82,179517.98
347,347,OPTIMIZED,1,,0.62786,0.59357,0.94539,,424750.27,4723.06,86490.96
348,348,EDD,1,,0.57881,0.51429,0.88852,,424726.49,19592.32,175752.48
348,348,COLOR_GROUP,1,,0.57881,0.51452,0.88893,,424726.49,19536.4,175899.94
348,348,LOAD_BALANCE,1,,0.57881,0.51429,0.88852,,424726.49,19588.64,175719.51
348,348,OPTIMIZED,1,,0.62762,0.59381,0.94613,,424760.65,4479.92,83162.39
349,349,EDD,1,,0.57619,0.51524,0.89421,,424715.71,19318.24,182617.71
349,349,COLOR_GROUP,1,,0.57619,0.51524,0.89421,,424715.71,19276.12,182219.55
349,349,LOAD_BALANCE,1,,0.57619,0.51524,0.89421,,424715.71,19313.55,182573.38
349,349,OPTIMIZED,1,,0.6231,0.59476,0.95453,,424787.11,4684.42,103017.8
350,350,EDD,1,,0.58024,0.51548,0.88839,,424796.39,19743.22,176890.58
350,350,COLOR_GROUP,1,,0.58024,0.51619,0.88962,,424796.39,19684.46,178330.93
350,350,LOAD_BALANCE,1,,0.58024,0.51548,0.88839,,424796.39,19736.51,176830.44
350,350,OPTIMIZED,1,,0.62619,0.59357,0.94791,,424786.66,4488.11,86158.61
351,351,EDD,1,,0.58048,0.51524,0.88761,,424722.79,19688.54,175184.94
351,351,COLOR_GROUP,1,,0.58048,0.51524,0.88761,,424722.79,19613.89,174520.64
351,351,LOAD_BALANCE,1,,0.58048,0.51524,0.88761,,424722.79,19673.2,175048.39
351,351,OPTIMIZED,1,,0.6281,0.59452,0.94655,,424767.77,4418.68,82670.11
352,352,EDD,1,,0.58024,0.50667,0.8732,320.3,424699.06,22122.9,174477.37
352,352,COLOR_GROUP,1,,0.58024,0.515,0.88757,201.61,424716.32,19474.38,173208.22
352,352,LOAD_BALANCE,1,,0.58024,0.50667,0.8732,320.3,424699.06,21956.46,173164.74
352,352,OPTIMIZED,1,,0.62738,0.59286,0.94497,214.19,424737.88,4529.0,82302.85
353,353,EDD,1,,0.5719,0.51452,0.89967,1549.62,424756.54,19777.26,197116.07
353,353,COLOR_GROUP,1,,0.5719,0.51452,0.89967,7782.99,424756.54,19737.78,196722.57
353,353,LOAD_BALANCE,1,,0.5719,0.51452,0.89967,1475.26,424756.54,19637.55,195723.68
353,353,OPTIMIZED,1,,0.6269,0.59524,0.94949,946.01,424764.06,4314.64,85416.82
354,354,EDD,1,,0.565,0.50571,0.89507,,424757.04,18697.15,178186.11
354,354,COLOR_GROUP,1,,0.565,0.50786,0.89886,,424757.04,18532.08,183235.94
354,354,LOAD_BALANCE,1,,0.565,0.50571,0.89507,,424757.04,18679.94,178022.09
354,354,OPTIMIZED,1,,0.61905,0.58738,0.94885,,424756.75,4865.33,95111.63
355,355,EDD,1,,0.58024,0.51476,0.88716,,424671.68,20551.8,182126.3
355,355,COLOR_GROUP,1,,0.58024,0.51476,0.88716,,424671.68,20383.76,180637.19
355,355,LOAD_BALANCE,1,,0.58024,0.51476,0.88716,,424671.68,20493.17,181606.79
355,355,OPTIMIZED,1,,0.62762,0.59357,0.94575,,424733.04,4589.81,84606.52
356,356,EDD,1,,0.58119,0.51476,0.8857,,424781.97,20336.13,177922.92
356,356,COLOR_GROUP,1,,0.58119,0.515,0.88611,,424781.97,20310.58,178338.62
356,356,LOAD_BALANCE,1,,0.58119,0.51476,0.8857,,424781.97,20334.09,177905.06
356,356,OPTIMIZED,1,,0.62952,0.59524,0.94554,,424794.54,4420.92,81173.03
357,357,EDD,1,,0.5781,0.51238,0.88633,,424770.58,19553.89,172017.53
357,357,COLOR_GROUP,1,,0.5781,0.51524,0.89127,,424770.58,19228.79,176846.58
357,357,LOAD_BALANCE,1,,0.5781,0.51238,0.88633,,424770.58,19529.9,171806.55
357,357,OPTIMIZED,1,,0.62738,0.59429,0.94725,,424762.04,4456.2,84475.52
358,358,EDD,1,,0.57881,0.51524,0.89017,2454.27,424691.22,21015.6,191344.29
358,358,COLOR_GROUP,1,,0.57881,0.51524,0.89017,6643.09,424627.24,20514.1,186778.22
358,358,LOAD_BALANCE,1,,0.57881,0.51524,0.89017,1928.79,424691.22,20698.03,188452.81
358,358,OPTIMIZED,1,,0.62786,0.595,0.94767,1983.67,424764.99,4515.74,86289.93
359,359,EDD,1,,0.58024,0.51452,0.88675,,424756.99,20699.09,182766.99
359,359,COLOR_GROUP,1,,0.58024,0.51452,0.88675,,424756.99,20720.03,182951.83
359,359,LOAD_BALANCE,1,,0.58024,0.51452,0.88675,,424756.99,20454.45,180606.85
359,359,OPTIMIZED,1,,0.62881,0.59476,0.94585,,424780.87,4597.0,84899.87
360,360,EDD,1,,0.57952,0.51524,0.88907,,424781.98,19325.05,174211.75
360,360,COLOR_GROUP,1,,0.58238,0.51524,0.88471,,424792.73,20512.5,177920.44
360,360,LOAD_BALANCE,1,,0.57952,0.51524,0.88907,,424781.98,19203.16,173112.94
360,360,OPTIMIZED,1,,0.6281,0.59429,0.94617,,424783.06,4552.75,84578.54
361,361,EDD,1,,0.58167,0.51048,0.87761,3558.54,424718.89,21271.63,173801.33
361,361,COLOR_GROUP,1,,0.58167,0.51429,0.88416,10851.24,424718.89,20527.22,177201.39
361,361,LOAD_BALANCE,1,,0.58167,0.51119,0.87884,2885.02,424718.89,20880.19,172332.11
361,361,OPTIMIZED,1,,0.6281,0.59548,0.94807,2705.61,424797.71,4319.1,83166.28
362,362,EDD,1,,0.58024,0.51262,0.88346,,424772.42,21008.12,180270.39
362,362,COLOR_GROUP,1,,0.58024,0.51262,0.88346,,424772.42,20143.8,172853.64
362,362,LOAD_BALANCE,1,,0.58024,0.51262,0.88346,,424772.42,20902.03,179360.01
362,362,OPTIMIZED,1,,0.62667,0.59333,0.94681,,424741.63,4524.37,85058.17
363,363,EDD,1,,0.57833,0.51381,0.88843,,424689.97,19492.37,174712.05
363,363,COLOR_GROUP,1,,0.57833,0.51381,0.88843,,424689.97,19491.3,174702.48
363,363,LOAD_BALANCE,1,,0.57833,0.51381,0.88843,,424689.97,19487.38,174667.36
363,363,OPTIMIZED,1,,0.62714,0.5931,0.94571,,424796.08,4602.73,84780.44
364,364,EDD,1,,0.57286,0.50595,0.88321,2236.31,424744.91,19308.97,165328.72
364,364,COLOR_GROUP,1,,0.5719,0.51238,0.89592,2218.88,424674.18,17189.35,165155.3
364,364,LOAD_BALANCE,1,,0.57286,0.50595,0.88321,2236.31,424744.91,19227.11,164627.83
364,364,OPTIMIZED,1,,0.62214,0.58643,0.94259,1912.61,424778.54,4965.04,86490.95
365,365,EDD,1,,0.57452,0.51286,0.89266,,424768.65,19412.92,180862.49
365,365,COLOR_GROUP,1,,0.57452,0.51286,0.89266,,424768.65,19360.63,180375.27
365,365,LOAD_BALANCE,1,,0.57452,0.51286,0.89266,,424768.65,19405.57,180793.99
365,365,OPTIMIZED,1,,0.62214,0.59071,0.94948,,424766.64,5307.39,105062.12
366,366,EDD,1,,0.57024,0.51619,0.90522,,424692.95,16623.65,175390.45
366,366,COLOR_GROUP,1,,0.57024,0.51619,0.90522,,424692.95,15777.53,166463.41
366,366,LOAD_BALANCE,1,,0.57024,0.51619,0.90522,,424692.95,16480.82,173883.56
366,366,OPTIMIZED,1,,0.62524,0.59429,0.9505,,424785.12,4129.18,83409.49
367,367,EDD,1,,0.57929,0.51452,0.8882,,424715.6,19527.71,174672.53
367,367,COLOR_GROUP,1,,0.57929,0.51452,0.8882,,424715.6,19513.75,174547.6
367,367,LOAD_BALANCE,1,,0.57929,0.51452,0.8882,,424715.6,19495.75,174386.57
367,367,OPTIMIZED,1,,0.62738,0.59452,0.94763,,424757.56,4440.0,84778.25
368,368,EDD,1,,0.56667,0.51405,0.90714,12846.95,424775.9,16964.86,182698.46
368,368,COLOR_GROUP,1,,0.57024,0.51452,0.9023,21140.34,424792.02,17969.9,183922.69
368,368,LOAD_BALANCE,1,,0.57143,0.51405,0.89958,5622.79,424781.81,18713.61,186359.64
368,368,OPTIMIZED,1,,0.62357,0.59429,0.95304,8108.21,424750.95,4849.1,103250.44
369,369,EDD,1,,0.57952,0.515,0.88866,,424753.4,19715.87,177079.03
369,369,COLOR_GROUP,1,,0.57952,0.515,0.88866,,424753.4,19630.12,176308.88
369,369,LOAD_BALANCE,1,,0.57952,0.515,0.88866,,424753.4,19707.94,177007.89
369,369,OPTIMIZED,1,,0.62786,0.59452,0.94691,,424773.31,4435.7,83549.56
370,370,EDD,1,,0.58,0.51595,0.88957,,424737.51,19789.7,179210.82
370,370,COLOR_GROUP,1,,0.58,0.51595,0.88957,,424737.51,19776.74,179093.41
370,370,LOAD_BALANCE,1,,0.58,0.51595,0.88957,,424737.51,19761.26,178953.3
370,370,OPTIMIZED,1,,0.62786,0.59476,0.94729,,424769.3,4437.5,84184.78
371,371,EDD,1,,0.58,0.51476,0.88752,,424773.11,20787.29,184809.61
371,371,COLOR_GROUP,1,,0.58,0.51476,0.88752,,424773.11,20752.54,184500.7
371,371,LOAD_BALANCE,1,,0.58,0.51476,0.88752,,424773.11,20773.17,184684.13
371,371,OPTIMIZED,1,,0.62738,0.59333,0.94573,,424785.95,4691.73,86452.59
372,372,EDD,1,,0.58214,0.51452,0.88384,,424711.43,19991.25,172107.74
372,372,COLOR_GROUP,1,,0.58214,0.51452,0.88384,,424711.43,19941.8,171682.06
372,372,LOAD_BALANCE,1,,0.58214,0.51452,0.88384,,424711.43,19977.07,171985.68
372,372,OPTIMIZED,1,,0.62762,0.59476,0.94765,,424768.86,4329.35,82696.93
373,373,EDD,1,,0.5781,0.51214,0.88591,223.52,424740.4,21345.79,187103.16
373,373,COLOR_GROUP,1,,0.57595,0.51238,0.88962,,424784.18,19861.65,179945.05
373,373,LOAD_BALANCE,1,,0.5781,0.51214,0.88591,223.52,424740.4,21208.33,185898.3
373,373,OPTIMIZED,1,,0.62643,0.59286,0.94641,,424770.95,4756.52,88754.61
374,374,EDD,1,,0.56762,0.515,0.9073,,424784.37,14964.83,161430.53
374,374,COLOR_GROUP,1,,0.56762,0.515,0.9073,,424784.37,14950.95,161280.89
374,374,LOAD_BALANCE,1,,0.56762,0.515,0.9073,,424784.37,14964.29,161424.71
374,374,OPTIMIZED,1,,0.62548,0.59357,0.94899,,424745.72,4059.34,79581.32
375,375,EDD,1,,0.55857,0.51429,0.92072,,424679.15,15110.1,190582.24
375,375,COLOR_GROUP,1,,0.55857,0.51429,0.92072,,424679.15,15076.45,190157.86
375,375,LOAD_BALANCE,1,,0.55857,0.51429,0.92072,,424679.15,15106.92,190542.18
375,375,OPTIMIZED,1,,0.61667,0.59143,0.95907,,424750.07,5018.49,122621.54
376,376,EDD,1,,0.57881,0.515,0.88976,,424702.01,20146.46,182746.41
376,376,COLOR_GROUP,1,,0.57881,0.515,0.88976,,424702.01,19753.12,179178.52
376,376,LOAD_BALANCE,1,,0.57881,0.515,0.88976,,424702.01,20079.42,182138.35
376,376,OPTIMIZED,1,,0.6269,0.59405,0.94759,,424793.84,4520.49,86249.57
377,377,EDD,1,,0.57595,0.51381,0.8921,91.59,424786.44,19588.35,181548.74
377,377,COLOR_GROUP,1,,0.5769,0.51381,0.89063,,424789.31,19002.47,173747.12
377,377,LOAD_BALANCE,1,,0.57595,0.51381,0.8921,91.59,424786.44,19576.31,181437.18
377,377,OPTIMIZED,1,,0.62548,0.59429,0.95013,,424790.24,4311.56,86461.62
378,378,EDD,1,,0.57881,0.51476,0.88935,,424732.02,19616.68,177279.35
378,378,COLOR_GROUP,1,,0.57881,0.51476,0.88935,,424732.02,19373.0,175077.18
378,378,LOAD_BALANCE,1,,0.57881,0.51476,0.88935,,424732.02,19571.7,176872.88
378,378,OPTIMIZED,1,,0.62905,0.59595,0.94739,,424757.88,4251.54,80809.91
379,379,EDD,1,,0.57619,0.51357,0.89132,,424737.15,19954.4,183610.85
379,379,COLOR_GROUP,1,,0.57619,0.51357,0.89132,,424737.15,18777.4,172780.64
379,379,LOAD_BALANCE,1,,0.57619,0.51357,0.89132,,424737.15,19851.71,182665.93
379,379,OPTIMIZED,1,,0.62762,0.59524,0.94841,,424755.07,4365.27,84609.2
380,380,EDD,1,,0.58024,0.51476,0.88716,,424627.53,19675.22,174358.23
380,380,COLOR_GROUP,1,,0.58024,0.51476,0.88716,,424627.53,19654.23,174172.26
380,380,LOAD_BALANCE,1,,0.58024,0.51476,0.88716,,424627.53,19664.43,174262.64
380,380,OPTIMIZED,1,,0.62833,0.59524,0.94733,,424762.91,4272.16,81109.53
381,381,EDD,1,,0.58167,0.515,0.88539,,424672.67,20174.05,176018.63
381,381,COLOR_GROUP,1,,0.58167,0.515,0.88539,,424672.67,20129.26,175627.76
381,381,LOAD_BALANCE,1,,0.58167,0.515,0.88539,,424672.67,20164.44,175934.71
381,381,OPTIMIZED,1,,0.62857,0.59548,0.94735,,424799.69,4326.78,82177.77
382,382,EDD,1,,0.57833,0.51452,0.88967,,424636.31,18806.71,170453.36
382,382,COLOR_GROUP,1,,0.57833,0.515,0.89049,,424636.31,18801.38,171686.27
382,382,LOAD_BALANCE,1,,0.57833,0.51452,0.88967,,424636.31,18804.22,170430.82
382,382,OPTIMIZED,1,,0.62762,0.59381,0.94613,,424739.41,4531.09,84112.44
383,383,EDD,1,,0.57905,0.515,0.88939,,424794.26,19229.64,173853.09
383,383,COLOR_GROUP,1,,0.57905,0.515,0.88939,,424794.26,19217.76,173745.73
383,383,LOAD_BALANCE,1,,0.57905,0.515,0.88939,,424794.26,19221.85,173782.64
383,383,OPTIMIZED,1,,0.62786,0.59381,0.94577,,424743.02,4483.81,82683.98
384,384,EDD,1,,0.57833,0.51214,0.88555,,424591.7,20535.92,179430.72
384,384,COLOR_GROUP,1,,0.57833,0.51214,0.88555,,424591.7,20286.6,177252.32
384,384,LOAD_BALANCE,1,,0.57833,0.51214,0.88555,,424591.7,20514.0,179239.26
384,384,OPTIMIZED,1,,0.62595,0.59238,0.94637,,424773.07,4695.52,87549.87
385,385,EDD,1,,0.55929,0.51476,0.92039,5215.42,424564.02,10576.42,132855.61
385,385,COLOR_GROUP,1,,0.56714,0.515,0.90806,5110.97,424760.77,14587.36,158662.46
385,385,LOAD_BALANCE,1,,0.55929,0.51476,0.92039,5215.42,424564.02,10560.93,132661.03
385,385,OPTIMIZED,1,,0.61929,0.59405,0.95925,5340.73,424789.68,3239.19,79482.37
386,386,EDD,1,,0.56738,0.51452,0.90684,,423762.91,15805.89,169664.1
386,386,COLOR_GROUP,1,,0.56738,0.51452,0.90684,,423762.91,15638.48,167867.13
386,386,LOAD_BALANCE,1,,0.56738,0.51452,0.90684,,423762.91,15786.89,169460.15
386,386,OPTIMIZED,1,,0.6219,0.58881,0.94678,,423682.73,4604.29,86520.98
387,387,EDD,1,,0.58214,0.51524,0.88507,,424763.9,20147.51,175304.83
387,387,COLOR_GROUP,1,,0.58214,0.51548,0.88548,,424763.9,20084.41,175379.97
387,387,LOAD_BALANCE,1,,0.58214,0.51524,0.88507,,424763.9,20131.94,175169.34
387,387,OPTIMIZED,1,,0.62786,0.59357,0.94539,,424755.19,4557.13,83452.51
388,388,EDD,1,,0.5669,0.50595,0.89248,,424639.9,20421.47,189935.59
388,388,COLOR_GROUP,1,,0.5669,0.50595,0.89248,,424639.9,20408.5,189814.96
388,388,LOAD_BALANCE,1,,0.5669,0.50595,0.89248,,424639.9,20418.74,189910.28
388,388,OPTIMIZED,1,,0.62238,0.58643,0.94223,,424786.37,5511.44,95409.97
389,389,EDD,1,,0.57333,0.51452,0.89743,392.97,424756.35,17946.58,174960.95
389,389,COLOR_GROUP,1,,0.57595,0.51452,0.89334,360.9,424737.82,18628.08,174656.33
389,389,LOAD_BALANCE,1,,0.57333,0.51452,0.89743,392.97,424756.35,17938.55,174882.7
389,389,OPTIMIZED,1,,0.62643,0.59429,0.94869,322.35,424734.47,4775.06,93060.66
390,390,EDD,1,,0.57381,0.51571,0.89876,,424776.31,19261.13,190243.11
390,390,COLOR_GROUP,1,,0.57381,0.51619,0.89959,,424776.31,19208.68,191293.03
390,390,LOAD_BALANCE,1,,0.57381,0.51571,0.89876,,424776.31,19254.03,190173.04
390,390,OPTIMIZED,1,,0.62429,0.59119,0.94699,,424750.31,5179.06,97694.18
391,391,EDD,1,,0.55976,0.51,0.9111,3624.97,424784.47,15978.78,179742.16
391,391,COLOR_GROUP,1,,0.56548,0.51381,0.90863,3522.59,424730.6,17594.14,192562.61
391,391,LOAD_BALANCE,1,,0.55976,0.51,0.9111,3624.97,424784.47,15951.03,179429.97
391,391,OPTIMIZED,1,,0.62048,0.58976,0.9505,7651.5,424797.04,5741.95,115996.26
392,392,EDD,1,,0.57595,0.51071,0.88673,,424707.23,20540.99,181345.44
392,392,COLOR_GROUP,1,,0.57595,0.51071,0.88673,,424707.23,19877.59,175488.65
392,392,LOAD_BALANCE,1,,0.57595,0.51071,0.88673,,424707.23,20469.71,180716.18
392,392,OPTIMIZED,1,,0.62,0.58286,0.94009,,424748.9,7694.02,128430.95
393,393,EDD,1,,0.58048,0.51405,0.88556,,424782.94,20182.35,176360.48
393,393,COLOR_GROUP,1,,0.58048,0.51405,0.88556,,424782.94,20134.73,175944.38
393,393,LOAD_BALANCE,1,,0.58048,0.51405,0.88556,,424782.94,20159.46,176160.48
393,393,OPTIMIZED,1,,0.62762,0.59381,0.94613,,424767.52,4622.02,85800.23
394,394,EDD,1,,0.55595,0.51381,0.9242,,424702.91,16161.86,213208.74
394,394,COLOR_GROUP,1,,0.55595,0.51381,0.9242,,424655.29,16058.79,211849.05
394,394,LOAD_BALANCE,1,,0.55595,0.51381,0.9242,,424702.91,16149.35,213043.73
394,394,OPTIMIZED,1,,0.61976,0.59286,0.95659,,424792.67,5198.28,119744.46
395,395,EDD,1,,0.575,0.51405,0.894,,424799.02,18707.01,176474.29
395,395,COLOR_GROUP,1,,0.575,0.51405,0.894,,424799.02,18546.71,174962.11
395,395,LOAD_BALANCE,1,,0.57524,0.51381,0.89321,,424764.79,18886.21,176856.94
395,395,OPTIMIZED,1,,0.62857,0.59476,0.94621,,424786.88,4411.04,82008.06
396,396,EDD,1,,0.58024,0.51524,0.88798,,424774.02,19558.57,174594.31
396,396,COLOR_GROUP,1,,0.58024,0.51524,0.88798,,424774.02,19549.39,174512.3
396,396,LOAD_BALANCE,1,,0.58024,0.51524,0.88798,,424774.02,19497.45,174048.69
396,396,OPTIMIZED,1,,0.62786,0.59381,0.94577,,424746.44,4439.31,81863.3
397,397,EDD,1,,0.5819,0.515,0.88502,,424799.18,19658.54,170980.32
397,397,COLOR_GROUP,1,,0.5819,0.515,0.88502,,424799.18,19656.51,170962.68
397,397,LOAD_BALANCE,1,,0.5819,0.515,0.88502,,424799.18,19651.13,170915.86
397,397,OPTIMIZED,1,,0.6281,0.59476,0.94693,,424743.3,4356.91,82096.6
398,398,EDD,1,,0.57881,0.51381,0.8877,,424655.71,19950.49,177654.33
398,398,COLOR_GROUP,1,,0.57881,0.51381,0.8877,,424655.71,19883.11,177054.36
398,398,LOAD_BALANCE,1,,0.57881,0.51381,0.8877,,424655.71,19948.31,177634.99
398,398,OPTIMIZED,1,,0.6281,0.59452,0.94655,,424789.88,4386.22,82062.8
399,399,EDD,1,,0.57643,0.51333,0.89054,170.11,424650.69,18272.85,166938.03
399,399,COLOR_GROUP,1,,0.57643,0.51429,0.89219,138.0,424650.69,18138.83,168253.3
399,399,LOAD_BALANCE,1,,0.57643,0.51333,0.89054,142.05,424650.69,18207.73,166343.09
399,399,OPTIMIZED,1,,0.62619,0.59238,0.94601,247.68,424779.46,4629.93,85751.54
400,400,EDD,1,,0.57881,0.5119,0.88441,,424638.36,20449.2,176911.02
400,400,COLOR_GROUP,1,,0.57881,0.51476,0.88935,,424577.82,19505.59,176275.38
400,400,LOAD_BALANCE,1,,0.57881,0.5119,0.88441,,424638.36,20404.41,176523.57
400,400,OPTIMIZED,1,,0.62738,0.59381,0.94649,,424777.92,4460.99,83366.65
401,401,EDD,1,,0.57381,0.51381,0.89544,,424762.55,18709.37,178926.91
401,401,COLOR_GROUP,1,,0.57381,0.51381,0.89544,,424762.55,18701.89,178855.37
401,401,LOAD_BALANCE,1,,0.57381,0.51381,0.89544,,424762.55,18709.03,178923.65
401,401,OPTIMIZED,1,,0.6269,0.59405,0.94759,,424788.02,4483.93,85552.01
402,402,EDD,1,,0.56881,0.5081,0.89326,,420486.83,18390.86,172297.08
402,402,COLOR_GROUP,1,,0.56881,0.5081,0.89326,,420455.33,18384.62,172238.64
402,402,LOAD_BALANCE,1,,0.56881,0.5081,0.89326,,420486.83,18387.83,172268.73
402,402,OPTIMIZED,1,,0.61429,0.58048,0.94496,,420349.53,4643.33,84364.75
403,403,EDD,1,,0.57571,0.51381,0.89247,,424759.63,19271.54,179225.28
403,403,COLOR_GROUP,1,,0.57571,0.51381,0.89247,,424759.63,19284.42,179345.13
403,403,LOAD_BALANCE,1,,0.57571,0.51381,0.89247,,424759.63,19265.49,179169.01
403,403,OPTIMIZED,1,,0.62762,0.595,0.94803,,424744.87,4310.03,82928.68
404,404,EDD,1,,0.56738,0.51452,0.90684,,424768.65,14777.43,158624.37
404,404,COLOR_GROUP,1,,0.56738,0.51452,0.90684,,424768.65,14777.4,158624.05
404,404,LOAD_BALANCE,1,,0.56738,0.51452,0.90684,,424768.65,14775.03,158598.65
404,404,OPTIMIZED,1,,0.62595,0.59405,0.94903,,424749.27,3870.44,75935.77
405,405,EDD,1,,0.56167,0.515,0.91691,,424701.79,11676.07,140529.79
405,405,COLOR_GROUP,1,,0.5681,0.515,0.90654,,424784.77,14373.77,153792.88
405,405,LOAD_BALANCE,1,,0.56167,0.515,0.91691,,424701.79,11581.17,139387.69
405,405,OPTIMIZED,1,,0.62,0.58643,0.94585,,424761.66,3350.98,61886.24
406,406,EDD,1,,0.57786,0.51381,0.88916,,424604.36,19543.76,176329.75
406,406,COLOR_GROUP,1,,0.57786,0.51381,0.88916,,424604.36,19542.4,176317.52
406,406,LOAD_BALANCE,1,,0.57786,0.51381,0.88916,,424604.36,19527.1,176179.43
406,406,OPTIMIZED,1,,0.6281,0.59548,0.94807,,424795.86,4205.83,80985.24
407,407,EDD,1,,0.57929,0.51357,0.88656,,424621.61,19679.66,173480.48
407,407,COLOR_GROUP,1,,0.57929,0.51357,0.88656,,424621.61,19670.96,173403.83
407,407,LOAD_BALANCE,1,,0.57929,0.51357,0.88656,,424621.61,19676.66,173454.04
407,407,OPTIMIZED,1,,0.62881,0.595,0.94623,,424787.61,4194.76,78016.6
408,408,EDD,1,,0.58048,0.51571,0.88843,,424704.39,18935.72,169725.33
408,408,COLOR_GROUP,1,,0.58143,0.51833,0.89148,,424721.97,19010.92,175187.45
408,408,LOAD_BALANCE,1,,0.58048,0.51571,0.88843,,424704.39,18884.24,169263.9
408,408,OPTIMIZED,1,,0.6281,0.59524,0.94769,,424787.39,4253.01,81300.37
409,409,EDD,1,,0.57548,0.51381,0.89284,,424652.61,20215.37,188650.81
409,409,COLOR_GROUP,1,,0.57548,0.51381,0.89284,,424652.61,19567.62,182605.97
409,409,LOAD_BALANCE,1,,0.57548,0.51381,0.89284,,424652.61,20065.79,187254.93
409,409,OPTIMIZED,1,,0.62619,0.59286,0.94677,,424766.26,4591.85,86261.15
410,410,EDD,1,,0.57881,0.51452,0.88893,,424629.21,19695.73,177334.54
410,410,COLOR_GROUP,1,,0.57881,0.51452,0.88893,,424629.21,19142.1,172349.8
410,410,LOAD_BALANCE,1,,0.57881,0.51452,0.88893,,424629.21,19670.03,177103.11
410,410,OPTIMIZED,1,,0.62738,0.59429,0.94725,,424760.14,4422.88,83843.81
411,411,EDD,1,,0.57952,0.51405,0.88702,,424762.56,20581.57,182165.58
411,411,COLOR_GROUP,1,,0.57952,0.51429,0.88743,,424762.56,20226.89,179679.72
411,411,LOAD_BALANCE,1,,0.57952,0.51405,0.88702,,424762.56,20551.19,181896.68
411,411,OPTIMIZED,1,,0.62667,0.59357,0.94719,,424785.45,4518.04,85550.19
412,412,EDD,1,,0.57881,0.51524,0.89017,,424618.23,18717.64,170421.65
412,412,COLOR_GROUP,1,,0.57881,0.51548,0.89058,,424618.23,18616.24,170135.68
412,412,LOAD_BALANCE,1,,0.57881,0.51524,0.89017,,424618.23,18700.03,170261.31
412,412,OPTIMIZED,1,,0.62405,0.59381,0.95155,,424751.38,3835.57,79157.63
413,413,EDD,1,,0.58,0.51333,0.88506,,424780.86,20483.28,178204.56
413,413,COLOR_GROUP,1,,0.58,0.51333,0.88506,,424780.86,20481.82,178191.85
413,413,LOAD_BALANCE,1,,0.58,0.51333,0.88506,,424780.86,20480.82,178183.12
413,413,OPTIMIZED,1,,0.62881,0.59357,0.94396,,424772.45,4514.48,80559.08
414,414,EDD,1,,0.57643,0.51381,0.89137,,424792.12,19962.84,183764.37
414,414,COLOR_GROUP,1,,0.57643,0.51381,0.89137,,424792.12,19959.57,183734.31
414,414,LOAD_BALANCE,1,,0.57643,0.51381,0.89137,,424792.12,19960.52,183743.06
414,414,OPTIMIZED,1,,0.62833,0.59381,0.94505,,424785.24,4778.98,86977.36
415,415,EDD,1,,0.57452,0.51452,0.89557,,424789.55,18119.98,173506.02
415,415,COLOR_GROUP,1,,0.57452,0.51452,0.89557,,424789.55,18117.93,173486.37
415,415,LOAD_BALANCE,1,,0.57452,0.51452,0.89557,,424789.55,18104.33,173356.11
415,415,OPTIMIZED,1,,0.625,0.59476,0.95162,,424751.54,4151.1,85800.2
416,416,EDD,1,,0.57833,0.515,0.89049,,424667.35,19570.27,178707.46
416,416,COLOR_GROUP,1,,0.57833,0.515,0.89049,,424667.35,19550.36,178525.65
416,416,LOAD_BALANCE,1,,0.57833,0.515,0.89049,,424667.35,19544.33,178470.58
416,416,OPTIMIZED,1,,0.62643,0.59405,0.94831,,424790.62,4352.75,84206.56
417,417,EDD,1,,0.57881,0.51405,0.88811,,424672.56,19740.85,176433.82
417,417,COLOR_GROUP,1,,0.57881,0.51405,0.88811,,424672.56,19728.43,176322.8
417,417,LOAD_BALANCE,1,,0.57881,0.51405,0.88811,,424672.56,19723.37,176277.59
417,417,OPTIMIZED,1,,0.62833,0.59429,0.94581,,424794.04,4533.08,83655.85
418,418,EDD,1,,0.57333,0.51429,0.89701,,424756.2,18270.59,177401.53
418,418,COLOR_GROUP,1,,0.57333,0.51429,0.89701,,424756.2,18198.02,176696.93
418,418,LOAD_BALANCE,1,,0.57333,0.51429,0.89701,,424756.2,18217.63,176887.3
418,418,OPTIMIZED,1,,0.625,0.59524,0.95238,,424771.31,4123.22,86587.65
419,419,EDD,1,,0.5669,0.51405,0.90676,,424607.43,15343.53,164562.85
419,419,COLOR_GROUP,1,,0.5669,0.51452,0.9076,,424607.43,15192.6,164425.4
419,419,LOAD_BALANCE,1,,0.5669,0.51405,0.90676,,424607.43,15307.85,164180.19
419,419,OPTIMIZED,1,,0.61786,0.5881,0.95183,,424792.32,4342.94,90159.46
420,420,EDD,1,,0.57929,0.51405,0.88738,,424680.69,20181.8,179205.55
420,420,COLOR_GROUP,1,,0.57929,0.51405,0.88738,,424680.69,20177.25,179165.1
420,420,LOAD_BALANCE,1,,0.57929,0.51405,0.88738,,424680.69,20168.94,179091.34
420,420,OPTIMIZED,1,,0.6281,0.59476,0.94693,,424774.82,4358.08,82118.69
421,421,EDD,1,,0.57643,0.51524,0.89385,924.91,424650.19,18816.12,177252.23
421,421,COLOR_GROUP,1,,0.57643,0.51524,0.89385,981.36,424650.19,18815.59,177247.29
421,421,LOAD_BALANCE,1,,0.57643,0.51524,0.89385,924.91,424650.19,18814.8,177239.81
421,421,OPTIMIZED,1,,0.62762,0.59524,0.94841,902.22,424789.83,4259.96,82568.0
422,422,EDD,1,,0.57833,0.515,0.89049,,424693.56,19008.4,173576.74
422,422,COLOR_GROUP,1,,0.57833,0.51524,0.8909,,424693.56,18909.92,173329.07
422,422,LOAD_BALANCE,1,,0.57833,0.515,0.89049,,424693.56,18948.88,173033.17
422,422,OPTIMIZED,1,,0.62881,0.59643,0.9485,,424771.46,4143.18,80456.84
423,423,EDD,1,,0.58143,0.51405,0.88411,,424798.23,20471.5,176648.08
423,423,COLOR_GROUP,1,,0.58143,0.51405,0.88411,,424798.23,20443.9,176409.93
423,423,LOAD_BALANCE,1,,0.58143,0.51405,0.88411,,424798.23,20446.72,176434.25
423,423,OPTIMIZED,1,,0.62786,0.59405,0.94615,,424771.5,4574.35,84947.54
424,424,EDD,1,,0.57881,0.51619,0.89181,,424755.62,19589.73,181074.69
424,424,COLOR_GROUP,1,,0.57881,0.51619,0.89181,,424755.62,19561.07,180809.78
424,424,LOAD_BALANCE,1,,0.57881,0.51619,0.89181,,424755.62,19588.11,181059.64
424,424,OPTIMIZED,1,,0.62786,0.59571,0.94881,,424760.32,4226.47,82557.11
425,425,EDD,1,,0.57976,0.51405,0.88665,,424740.25,20448.15,180403.06
425,425,COLOR_GROUP,1,,0.57976,0.51405,0.88665,,424740.25,20000.99,176457.98
425,425,LOAD_BALANCE,1,,0.57976,0.51405,0.88665,,424740.25,20432.78,180267.48
425,425,OPTIMIZED,1,,0.62762,0.595,0.94803,,424761.03,4319.52,83111.32
426,426,EDD,1,,0.57024,0.50976,0.89395,2663.28,424791.76,22647.2,213543.5
426,426,COLOR_GROUP,1,,0.56952,0.50976,0.89507,2450.34,424637.8,20052.42,191097.18
426,426,LOAD_BALANCE,1,,0.57024,0.50976,0.89395,2663.28,424791.76,22590.79,213011.59
426,426,OPTIMIZED,1,,0.62071,0.58571,0.94361,4688.84,424766.09,7003.6,124206.69
427,427,EDD,1,,0.57786,0.51452,0.8904,,424786.64,19384.41,176864.55
427,427,COLOR_GROUP,1,,0.57786,0.51452,0.8904,,424786.64,19331.08,176377.91
427,427,LOAD_BALANCE,1,,0.57786,0.51452,0.8904,,424786.64,19361.65,176656.87
427,427,OPTIMIZED,1,,0.62738,0.595,0.94839,,424784.56,4365.59,84583.38
428,428,EDD,1,,0.56857,0.51429,0.90452,77.14,424611.04,15872.83,166246.99
428,428,COLOR_GROUP,1,,0.57548,0.51429,0.89367,,424705.17,18509.95,174079.96
428,428,LOAD_BALANCE,1,,0.56857,0.51429,0.90452,77.14,424611.04,15863.12,166145.33
428,428,OPTIMIZED,1,,0.62048,0.59024,0.95127,29705.02,424768.69,4065.04,83413.31
429,429,EDD,1,,0.57881,0.51143,0.88359,,424691.77,19946.22,171340.18
429,429,COLOR_GROUP,1,,0.57881,0.51452,0.88893,,424691.77,19556.0,176076.39
429,429,LOAD_BALANCE,1,,0.57881,0.51143,0.88359,,424691.77,19936.41,171255.88
429,429,OPTIMIZED,1,,0.62667,0.5931,0.94643,,424793.56,4657.47,86939.4
430,430,EDD,1,,0.58,0.51452,0.88711,,424745.58,20201.95,178952.53
430,430,COLOR_GROUP,1,,0.58,0.51452,0.88711,,424745.58,20184.54,178798.31
430,430,LOAD_BALANCE,1,,0.58,0.51452,0.88711,,424745.58,20122.41,178247.93
430,430,OPTIMIZED,1,,0.6281,0.59429,0.94617,,424794.54,4551.94,84563.49
431,431,EDD,1,,0.57905,0.51619,0.89145,416.72,424783.41,19662.34,181131.84
431,431,COLOR_GROUP,1,,0.5819,0.51619,0.88707,357.45,424774.78,19221.54,170208.15
431,431,LOAD_BALANCE,1,,0.57905,0.51619,0.89145,416.72,424783.41,19560.8,180196.42
431,431,OPTIMIZED,1,,0.62881,0.59619,0.94813,,424773.45,4373.29,84305.45
432,432,EDD,1,,0.58,0.51357,0.88547,,424799.59,20283.36,177097.75
432,432,COLOR_GROUP,1,,0.58,0.51357,0.88547,,424799.59,20264.56,176933.6
432,432,LOAD_BALANCE,1,,0.58,0.51357,0.88547,,424799.59,20279.65,177065.34
432,432,OPTIMIZED,1,,0.62833,0.59452,0.94619,,424791.87,4491.66,83475.35
433,433,EDD,1,,0.58143,0.51452,0.88493,,424779.23,20267.88,176135.8
433,433,COLOR_GROUP,1,,0.58143,0.51452,0.88493,,424779.23,20052.78,174266.54
433,433,LOAD_BALANCE,1,,0.58143,0.51452,0.88493,,424779.23,20229.88,175805.54
433,433,OPTIMIZED,1,,0.62833,0.59429,0.94581,,424788.78,4520.65,83426.59
434,434,EDD,1,,0.56571,0.51452,0.90951,,424750.72,15600.96,172408.79
434,434,COLOR_GROUP,1,,0.56571,0.51476,0.90993,,424750.72,15584.92,173036.31
434,434,LOAD_BALANCE,1,,0.56571,0.51452,0.90951,,424750.72,15570.29,172069.83
434,434,OPTIMIZED,1,,0.62357,0.595,0.95418,,424739.23,3802.57,82991.04
435,435,EDD,1,,0.57,0.51429,0.90226,2242.53,424768.58,16103.64,164752.59
435,435,COLOR_GROUP,1,,0.57595,0.51452,0.89334,2365.16,424651.44,18800.16,176269.76
435,435,LOAD_BALANCE,1,,0.57,0.51429,0.90226,2000.65,424768.58,16010.5,163799.75
435,435,OPTIMIZED,1,,0.62333,0.59357,0.95225,1696.41,424750.83,3976.61,83286.2
436,436,EDD,1,,0.56952,0.515,0.90426,,424778.02,15080.4,157521.06
436,436,COLOR_GROUP,1,,0.56952,0.515,0.90426,,424778.02,15024.36,156935.66
436,436,LOAD_BALANCE,1,,0.56952,0.515,0.90426,,424778.02,15037.34,157071.22
436,436,OPTIMIZED,1,,0.61595,0.59333,0.96328,,424735.42,2322.09,63234.27
437,437,EDD,1,,0.5769,0.51286,0.88898,,424738.2,19443.94,175140.03
437,437,COLOR_GROUP,1,,0.57833,0.51286,0.88678,,424777.4,20150.3,177982.09
437,437,LOAD_BALANCE,1,,0.5769,0.51286,0.88898,,424738.2,19340.04,174204.18
437,437,OPTIMIZED,1,,0.62714,0.59333,0.94609,,424796.21,4517.96,83804.92
438,438,EDD,1,,0.56952,0.50595,0.88838,392.27,424755.57,19742.7,176870.92
438,438,COLOR_GROUP,1,,0.57,0.51429,0.90226,368.17,424626.53,18894.09,193301.07
438,438,LOAD_BALANCE,1,,0.56952,0.50595,0.88838,392.27,424755.57,19738.23,176830.85
438,438,OPTIMIZED,1,,0.62405,0.59048,0.9462,308.23,424752.33,5013.7,93197.91
439,439,EDD,1,,0.57881,0.51524,0.89017,,424633.81,19518.22,177710.81
439,439,COLOR_GROUP,1,,0.57881,0.51524,0.89017,,424629.46,19511.25,177647.39
439,439,LOAD_BALANCE,1,,0.57881,0.51524,0.89017,,424633.81,19502.36,177566.45
439,439,OPTIMIZED,1,,0.62786,0.59429,0.94653,,424783.55,4567.84,85428.31
440,440,EDD,1,,0.58048,0.51357,0.88474,1283.65,424725.15,19547.94,169600.99
440,440,COLOR_GROUP,1,,0.58048,0.51548,0.88802,4045.84,424725.15,19379.64,173068.02
440,440,LOAD_BALANCE,1,,0.58048,0.51405,0.88556,1119.03,424725.15,19466.78,170107.55
440,440,OPTIMIZED,1,,0.6269,0.59143,0.94341,1504.26,424753.09,4556.08,80511.12
441,441,EDD,1,,0.57405,0.51381,0.89506,,424619.64,18673.33,177950.16
441,441,COLOR_GROUP,1,,0.57405,0.51381,0.89506,,424619.64,18671.69,177934.58
441,441,LOAD_BALANCE,1,,0.57405,0.51381,0.89506,,424619.64,18671.99,177937.45
441,441,OPTIMIZED,1,,0.6269,0.59429,0.94797,,424735.16,4430.58,85151.23
442,442,EDD,1,,0.57881,0.51524,0.89017,,424575.17,19220.2,174997.38
442,442,COLOR_GROUP,1,,0.57881,0.51524,0.89017,,424575.17,18949.92,172536.52
442,442,LOAD_BALANCE,1,,0.57881,0.51524,0.89017,,424575.17,19209.45,174899.55
442,442,OPTIMIZED,1,,0.62762,0.59429,0.94689,,424758.44,4352.97,81960.12
443,443,EDD,1,,0.58119,0.51333,0.88324,,424636.65,20452.15,175170.9
443,443,COLOR_GROUP,1,,0.58119,0.51405,0.88447,,424636.65,20366.66,176294.38
443,443,LOAD_BALANCE,1,,0.58119,0.51333,0.88324,,424636.65,20449.78,175150.61
443,443,OPTIMIZED,1,,0.62643,0.59167,0.94451,,424759.65,4854.61,87482.8
444,444,EDD,1,,0.57667,0.515,0.89306,,424782.1,19010.49,177773.8
444,444,COLOR_GROUP,1,,0.58024,0.515,0.88757,,424739.75,20499.78,182328.33
444,444,LOAD_BALANCE,1,,0.57667,0.515,0.89306,,424782.1,18879.22,176546.24
444,444,OPTIMIZED,1,,0.62762,0.5931,0.94499,,424793.03,4808.92,87422.87
445,445,EDD,1,,0.58143,0.51452,0.88493,,424708.99,20038.17,174139.57
445,445,COLOR_GROUP,1,,0.58143,0.51452,0.88493,,424708.99,20033.72,174100.88
445,445,LOAD_BALANCE,1,,0.58143,0.51452,0.88493,,424708.99,20018.47,173968.32
445,445,OPTIMIZED,1,,0.62976,0.59548,0.94556,,424774.33,4301.62,79012.32
446,446,EDD,1,,0.57643,0.51476,0.89302,,424715.75,17083.13,159684.36
446,446,COLOR_GROUP,1,,0.57643,0.51476,0.89302,,424715.75,17057.62,159445.89
446,446,LOAD_BALANCE,1,,0.57643,0.51476,0.89302,,424715.75,17056.88,159439.02
446,446,OPTIMIZED,1,,0.62571,0.59167,0.94559,,424789.74,4377.09,80440.47
447,447,EDD,1,,0.58048,0.5119,0.88187,,424739.36,19987.99,169203.85
447,447,COLOR_GROUP,1,,0.58048,0.51524,0.88761,,424739.36,19477.6,173307.96
447,447,LOAD_BALANCE,1,,0.58048,0.5119,0.88187,,424739.36,19948.93,168873.23
447,447,OPTIMIZED,1,,0.62786,0.59524,0.94805,,424770.25,4284.13,82461.78
448,448,EDD,1,,0.57976,0.51405,0.88665,,424764.61,20016.59,176595.61
448,448,COLOR_GROUP,1,,0.57976,0.51405,0.88665,,424764.61,20016.3,176593.07
448,448,LOAD_BALANCE,1,,0.57976,0.51405,0.88665,,424764.61,20009.92,176536.8
448,448,OPTIMIZED,1,,0.62857,0.595,0.94659,,424773.58,4365.71,81741.01
449,449,EDD,1,,0.57476,0.51524,0.89644,,424744.86,16716.28,161412.42
449,449,COLOR_GROUP,1,,0.58048,0.51595,0.88884,,424767.35,19478.57,175235.24
449,449,LOAD_BALANCE,1,,0.57476,0.51524,0.89644,,424744.86,16701.01,161264.98
449,449,OPTIMIZED,1,,0.62429,0.59095,0.94661,,424794.31,4459.35,83517.21
450,450,EDD,1,,0.56619,0.50929,0.8995,2995.73,424723.16,15894.24,158144.41
450,450,COLOR_GROUP,1,,0.57476,0.51452,0.89519,2662.78,424733.69,17349.08,165536.25
450,450,LOAD_BALANCE,1,,0.56619,0.50929,0.8995,2995.73,424723.16,15892.22,158124.26
450,450,OPTIMIZED,1,,0.62143,0.58857,0.94713,2640.7,424750.79,4295.06,81232.7
451,451,EDD,1,,0.57952,0.51524,0.88907,,424786.12,19504.62,175830.54
451,451,COLOR_GROUP,1,,0.57952,0.51524,0.88907,,424777.42,19503.91,175824.1
451,451,LOAD_BALANCE,1,,0.57952,0.51524,0.88907,,424786.12,19500.01,175788.94
451,451,OPTIMIZED,1,,0.62738,0.59452,0.94763,,424776.87,4369.79,83437.61
452,452,EDD,1,,0.57619,0.51429,0.89256,,424771.47,18307.44,170399.98
452,452,COLOR_GROUP,1,,0.58071,0.51429,0.88561,,424695.49,20292.43,177395.09
452,452,LOAD_BALANCE,1,,0.57619,0.51429,0.89256,,424771.47,18295.11,170285.27
452,452,OPTIMIZED,1,,0.6281,0.59524,0.94769,,424741.55,4374.88,83630.01
453,453,EDD,1,,0.57881,0.51405,0.88811,,424738.69,19757.74,176584.83
453,453,COLOR_GROUP,1,,0.57881,0.51429,0.88852,,424738.69,19714.78,176851.02
453,453,LOAD_BALANCE,1,,0.57881,0.51405,0.88811,,424738.69,19750.39,176519.08
453,453,OPTIMIZED,1,,0.6269,0.59452,0.94835,,424788.1,4392.74,85044.83
454,454,EDD,1,,0.57976,0.5131,0.88501,,424760.23,20706.68,180074.19
454,454,COLOR_GROUP,1,,0.57976,0.5131,0.88501,,424760.23,20660.03,179668.49
454,454,LOAD_BALANCE,1,,0.57976,0.5131,0.88501,,424760.23,20704.35,180053.9
454,454,OPTIMIZED,1,,0.62857,0.595,0.94659,,424794.37,4466.95,83636.5
455,455,EDD,1,,0.57881,0.515,0.88976,530.97,424676.26,20130.81,182604.5
455,455,COLOR_GROUP,1,,0.57881,0.515,0.88976,1716.88,424676.26,20117.04,182479.61
455,455,LOAD_BALANCE,1,,0.57881,0.515,0.88976,272.19,424676.26,20130.73,182603.73
455,455,OPTIMIZED,1,,0.62762,0.59405,0.94651,404.12,424778.09,4492.13,83980.47
456,456,EDD,1,,0.57548,0.51048,0.88705,,424793.16,19896.23,176150.9
456,456,COLOR_GROUP,1,,0.57548,0.51048,0.88705,,424700.76,19883.59,176038.97
456,456,LOAD_BALANCE,1,,0.57548,0.51048,0.88705,,424793.16,19894.37,176134.41
456,456,OPTIMIZED,1,,0.62524,0.59381,0.94973,,424793.36,4409.86,87729.49
457,457,EDD,1,,0.5581,0.50119,0.89804,,424792.83,16236.38,159238.78
457,457,COLOR_GROUP,1,,0.5581,0.50119,0.89804,,424792.83,16183.32,158718.45
457,457,LOAD_BALANCE,1,,0.5581,0.50119,0.89804,,424792.83,16207.61,158956.69
457,457,OPTIMIZED,1,,0.6169,0.58333,0.94558,,424758.44,4552.79,83661.51
458,458,EDD,1,,0.55833,0.50524,0.9049,6954.91,424789.5,14080.37,148064.84
458,458,COLOR_GROUP,1,,0.56524,0.50976,0.90185,6824.31,424756.07,15177.67,154642.84
458,458,LOAD_BALANCE,1,,0.55833,0.50524,0.9049,6954.91,424789.5,14076.79,148027.27
458,458,OPTIMIZED,1,,0.61476,0.5819,0.94655,6853.82,424766.3,4407.55,82465.99
459,459,EDD,1,,0.57881,0.51405,0.88811,,424670.75,19389.16,173290.61
459,459,COLOR_GROUP,1,,0.57881,0.51429,0.88852,,424670.75,19380.78,173854.9
459,459,LOAD_BALANCE,1,,0.57881,0.51405,0.88811,,424670.75,19360.47,173034.18
459,459,OPTIMIZED,1,,0.62786,0.59476,0.94729,,424785.15,4376.75,83032.34
460,460,EDD,1,,0.57238,0.515,0.89975,,424672.7,15925.22,158855.74
460,460,COLOR_GROUP,1,,0.57524,0.51548,0.89611,,424702.7,17231.52,165861.93
460,460,LOAD_BALANCE,1,,0.57238,0.515,0.89975,,424672.7,15914.08,158744.58
460,460,OPTIMIZED,1,,0.62452,0.59357,0.95044,,424782.34,4130.57,83342.17
461,461,EDD,1,,0.57786,0.51452,0.8904,,424671.83,19251.87,175655.21
461,461,COLOR_GROUP,1,,0.57786,0.51452,0.8904,,424671.83,19216.34,175331.03
461,461,LOAD_BALANCE,1,,0.57786,0.51452,0.8904,,424671.83,19244.96,175592.17
461,461,OPTIMIZED,1,,0.62786,0.59429,0.94653,,424779.6,4559.41,85270.69
462,462,EDD,1,,0.57595,0.515,0.89417,2470.0,424763.48,20610.79,194755.83
462,462,COLOR_GROUP,1,,0.57476,0.515,0.89602,2132.45,424675.07,18982.4,182563.79
462,462,LOAD_BALANCE,1,,0.57595,0.515,0.89417,2470.0,424763.48,20574.57,194413.63
462,462,OPTIMIZED,1,,0.62571,0.59476,0.95053,2134.05,424785.11,4745.71,95936.32
463,463,EDD,1,,0.58024,0.515,0.88757,,424782.99,19567.09,174032.82
463,463,COLOR_GROUP,1,,0.58024,0.515,0.88757,,424782.99,19573.06,174085.94
463,463,LOAD_BALANCE,1,,0.58024,0.515,0.88757,,424782.99,19554.33,173919.31
463,463,OPTIMIZED,1,,0.62857,0.59476,0.94621,,424792.9,4419.2,82159.7
464,464,EDD,1,,0.5781,0.51381,0.8888,,424735.73,19690.01,177064.24
464,464,COLOR_GROUP,1,,0.5781,0.51429,0.88962,,424735.73,19661.83,178130.35
464,464,LOAD_BALANCE,1,,0.5781,0.51381,0.8888,,424735.73,19687.68,177043.24
464,464,OPTIMIZED,1,,0.62738,0.59476,0.94801,,424773.59,4420.73,85026.39
465,465,EDD,1,,0.57476,0.51524,0.89644,,424729.29,17967.03,173489.64
465,465,COLOR_GROUP,1,,0.57476,0.51524,0.89644,,424729.29,17965.66,173476.4
465,465,LOAD_BALANCE,1,,0.57476,0.51524,0.89644,,424729.29,17963.75,173457.95
465,465,OPTIMIZED,1,,0.62476,0.59143,0.94665,,424774.64,4393.0,82337.29
466,466,EDD,1,,0.58048,0.51452,0.88638,,424786.77,19627.78,172752.77
466,466,COLOR_GROUP,1,,0.58048,0.51452,0.88638,,424786.77,19515.59,171765.41
466,466,LOAD_BALANCE,1,,0.58048,0.51452,0.88638,,424786.77,19621.9,172701.09
466,466,OPTIMIZED,1,,0.62905,0.59548,0.94663,,424763.93,4200.21,78701.85
467,467,EDD,1,,0.56952,0.51405,0.90259,,424720.27,17368.5,178306.61
467,467,COLOR_GROUP,1,,0.56952,0.51405,0.90259,,424720.27,16228.55,166603.85
467,467,LOAD_BALANCE,1,,0.56952,0.51405,0.90259,,424720.27,17340.8,178022.24
467,467,OPTIMIZED,1,,0.62333,0.5919,0.94958,,424789.62,3574.74,70899.06
468,468,EDD,1,,0.57452,0.51452,0.89557,,424731.44,17499.94,167568.87
468,468,COLOR_GROUP,1,,0.57929,0.51452,0.8882,,424749.51,19598.66,175307.14
468,468,LOAD_BALANCE,1,,0.57452,0.51452,0.89557,,424731.44,17498.88,167558.74
468,468,OPTIMIZED,1,,0.62857,0.595,0.94659,,424794.16,4496.41,84188.18
469,469,EDD,1,,0.56857,0.51452,0.90494,,424636.2,14667.28,154297.24
469,469,COLOR_GROUP,1,,0.56857,0.51452,0.90494,,424636.2,14654.66,154164.48
469,469,LOAD_BALANCE,1,,0.56857,0.51452,0.90494,,424636.2,14659.05,154210.57
469,469,OPTIMIZED,1,,0.62214,0.59452,0.95561,,424770.36,3184.19,71726.65
470,470,EDD,1,,0.58119,0.51429,0.88488,1238.34,424662.96,20811.37,180784.92
470,470,COLOR_GROUP,1,,0.58119,0.51429,0.88488,3243.87,424662.96,20667.59,179535.92
470,470,LOAD_BALANCE,1,,0.58119,0.51429,0.88488,681.26,424662.96,20576.46,178744.26
470,470,OPTIMIZED,1,,0.62762,0.59476,0.94765,,424766.68,4397.82,84004.83
471,471,EDD,1,,0.58024,0.51452,0.88675,,424706.21,19598.96,173053.14
471,471,COLOR_GROUP,1,,0.58024,0.51452,0.88675,,424706.21,19576.46,172854.44
471,471,LOAD_BALANCE,1,,0.58024,0.51452,0.88675,,424706.21,19539.48,172527.91
471,471,OPTIMIZED,1,,0.62714,0.59333,0.94609,,424756.94,4587.03,85086.2
472,472,EDD,1,,0.58024,0.51452,0.88675,,424779.43,19823.15,175032.69
472,472,COLOR_GROUP,1,,0.58024,0.51452,0.88675,,424779.43,19821.81,175020.82
472,472,LOAD_BALANCE,1,,0.58024,0.51452,0.88675,,424779.43,19821.43,175017.48
472,472,OPTIMIZED,1,,0.62857,0.59452,0.94583,,424795.12,4427.46,81737.63
473,473,EDD,1,,0.57405,0.515,0.89714,,424664.77,18010.36,175092.67
473,473,COLOR_GROUP,1,,0.57405,0.515,0.89714,,424664.77,17756.23,172622.04
473,473,LOAD_BALANCE,1,,0.57405,0.515,0.89714,,424664.77,17975.58,174754.51
473,473,OPTIMIZED,1,,0.62476,0.59405,0.95084,,424792.95,4293.19,87328.21
474,474,EDD,1,,0.57905,0.51429,0.88816,,424789.19,19504.77,174395.61
474,474,COLOR_GROUP,1,,0.57905,0.51429,0.88816,,424789.19,19460.4,173998.85
474,474,LOAD_BALANCE,1,,0.57905,0.51429,0.88816,,424789.19,19500.04,174353.31
474,474,OPTIMIZED,1,,0.6269,0.59452,0.94835,,424793.37,4309.36,83430.49
475,475,EDD,1,,0.57048,0.51071,0.89524,,424648.34,20163.82,192480.15
475,475,COLOR_GROUP,1,,0.57048,0.51071,0.89524,,424648.34,20075.52,191637.25
475,475,LOAD_BALANCE,1,,0.57048,0.51071,0.89524,,424648.34,20118.12,192043.89
475,475,OPTIMIZED,1,,0.62643,0.59214,0.94527,,424772.76,4867.26,88928.91
476,476,EDD,1,,0.57595,0.51429,0.89293,,424661.1,19195.77,179284.07
476,476,COLOR_GROUP,1,,0.57595,0.51452,0.89334,,424661.1,19178.57,179817.71
476,476,LOAD_BALANCE,1,,0.57595,0.51429,0.89293,,424661.1,19189.67,179227.05
476,476,OPTIMIZED,1,,0.62619,0.59429,0.94905,,424780.22,4361.35,85599.64
477,477,EDD,1,,0.56762,0.51405,0.90562,,424780.61,16646.86,176382.71
477,477,COLOR_GROUP,1,,0.56762,0.51405,0.90562,2886.42,424780.61,16535.41,175201.87
477,477,LOAD_BALANCE,1,,0.56762,0.51405,0.90562,,424780.61,16519.7,175035.36
477,477,OPTIMIZED,1,,0.61762,0.59357,0.96106,231.14,424731.6,3544.3,91028.89
478,478,EDD,1,,0.57881,0.51429,0.88852,,424647.49,19512.92,175040.24
478,478,COLOR_GROUP,1,,0.57881,0.51429,0.88852,,424647.49,19498.96,174914.98
478,478,LOAD_BALANCE,1,,0.57881,0.51429,0.88852,,424647.49,19511.12,175024.12
478,478,OPTIMIZED,1,,0.62714,0.59405,0.94723,,424776.13,4424.78,83848.03
479,479,EDD,1,,0.57881,0.51524,0.89017,,424617.93,19720.21,179549.95
479,479,COLOR_GROUP,1,,0.57881,0.51524,0.89017,,424617.93,19721.1,179558.04
479,479,LOAD_BALANCE,1,,0.57881,0.51524,0.89017,,424617.93,19713.67,179490.42
479,479,OPTIMIZED,1,,0.62786,0.595,0.94767,,424779.87,4285.05,81881.74
480,480,EDD,1,,0.57667,0.50619,0.87779,2808.14,424711.97,21620.38,176907.31
480,480,COLOR_GROUP,1,,0.57952,0.51381,0.88661,2677.4,424755.38,19884.89,175361.63
480,480,LOAD_BALANCE,1,,0.57667,0.50619,0.87779,2808.14,424711.97,21528.63,176156.56
480,480,OPTIMIZED,1,,0.6231,0.58095,0.93237,3660.19,424766.78,6017.51,88970.69
481,481,EDD,1,,0.57786,0.51452,0.8904,,424647.89,19961.21,182127.32
481,481,COLOR_GROUP,1,,0.57786,0.51452,0.8904,,424647.89,19960.76,182123.16
481,481,LOAD_BALANCE,1,,0.57786,0.51452,0.8904,,424647.89,19927.65,181821.11
481,481,OPTIMIZED,1,,0.62643,0.59405,0.94831,,424789.34,4398.11,85084.05
482,482,EDD,1,,0.57881,0.51571,0.89099,,424701.58,18716.07,171693.43
482,482,COLOR_GROUP,1,,0.57881,0.51619,0.89181,,424701.58,18694.15,172796.53
482,482,LOAD_BALANCE,1,,0.57881,0.51571,0.89099,,424701.58,18696.27,171511.82
482,482,OPTIMIZED,1,,0.62738,0.59452,0.94763,,424777.42,4300.95,82123.13
483,483,EDD,1,,0.57429,0.515,0.89677,,424788.2,18890.01,182982.78
483,483,COLOR_GROUP,1,,0.57429,0.515,0.89677,,424788.2,18892.6,183007.87
483,483,LOAD_BALANCE,1,,0.57429,0.515,0.89677,,424788.2,18888.96,182972.58
483,483,OPTIMIZED,1,,0.62524,0.59429,0.9505,,424769.42,4704.69,95034.8
484,484,EDD,1,,0.565,0.50762,0.89844,3762.83,424723.88,16275.43,160255.62
484,484,COLOR_GROUP,1,,0.5731,0.51119,0.89198,2320.62,424740.08,17604.78,162979.59
484,484,LOAD_BALANCE,1,,0.565,0.50762,0.89844,3762.83,424723.88,16259.27,160096.44
484,484,OPTIMIZED,1,,0.61714,0.58333,0.94522,2617.08,424789.41,5202.59,94965.57
485,485,EDD,1,,0.57333,0.51381,0.89618,857.14,424787.43,18124.71,174577.18
485,485,COLOR_GROUP,1,,0.57476,0.51381,0.89395,443.8,424728.56,18322.32,172773.76
485,485,LOAD_BALANCE,1,,0.57333,0.51381,0.89618,857.14,424787.43,18121.74,174548.61
485,485,OPTIMIZED,1,,0.62738,0.59571,0.94953,592.38,424789.63,4248.65,84174.41
486,486,EDD,1,,0.58119,0.51548,0.88693,,424629.84,19903.06,176026.71
486,486,COLOR_GROUP,1,,0.58119,0.51595,0.88775,,424629.84,19712.33,175612.37
486,486,LOAD_BALANCE,1,,0.58119,0.51548,0.88693,,424629.84,19879.66,175819.71
486,486,OPTIMIZED,1,,0.62738,0.59548,0.94915,,424737.58,4270.09,83967.9
487,487,EDD,1,,0.56595,0.51452,0.90913,,424705.09,13957.57,153597.88
487,487,COLOR_GROUP,1,,0.57048,0.51452,0.90192,,424757.97,16303.04,166221.65
487,487,LOAD_BALANCE,1,,0.56595,0.51452,0.90913,,424705.09,13956.0,153580.64
487,487,OPTIMIZED,1,,0.6219,0.5931,0.95368,,424753.64,3398.44,73361.46
488,488,EDD,1,,0.58,0.51476,0.88752,,424769.13,19494.35,173314.75
488,488,COLOR_GROUP,1,,0.58,0.51476,0.88752,,424769.13,19426.54,172711.89
488,488,LOAD_BALANCE,1,,0.58,0.51476,0.88752,,424769.13,19490.04,173276.39
488,488,OPTIMIZED,1,,0.6269,0.59429,0.94797,,424757.49,4391.78,84405.46
489,489,EDD,1,,0.57833,0.51429,0.88925,,424613.24,19393.52,175118.46
489,489,COLOR_GROUP,1,,0.57833,0.51452,0.88967,,424613.24,19362.68,175492.37
489,489,LOAD_BALANCE,1,,0.57833,0.51429,0.88925,,424613.24,19380.52,175001.06
489,489,OPTIMIZED,1,,0.6269,0.59357,0.94683,815.62,424755.21,4513.42,84884.61
490,490,EDD,1,,0.54643,0.50595,0.92593,,424735.51,17481.69,236002.84
490,490,COLOR_GROUP,1,,0.54667,0.50595,0.92552,,424754.31,17076.52,229284.75
490,490,LOAD_BALANCE,1,,0.54643,0.50595,0.92593,,424735.51,17405.14,234969.36
490,490,OPTIMIZED,1,,0.61357,0.57714,0.94063,,424771.87,6887.34,116004.39
491,491,EDD,1,,0.57881,0.51571,0.89099,,424644.64,19183.23,175979.03
491,491,COLOR_GROUP,1,,0.57881,0.51571,0.89099,,424644.64,19153.66,175707.73
491,491,LOAD_BALANCE,1,,0.57881,0.51571,0.89099,,424644.64,19167.05,175830.53
491,491,OPTIMIZED,1,,0.62667,0.59476,0.94909,,424733.81,4214.72,82784.7
492,492,EDD,1,,0.58143,0.51524,0.88616,,424675.38,19910.6,174898.19
492,492,COLOR_GROUP,1,,0.58143,0.51524,0.88616,,424675.38,19877.39,174606.41
492,492,LOAD_BALANCE,1,,0.58143,0.51524,0.88616,,424675.38,19905.36,174852.15
492,492,OPTIMIZED,1,,0.62786,0.595,0.94767,,424793.89,4399.36,84066.06
493,493,EDD,1,,0.57833,0.51429,0.88925,1060.89,424629.7,20344.6,183706.45
493,493,COLOR_GROUP,1,,0.57833,0.51429,0.88925,1810.51,424629.7,19552.08,176550.21
493,493,LOAD_BALANCE,1,,0.57833,0.51429,0.88925,566.58,424629.7,20206.51,182459.51
493,493,OPTIMIZED,1,,0.62667,0.59214,0.94491,530.99,424772.31,4494.54,81583.71
494,494,EDD,1,,0.57929,0.515,0.88903,,424766.29,19732.37,177810.59
494,494,COLOR_GROUP,1,,0.57929,0.515,0.88903,,424766.29,19700.43,177522.79
494,494,LOAD_BALANCE,1,,0.57929,0.515,0.88903,,424766.29,19728.14,177772.43
494,494,OPTIMIZED,1,,0.62833,0.59595,0.94847,,424798.8,4355.71,84519.97
495,495,EDD,1,,0.58143,0.51524,0.88616,,424728.32,19387.29,170301.28
495,495,COLOR_GROUP,1,,0.58143,0.51524,0.88616,,424728.32,19327.82,169778.87
495,495,LOAD_BALANCE,1,,0.58143,0.51524,0.88616,,424728.32,19374.17,170186.03
495,495,OPTIMIZED,1,,0.62833,0.59524,0.94733,,424745.33,4233.8,80381.34
496,496,EDD,1,,0.56952,0.51524,0.90468,4389.63,424752.74,19902.62,208802.89
496,496,COLOR_GROUP,1,,0.56952,0.51524,0.90468,4389.63,424752.74,18972.65,199046.4
496,496,LOAD_BALANCE,1,,0.56952,0.51524,0.90468,4389.63,424752.74,19842.34,208170.47
496,496,OPTIMIZED,1,,0.62571,0.5931,0.94787,4737.69,424785.41,4444.71,85260.56
497,497,EDD,1,,0.57095,0.51381,0.89992,,424671.74,16000.87,159875.32
497,497,COLOR_GROUP,1,,0.57095,0.51381,0.89992,,424671.74,15945.18,159318.92
497,497,LOAD_BALANCE,1,,0.57095,0.51381,0.89992,,424671.74,15995.91,159825.81
497,497,OPTIMIZED,1,,0.6231,0.58952,0.94612,,424745.91,4403.59,81731.87
498,498,EDD,1,,0.57548,0.51405,0.89326,,424677.77,19829.49,185766.97
498,498,COLOR_GROUP,1,,0.57548,0.51405,0.89326,,424677.77,19828.17,185754.62
498,498,LOAD_BALANCE,1,,0.57548,0.51405,0.89326,,424677.77,19827.85,185751.61
498,498,OPTIMIZED,1,,0.6281,0.59381,0.94541,,424750.25,4433.71,81223.06
499,499,EDD,1,,0.57833,0.51476,0.89008,,424679.13,19364.5,176166.21
499,499,COLOR_GROUP,1,,0.57833,0.51476,0.89008,,424679.13,19328.93,175842.62
499,499,LOAD_BALANCE,1,,0.57833,0.51476,0.89008,,424679.13,19360.38,176128.7
499,499,OPTIMIZED,1,,0.62833,0.59429,0.94581,,424779.51,4581.56,84550.55
500,500,EDD,1,,0.58024,0.51167,0.88182,,424696.86,20459.4,173123.51
500,500,COLOR_GROUP,1,,0.58024,0.51429,0.88634,,424696.86,20241.09,178077.71
500,500,LOAD_BALANCE,1,,0.58024,0.51167,0.88182,,424696.86,20426.1,172841.7
500,500,OPTIMIZED,1,,0.62881,0.59452,0.94548,,424744.09,4459.35,81785.71
501,501,EDD,1,,0.58024,0.51024,0.87936,,424796.18,20280.4,168106.58
501,501,COLOR_GROUP,1,,0.58024,0.51452,0.88675,,424796.18,19502.64,172202.66
501,501,LOAD_BALANCE,1,,0.58024,0.51024,0.87936,,424796.18,20181.05,167283.07
501,501,OPTIMIZED,1,,0.62786,0.59476,0.94729,,424736.08,4336.94,82277.01
502,502,EDD,1,,0.57071,0.51381,0.90029,,424740.54,20274.61,203339.87
502,502,COLOR_GROUP,1,,0.57071,0.51381,0.90029,,424740.54,19613.0,196704.46
502,502,LOAD_BALANCE,1,,0.57071,0.51381,0.90029,,424740.54,20256.3,203156.31
502,502,OPTIMIZED,1,,0.62357,0.59119,0.94807,65.39,424745.69,6419.22,123617.12
503,503,EDD,1,,0.57881,0.51452,0.88893,,424690.16,19854.31,178762.36
503,503,COLOR_GROUP,1,,0.57881,0.51452,0.88893,,424690.16,19823.35,178483.53
503,503,LOAD_BALANCE,1,,0.57881,0.51452,0.88893,,424690.16,19850.23,178725.61
503,503,OPTIMIZED,1,,0.62667,0.59405,0.94795,,424788.27,4524.26,86918.54
504,504,EDD,1,,0.5719,0.51381,0.89842,,424731.38,18241.6,179575.06
504,504,COLOR_GROUP,1,,0.5719,0.515,0.9005,,424731.38,18078.94,181697.13
504,504,LOAD_BALANCE,1,,0.5719,0.51381,0.89842,,424731.38,18206.24,179227.02
504,504,OPTIMIZED,1,,0.61738,0.59214,0.95912,,424773.87,4810.25,117669.52
505,505,EDD,1,,0.55595,0.50595,0.91006,,424698.36,20336.67,226124.41
505,505,COLOR_GROUP,1,,0.55595,0.50595,0.91006,,424698.36,20343.37,226198.85
505,505,LOAD_BALANCE,1,,0.55595,0.50595,0.91006,,424698.36,20314.31,225875.75
505,505,OPTIMIZED,1,,0.61643,0.57952,0.94013,,424744.7,7557.78,126239.28
506,506,EDD,1,,0.58119,0.51524,0.88652,,424779.43,19924.17,175577.23
506,506,COLOR_GROUP,1,,0.58119,0.51524,0.88652,,424779.43,19843.26,174864.29
506,506,LOAD_BALANCE,1,,0.58119,0.51524,0.88652,,424779.43,19888.56,175263.44
506,506,OPTIMIZED,1,,0.62905,0.59595,0.94739,,424742.55,4208.81,79997.7
507,507,EDD,1,,0.58071,0.51476,0.88643,,424573.45,20706.54,182322.25
507,507,COLOR_GROUP,1,,0.58071,0.51476,0.88643,,424573.45,20361.79,179286.67
507,507,LOAD_BALANCE,1,,0.58071,0.51476,0.88643,,424573.45,20698.06,182247.52
507,507,OPTIMIZED,1,,0.6281,0.59476,0.94693,,424760.58,4334.17,81668.2
508,508,EDD,1,,0.57881,0.51,0.88112,,424751.1,20316.06,170893.93
508,508,COLOR_GROUP,1,,0.57881,0.51476,0.88935,,424751.1,19787.34,178821.69
508,508,LOAD_BALANCE,1,,0.57881,0.51,0.88112,,424751.1,20303.3,170786.56
508,508,OPTIMIZED,1,,0.6281,0.595,0.94731,,424787.52,4410.79,83709.89
509,509,EDD,1,,0.57643,0.51286,0.88971,,424689.03,18957.4,171894.67
509,509,COLOR_GROUP,1,,0.57643,0.51286,0.88971,,424689.03,18938.34,171721.78
509,509,LOAD_BALANCE,1,,0.57643,0.51286,0.88971,,424689.03,18943.6,171769.46
509,509,OPTIMIZED,1,,0.62595,0.59238,0.94637,,424752.44,4536.65,84587.55
510,510,EDD,1,,0.57976,0.51452,0.88747,,424658.53,19713.57,175191.79
510,510,COLOR_GROUP,1,,0.57976,0.51452,0.88747,,424658.53,19536.18,173615.35
510,510,LOAD_BALANCE,1,,0.57976,0.51452,0.88747,,424658.53,19700.97,175079.83
510,510,OPTIMIZED,1,,0.62548,0.59571,0.95242,,424750.01,3790.48,79660.73
511,511,EDD,1,,0.56167,0.51452,0.91607,,424764.64,17919.6,213496.62
511,511,COLOR_GROUP,1,,0.56167,0.51452,0.91607,,424764.64,17919.43,213494.64
511,511,LOAD_BALANCE,1,,0.56167,0.51452,0.91607,,424764.64,17914.8,213439.41
511,511,OPTIMIZED,1,,0.62381,0.58976,0.94542,,424772.32,4770.94,87411.7
512,512,EDD,1,,0.56929,0.51238,0.90004,,424674.41,18263.96,182716.03
512,512,COLOR_GROUP,1,,0.56929,0.51238,0.90004,,424674.41,18263.85,182714.88
512,512,LOAD_BALANCE,1,,0.56929,0.51238,0.90004,,424674.41,18261.85,182694.87
512,512,OPTIMIZED,1,,0.61762,0.58833,0.95258,,424793.13,5672.49,119629.63
513,513,EDD,1,,0.57857,0.51595,0.89177,,424780.18,19982.93,184633.18
513,513,COLOR_GROUP,1,,0.57857,0.51595,0.89177,,424780.18,19979.11,184597.82
513,513,LOAD_BALANCE,1,,0.57857,0.51595,0.89177,,424780.18,19953.85,184364.46
513,513,OPTIMIZED,1,,0.62762,0.59429,0.94689,,424797.02,4543.47,85547.09
514,514,EDD,1,,0.57095,0.50881,0.89116,,424661.6,18245.85,167638.1
514,514,COLOR_GROUP,1,,0.57286,0.50952,0.88944,,424755.61,18829.42,170314.19
514,514,LOAD_BALANCE,1,,0.57095,0.50881,0.89116,,424661.6,18242.74,167609.5
514,514,OPTIMIZED,1,,0.61643,0.58333,0.94631,375.38,424772.43,4369.15,81379.39
515,515,EDD,1,,0.57595,0.51214,0.88921,,424694.88,18511.23,167084.54
515,515,COLOR_GROUP,1,,0.57595,0.51452,0.89334,,424694.88,17720.74,166149.11
515,515,LOAD_BALANCE,1,,0.57595,0.51214,0.88921,,424694.88,18468.77,166701.3
515,515,OPTIMIZED,1,,0.62714,0.59548,0.94951,,424784.43,4053.34,80274.42
516,516,EDD,1,,0.57881,0.51429,0.88852,,424774.18,19403.17,174055.71
516,516,COLOR_GROUP,1,,0.57881,0.51452,0.88893,,424774.18,19349.73,174219.2
516,516,LOAD_BALANCE,1,,0.57881,0.51429,0.88852,,424774.18,19370.69,173764.41
516,516,OPTIMIZED,1,,0.62714,0.59429,0.94761,,424795.75,4401.94,84019.7
517,517,EDD,1,,0.57881,0.51333,0.88688,,424652.18,20207.21,178631.75
517,517,COLOR_GROUP,1,,0.57881,0.51333,0.88688,,424652.18,20125.89,177912.82
517,517,LOAD_BALANCE,1,,0.57881,0.51333,0.88688,,424652.18,20200.18,178569.59
517,517,OPTIMIZED,1,,0.62762,0.59429,0.94689,,424782.52,4569.66,86040.23
518,518,EDD,1,,0.56262,0.51452,0.91452,422.55,424746.04,18007.98,210657.65
518,518,COLOR_GROUP,1,,0.56262,0.51452,0.91452,545.52,424746.04,17999.91,210563.36
518,518,LOAD_BALANCE,1,,0.56262,0.51452,0.91452,265.06,424746.04,18002.03,210588.08
518,518,OPTIMIZED,1,,0.61976,0.59167,0.95467,191.91,424755.77,5269.84,116249.01
519,519,EDD,1,,0.58119,0.51548,0.88693,,424773.97,20072.1,177521.73
519,519,COLOR_GROUP,1,,0.58119,0.51548,0.88693,,424773.97,20005.74,176934.84
519,519,LOAD_BALANCE,1,,0.58119,0.51548,0.88693,,424773.97,20046.94,177299.2
519,519,OPTIMIZED,1,,0.62786,0.59405,0.94615,,424783.58,4471.61,83039.63
520,520,EDD,1,,0.57143,0.51238,0.89667,,424444.53,18252.97,176641.66
520,520,COLOR_GROUP,1,,0.57143,0.51238,0.89667,,424444.53,18250.81,176620.75
520,520,LOAD_BALANCE,1,,0.57143,0.51238,0.89667,,424444.53,18234.61,176464.0
520,520,OPTIMIZED,1,,0.62643,0.59286,0.94641,,424781.74,4715.52,87989.67
521,521,EDD,1,,0.57881,0.51429,0.88852,,424792.59,19912.8,178627.34
521,521,COLOR_GROUP,1,,0.57881,0.51429,0.88852,,424792.59,19897.38,178489.04
521,521,LOAD_BALANCE,1,,0.57881,0.51429,0.88852,,424792.59,19905.67,178563.44
521,521,OPTIMIZED,1,,0.62833,0.59357,0.94468,,424786.08,4570.81,82618.99
522,522,EDD,1,,0.57,0.51548,0.90434,,424789.35,16652.26,174085.18
522,522,COLOR_GROUP,1,,0.57,0.51548,0.90434,,424789.35,16652.26,174085.18
522,522,LOAD_BALANCE,1,,0.57,0.51548,0.90434,,424789.35,16649.1,174052.16
522,522,OPTIMIZED,1,,0.6269,0.59476,0.94873,,424797.49,4265.34,83189.94
523,523,EDD,1,,0.57881,0.51405,0.88811,,424661.58,20031.2,179028.88
523,523,COLOR_GROUP,1,,0.57881,0.51405,0.88811,,424661.58,20026.66,178988.25
523,523,LOAD_BALANCE,1,,0.57881,0.51405,0.88811,,424661.58,20022.33,178949.55
523,523,OPTIMIZED,1,,0.6281,0.59476,0.94693,,424759.76,4431.35,83499.23
524,524,EDD,1,,0.57833,0.51381,0.88843,,424696.26,19788.21,177363.74
524,524,COLOR_GROUP,1,,0.57833,0.51381,0.88843,,424696.26,19785.39,177338.42
524,524,LOAD_BALANCE,1,,0.57833,0.51381,0.88843,,424696.26,19776.33,177257.24
524,524,OPTIMIZED,1,,0.62714,0.595,0.94875,,424780.66,4257.84,83075.22
525,525,EDD,1,,0.5719,0.51452,0.89967,31432.92,424635.39,20889.97,208206.29
525,525,COLOR_GROUP,1,,0.57333,0.51452,0.89743,30895.88,424687.02,20031.7,195288.78
525,525,LOAD_BALANCE,1,,0.5719,0.51452,0.89967,31432.92,424635.39,20864.96,207956.99
525,525,OPTIMIZED,1,,0.62571,0.58857,0.94064,30924.06,424771.99,4922.93,82932.35
526,526,EDD,1,,0.57714,0.515,0.89233,,424711.74,19153.74,177887.57
526,526,COLOR_GROUP,1,,0.57881,0.515,0.88976,,424752.23,19504.04,176919.1
526,526,LOAD_BALANCE,1,,0.57714,0.515,0.89233,,424711.74,19149.46,177847.84
526,526,OPTIMIZED,1,,0.62714,0.59452,0.94799,,424754.53,4387.52,84355.74
527,527,EDD,1,,0.57833,0.51452,0.88967,,424704.78,19554.63,177232.05
527,527,COLOR_GROUP,1,,0.57833,0.51452,0.88967,,424704.78,19554.01,177226.41
527,527,LOAD_BALANCE,1,,0.57833,0.51452,0.88967,,424704.78,19510.02,176827.78
527,527,OPTIMIZED,1,,0.6281,0.59548,0.94807,,424757.32,4194.32,80763.53
528,528,EDD,1,,0.58071,0.51405,0.8852,,424780.93,20781.0,181017.39
528,528,COLOR_GROUP,1,,0.58071,0.51405,0.8852,,424780.93,20635.91,179753.5
528,528,LOAD_BALANCE,1,,0.58071,0.51405,0.8852,,424780.93,20770.39,180924.9
528,528,OPTIMIZED,1,,0.62762,0.59476,0.94765,,424757.65,4324.9,82611.93
529,529,EDD,1,,0.57357,0.51476,0.89747,,424785.45,17090.69,166686.08
529,529,COLOR_GROUP,1,,0.57881,0.51548,0.89058,,424708.19,19645.73,179544.21
529,529,LOAD_BALANCE,1,,0.57357,0.51476,0.89747,,424785.45,17088.91,166668.77
529,529,OPTIMIZED,1,,0.62738,0.59429,0.94725,,424779.87,4144.32,78563.18
530,530,EDD,1,,0.5769,0.51524,0.89311,,424695.82,19222.67,179832.14
530,530,COLOR_GROUP,1,,0.5769,0.51524,0.89311,,424695.82,19221.18,179818.23
530,530,LOAD_BALANCE,1,,0.5769,0.51524,0.89311,,424695.82,19220.06,179807.74
530,530,OPTIMIZED,1,,0.62643,0.59524,0.95021,,424775.33,4525.1,90881.98
531,531,EDD,1,,0.57262,0.51381,0.8973,685.94,424785.65,19562.76,190479.5
531,531,COLOR_GROUP,1,,0.57048,0.51381,0.90067,543.5,424628.14,17735.48,178547.09
531,531,LOAD_BALANCE,1,,0.57262,0.51381,0.8973,685.94,424785.65,19544.54,190302.06
531,531,OPTIMIZED,1,,0.6269,0.59452,0.94835,763.43,424794.08,4410.04,85379.63
532,532,EDD,1,,0.57905,0.51405,0.88775,,424749.21,20788.05,185188.79
532,532,COLOR_GROUP,1,,0.57905,0.51405,0.88775,,424749.21,19865.1,176966.72
532,532,LOAD_BALANCE,1,,0.57905,0.51405,0.88775,,424749.21,20726.8,184643.12
532,532,OPTIMIZED,1,,0.62833,0.59452,0.94619,,424783.91,4450.49,82710.22
533,533,EDD,1,,0.57333,0.51476,0.89784,,424734.96,16916.49,165589.1
533,533,COLOR_GROUP,1,,0.57333,0.51476,0.89784,,424734.96,16909.34,165519.07
533,533,LOAD_BALANCE,1,,0.57333,0.51476,0.89784,,424734.96,16898.15,165409.51
533,533,OPTIMIZED,1,,0.62595,0.5931,0.94751,,424752.75,4242.22,80817.44
534,534,EDD,1,,0.57214,0.51214,0.89513,,424755.42,17361.21,165551.52
534,534,COLOR_GROUP,1,,0.57214,0.51381,0.89804,,424755.42,16744.76,164235.33
534,534,LOAD_BALANCE,1,,0.57214,0.51214,0.89513,,424755.42,17318.72,165146.36
534,534,OPTIMIZED,1,,0.62405,0.59214,0.94887,,424756.2,3504.74,68551.71
535,535,EDD,1,,0.57571,0.51214,0.88958,,424748.09,19888.86,180117.14
535,535,COLOR_GROUP,1,,0.57571,0.51571,0.89578,,424748.09,19576.16,187837.95
535,535,LOAD_BALANCE,1,,0.57571,0.51214,0.88958,,424748.09,19858.3,179840.29
535,535,OPTIMIZED,1,,0.62476,0.59143,0.94665,,424799.84,4955.06,92871.97
536,536,EDD,1,,0.57333,0.51333,0.89535,,424790.18,16542.8,158075.65
536,536,COLOR_GROUP,1,,0.58143,0.51452,0.88493,,424662.41,19747.01,171609.25
536,536,LOAD_BALANCE,1,,0.57333,0.51333,0.89535,,424790.18,16479.15,157467.43
536,536,OPTIMIZED,1,,0.62167,0.59119,0.95098,168.35,424740.28,3848.13,78495.8
537,537,EDD,1,,0.57,0.51619,0.9056,,424765.56,19525.19,206828.79
537,537,COLOR_GROUP,1,,0.57,0.51619,0.9056,,424765.56,19479.88,206348.85
537,537,LOAD_BALANCE,1,,0.57,0.51619,0.9056,,424765.56,19519.26,206765.98
537,537,OPTIMIZED,1,,0.62119,0.59071,0.95094,,424761.24,5642.21,115004.07
538,538,EDD,1,,0.56976,0.51548,0.90472,5343.88,424744.64,20266.97,212714.32
538,538,COLOR_GROUP,1,,0.57048,0.51548,0.90359,5239.73,424623.03,19358.89,200796.12
538,538,LOAD_BALANCE,1,,0.56976,0.51548,0.90472,5343.88,424744.64,20213.46,212152.67
538,538,OPTIMIZED,1,,0.62357,0.5919,0.94922,4868.69,424796.98,5366.02,105666.15
539,539,EDD,1,,0.57595,0.51429,0.89293,2850.44,424633.07,19349.33,180718.25
539,539,COLOR_GROUP,1,,0.5769,0.51452,0.89187,4993.13,424711.13,19307.28,178555.45
539,539,LOAD_BALANCE,1,,0.5769,0.51429,0.89146,2842.98,424711.13,19610.74,180672.33
539,539,OPTIMIZED,1,,0.62738,0.595,0.94839,3051.22,424738.8,4353.03,84340.03
540,540,EDD,1,,0.57976,0.51548,0.88912,,424727.1,19198.91,173145.69
540,540,COLOR_GROUP,1,,0.57976,0.51548,0.88912,,424727.1,19145.32,172662.44
540,540,LOAD_BALANCE,1,,0.57976,0.51548,0.88912,,424727.1,19188.0,173047.31
540,540,OPTIMIZED,1,,0.6269,0.59381,0.94721,,424764.01,4465.8,84593.19
541,541,EDD,1,,0.57643,0.51405,0.89178,,424659.71,19394.56,179214.61
541,541,COLOR_GROUP,1,,0.57643,0.51452,0.89261,,424659.71,18460.31,171893.9
541,541,LOAD_BALANCE,1,,0.57643,0.51405,0.89178,,424659.71,19291.81,178265.12
541,541,OPTIMIZED,1,,0.62667,0.59381,0.94757,,424765.82,4465.13,85161.09
542,542,EDD,1,,0.56952,0.51452,0.90343,,424671.19,15773.82,163337.53
542,542,COLOR_GROUP,1,,0.56952,0.51452,0.90343,,424671.19,15551.22,161032.5
542,542,LOAD_BALANCE,1,,0.56952,0.51452,0.90343,,424671.19,15718.91,162768.99
542,542,OPTIMIZED,1,,0.62405,0.59238,0.94926,,424781.87,4266.52,84079.31
543,543,EDD,1,,0.58024,0.51405,0.88593,1231.03,424740.68,19612.6,171927.73
543,543,COLOR_GROUP,1,,0.58024,0.51571,0.8888,4828.01,424740.68,19502.94,175382.55
543,543,LOAD_BALANCE,1,,0.58024,0.51405,0.88593,1231.03,424740.68,19581.37,171653.99
543,543,OPTIMIZED,1,,0.62881,0.59452,0.94548,1188.5,424757.06,4365.17,80058.46
544,544,EDD,1,,0.57405,0.51476,0.89672,,424720.16,17645.74,170858.95
544,544,COLOR_GROUP,1,,0.57405,0.51476,0.89672,,424720.16,17642.39,170826.52
544,544,LOAD_BALANCE,1,,0.57405,0.51476,0.89672,,424720.16,17645.3,170854.69
544,544,OPTIMIZED,1,,0.62429,0.59143,0.94737,,424781.26,3809.46,72379.72
545,545,EDD,1,,0.57571,0.51405,0.89289,,424710.29,19393.12,181052.36
545,545,COLOR_GROUP,1,,0.57571,0.51405,0.89289,,424710.29,19393.12,181052.36
545,545,LOAD_BALANCE,1,,0.57571,0.51405,0.89289,,424710.29,19393.05,181051.69
545,545,OPTIMIZED,1,,0.62738,0.59476,0.94801,,424778.02,4356.86,83798.06
546,546,EDD,1,,0.55643,0.5131,0.92212,,424749.39,14061.4,180557.65
546,546,COLOR_GROUP,1,,0.56071,0.5131,0.91507,,424712.34,16028.5,188735.6
546,546,LOAD_BALANCE,1,,0.55643,0.5131,0.92212,,424749.39,14046.62,180367.92
546,546,OPTIMIZED,1,,0.61762,0.59286,0.95991,,424766.68,4899.73,122210.54
547,547,EDD,1,,0.57405,0.51262,0.89299,,424633.7,19458.03,181834.57
547,547,COLOR_GROUP,1,,0.57405,0.51262,0.89299,,424633.7,19275.88,180132.35
547,547,LOAD_BALANCE,1,,0.57405,0.51262,0.89299,,424633.7,19452.47,181782.62
547,547,OPTIMIZED,1,,0.62738,0.59452,0.94763,,424754.2,4299.2,82089.84
548,548,EDD,1,,0.57,0.50833,0.89181,,424598.14,20232.03,187009.54
548,548,COLOR_GROUP,1,,0.57,0.50833,0.89181,,424598.14,20231.92,187008.54
548,548,LOAD_BALANCE,1,,0.57,0.50833,0.89181,,424598.14,20228.59,186977.81
548,548,OPTIMIZED,1,,0.62143,0.58738,0.94521,,424781.19,5825.38,106323.4
549,549,EDD,1,,0.56762,0.51524,0.90772,,424797.0,19372.66,209929.22
549,549,COLOR_GROUP,1,,0.56762,0.51524,0.90772,,424797.0,19333.97,209509.97
549,549,LOAD_BALANCE,1,,0.56762,0.51524,0.90772,,424797.0,19340.55,209581.25
549,549,OPTIMIZED,1,,0.61643,0.58952,0.95635,,424748.76,6239.13,142947.84
550,550,EDD,1,,0.57571,0.51452,0.89371,,424726.09,19460.68,183097.0
550,550,COLOR_GROUP,1,,0.57571,0.51452,0.89371,,424726.09,19453.45,183028.96
550,550,LOAD_BALANCE,1,,0.57571,0.51452,0.89371,,424726.09,19397.89,182506.17
550,550,OPTIMIZED,1,,0.62714,0.59452,0.94799,,424778.8,4432.87,85227.54
551,551,EDD,1,,0.57881,0.515,0.88976,,424694.26,19505.88,176935.78
551,551,COLOR_GROUP,1,,0.57881,0.515,0.88976,,424694.26,19251.67,174629.93
551,551,LOAD_BALANCE,1,,0.57881,0.515,0.88976,,424694.26,19502.64,176906.4
551,551,OPTIMIZED,1,,0.62762,0.59476,0.94765,,424753.02,4474.27,85465.13
552,552,EDD,1,,0.58024,0.51381,0.88551,,424767.62,20739.89,181158.1
552,552,COLOR_GROUP,1,,0.58024,0.51524,0.88798,,424767.62,19581.64,174800.19
552,552,LOAD_BALANCE,1,,0.58024,0.51381,0.88551,,424767.62,20677.56,180613.64
552,552,OPTIMIZED,1,,0.62786,0.59476,0.94729,,424764.75,4376.79,83033.08
553,553,EDD,1,,0.57881,0.51429,0.88852,,424686.94,20109.81,180394.64
553,553,COLOR_GROUP,1,,0.57881,0.51429,0.88852,,424686.94,20109.81,180394.61
553,553,LOAD_BALANCE,1,,0.57881,0.51429,0.88852,,424686.94,20092.96,180243.47
553,553,OPTIMIZED,1,,0.6269,0.59476,0.94873,,424776.48,4252.02,82930.13
554,554,EDD,1,,0.57881,0.51452,0.88893,,424665.27,19361.12,174321.8
554,554,COLOR_GROUP,1,,0.57881,0.51452,0.88893,,424665.27,19310.95,173870.08
554,554,LOAD_BALANCE,1,,0.57881,0.51452,0.88893,,424665.27,19351.51,174235.22
554,554,OPTIMIZED,1,,0.62429,0.59452,0.95233,,424781.47,4181.56,87712.47
555,555,EDD,1,,0.57595,0.51357,0.89169,,424787.45,19386.98,178996.59
555,555,COLOR_GROUP,1,,0.57595,0.51357,0.89169,,424787.45,19383.93,178968.41
555,555,LOAD_BALANCE,1,,0.57595,0.51357,0.89169,,424787.45,19382.78,178957.81
555,555,OPTIMIZED,1,,0.62738,0.59476,0.94801,,424799.52,4353.01,83723.96
556,556,EDD,1,,0.57833,0.51381,0.88843,,424601.67,19822.51,177671.09
556,556,COLOR_GROUP,1,,0.57833,0.51381,0.88843,,424601.67,19738.49,176918.09
556,556,LOAD_BALANCE,1,,0.57833,0.51381,0.88843,,424601.67,19797.15,177443.84
556,556,OPTIMIZED,1,,0.62762,0.59357,0.94575,,424750.47,4531.12,83524.75
557,557,EDD,1,,0.57357,0.515,0.89788,,424661.27,19625.47,192186.05
557,557,COLOR_GROUP,1,,0.57357,0.515,0.89788,,424661.27,19468.8,190651.82
557,557,LOAD_BALANCE,1,,0.57357,0.515,0.89788,,424661.27,19613.15,192065.37
557,557,OPTIMIZED,1,,0.625,0.59357,0.94971,,424782.59,4632.57,92124.97
558,558,EDD,1,,0.57548,0.51381,0.89284,,424776.06,18746.83,174946.27
558,558,COLOR_GROUP,1,,0.57595,0.51381,0.8921,,424733.56,18977.47,175887.0
558,558,LOAD_BALANCE,1,,0.57548,0.51381,0.89284,,424776.06,18741.87,174900.0
558,558,OPTIMIZED,1,,0.62619,0.59357,0.94791,,424779.13,4274.76,82062.94
559,559,EDD,1,,0.57786,0.51452,0.8904,,424666.51,19517.94,178082.83
559,559,COLOR_GROUP,1,,0.57786,0.51452,0.8904,,424666.51,19489.89,177826.94
559,559,LOAD_BALANCE,1,,0.57786,0.51452,0.8904,,424666.51,19516.2,178067.03
559,559,OPTIMIZED,1,,0.62738,0.59429,0.94725,,424771.38,4387.67,83176.41
560,560,EDD,1,,0.57119,0.51476,0.90121,,424727.94,19934.55,201784.78
560,560,COLOR_GROUP,1,,0.57119,0.51476,0.90121,,424727.94,19914.63,201583.12
560,560,LOAD_BALANCE,1,,0.57119,0.51476,0.90121,,424727.94,19864.16,201072.24
560,560,OPTIMIZED,1,,0.62476,0.58857,0.94207,,424787.08,5098.61,88018.16
561,561,EDD,1,,0.58429,0.51262,0.87734,,424711.11,20809.13,169653.21
561,561,COLOR_GROUP,1,,0.58429,0.51548,0.88223,,424711.11,20388.1,173122.49
561,561,LOAD_BALANCE,1,,0.58429,0.51262,0.87734,,424711.11,20684.31,168635.5
561,561,OPTIMIZED,1,,0.62786,0.59381,0.94577,,424779.39,4565.11,84183.13
562,562,EDD,1,,0.57833,0.51452,0.88967,,424602.39,19413.79,175955.58
562,562,COLOR_GROUP,1,,0.57833,0.51452,0.88967,,424602.39,19391.45,175753.08
562,562,LOAD_BALANCE,1,,0.57833,0.51452,0.88967,,424602.39,19392.23,175760.17
562,562,OPTIMIZED,1,,0.6281,0.59548,0.94807,,424778.92,4351.65,83793.16
563,563,EDD,1,,0.57357,0.51452,0.89705,3639.71,424684.07,19816.97,192496.25
563,563,COLOR_GROUP,1,,0.57357,0.51452,0.89705,6737.59,424684.07,18352.73,178273.06
563,563,LOAD_BALANCE,1,,0.57357,0.51452,0.89705,3448.68,424684.07,19262.61,187111.42
563,563,OPTIMIZED,1,,0.62714,0.59429,0.94761,3735.51,424776.48,4341.21,82860.43
564,564,EDD,1,,0.57143,0.51143,0.895,,420738.36,17799.84,169522.24
564,564,COLOR_GROUP,1,,0.57143,0.51143,0.895,,420738.36,17785.45,169385.21
564,564,LOAD_BALANCE,1,,0.57143,0.51143,0.895,,420738.36,17798.12,169505.93
564,564,OPTIMIZED,1,,0.61619,0.58238,0.94513,,420569.19,4438.38,80890.98
565,565,EDD,1,,0.57238,0.51381,0.89767,1900.8,424742.61,17588.05,171876.72
565,565,COLOR_GROUP,1,,0.57548,0.51381,0.89284,1658.15,424712.76,18876.67,176157.94
565,565,LOAD_BALANCE,1,,0.57238,0.51381,0.89767,1900.8,424742.61,17585.17,171848.59
565,565,OPTIMIZED,1,,0.62762,0.59571,0.94917,1393.03,424757.03,4122.59,81098.18
566,566,EDD,1,,0.58119,0.51429,0.88488,,424611.4,20151.92,175056.37
566,566,COLOR_GROUP,1,,0.58119,0.51452,0.88529,,424611.4,20111.28,175327.3
566,566,LOAD_BALANCE,1,,0.58119,0.51429,0.88488,,424611.4,20059.53,174253.81
566,566,OPTIMIZED,1,,0.62762,0.59452,0.94727,,424758.16,4291.5,81384.04
567,567,EDD,1,,0.57357,0.50619,0.88252,7147.39,424767.16,20676.32,176004.48
567,567,COLOR_GROUP,1,,0.57405,0.51262,0.89299,15421.66,424613.19,19255.66,179943.38
567,567,LOAD_BALANCE,1,,0.57333,0.50595,0.88248,5831.93,424779.76,20211.1,171972.88
567,567,OPTIMIZED,1,,0.62571,0.59286,0.94749,5654.85,424764.87,4863.67,92621.2
568,568,EDD,1,,0.57929,0.51381,0.88697,3807.15,424682.71,20362.39,180151.59
568,568,COLOR_GROUP,1,,0.57929,0.51381,0.88697,3709.96,424682.71,20186.96,178599.55
568,568,LOAD_BALANCE,1,,0.57929,0.51381,0.88697,3657.96,424682.71,20380.93,180315.68
568,568,OPTIMIZED,1,,0.62881,0.59238,0.94207,3963.4,424788.2,4513.41,77907.95
569,569,EDD,1,,0.58214,0.51524,0.88507,,424737.25,19559.01,170184.27
569,569,COLOR_GROUP,1,,0.58214,0.51619,0.88671,,424737.25,19479.65,171941.3
569,569,LOAD_BALANCE,1,,0.58214,0.51524,0.88507,,424737.25,19555.36,170152.48
569,569,OPTIMIZED,1,,0.6281,0.595,0.94731,,424756.62,4368.83,82913.45
570,570,EDD,1,,0.57452,0.51024,0.88811,33.46,424771.53,20488.12,183103.09
570,570,COLOR_GROUP,1,,0.57452,0.51024,0.88811,33.46,424771.53,20434.68,182625.51
570,570,LOAD_BALANCE,1,,0.57452,0.51024,0.88811,,424771.53,20229.47,180791.51
570,570,OPTIMIZED,1,,0.62667,0.59381,0.94757,85.25,424761.44,4590.5,87552.14
571,571,EDD,1,,0.57976,0.515,0.8883,1037.74,424759.61,21377.32,191374.18
571,571,COLOR_GROUP,1,,0.57976,0.515,0.8883,794.44,424740.1,19720.2,176539.31
571,571,LOAD_BALANCE,1,,0.57976,0.515,0.8883,1037.74,424759.61,21275.08,190458.88
571,571,OPTIMIZED,1,,0.6281,0.59405,0.94579,728.79,424754.92,4308.37,79478.86
572,572,EDD,1,,0.56881,0.50595,0.88949,2310.75,424726.4,18952.37,171504.57
572,572,COLOR_GROUP,1,,0.57143,0.51,0.8925,2310.75,424793.52,18987.42,176627.13
572,572,LOAD_BALANCE,1,,0.56881,0.50595,0.88949,2310.75,424726.4,18846.82,170549.44
572,572,OPTIMIZED,1,,0.62071,0.58548,0.94323,2224.08,424790.1,5113.34,90070.74
573,573,EDD,1,,0.56857,0.51429,0.90452,,424661.49,14575.69,152661.19
573,573,COLOR_GROUP,1,,0.56857,0.51429,0.90452,,424661.49,14573.45,152637.71
573,573,LOAD_BALANCE,1,,0.56857,0.51429,0.90452,,424661.49,14572.27,152625.35
573,573,OPTIMIZED,1,,0.62167,0.58833,0.94638,,424765.19,4349.0,81108.89
574,574,EDD,1,,0.57643,0.51429,0.89219,,424767.89,20249.69,187833.36
574,574,COLOR_GROUP,1,,0.57881,0.51429,0.88852,,424763.77,20107.19,180371.12
574,574,LOAD_BALANCE,1,,0.57643,0.51429,0.89219,,424767.89,20211.43,187478.43
574,574,OPTIMIZED,1,,0.62786,0.59452,0.94691,,424794.08,4519.23,85123.0
575,575,EDD,1,,0.58214,0.51452,0.88384,,424783.55,20598.95,177339.54
575,575,COLOR_GROUP,1,,0.58214,0.51452,0.88384,,424783.55,20594.03,177297.17
575,575,LOAD_BALANCE,1,,0.58214,0.51452,0.88384,,424783.55,20594.42,177300.51
575,575,OPTIMIZED,1,,0.6281,0.595,0.94731,,424781.95,4365.89,82857.59
576,576,EDD,1,,0.57476,0.51286,0.89229,1126.52,424676.75,18786.56,174426.01
576,576,COLOR_GROUP,1,,0.5781,0.51429,0.88962,6030.17,424790.54,19624.28,177790.09
576,576,LOAD_BALANCE,1,,0.57476,0.51286,0.89229,1126.52,424676.75,18681.32,173448.83
576,576,OPTIMIZED,1,,0.62381,0.59071,0.94695,1004.51,424796.31,4386.6,82682.73
577,577,EDD,1,,0.57,0.51548,0.90434,,424799.07,19604.47,204948.04
577,577,COLOR_GROUP,1,,0.57,0.51548,0.90434,,424799.07,19603.98,204942.97
577,577,LOAD_BALANCE,1,,0.57,0.51548,0.90434,,424799.07,19593.1,204829.18
577,577,OPTIMIZED,1,,0.62119,0.58786,0.94634,,424742.62,5110.11,95230.62
578,578,EDD,1,,0.57405,0.51214,0.89216,2429.8,424591.36,19539.98,181195.73
578,578,COLOR_GROUP,1,,0.57405,0.51214,0.89216,3916.74,424591.36,19480.78,180646.79
578,578,LOAD_BALANCE,1,,0.57405,0.51214,0.89216,1569.84,424591.36,19405.31,179946.94
578,578,OPTIMIZED,1,,0.6269,0.59357,0.94683,1559.49,424784.47,4697.3,88342.76
579,579,EDD,1,,0.57881,0.515,0.88976,,424663.0,19391.62,175899.37
579,579,COLOR_GROUP,1,,0.57881,0.515,0.88976,,424663.0,19373.43,175734.34
579,579,LOAD_BALANCE,1,,0.57881,0.515,0.88976,,424663.0,19381.54,175807.96
579,579,OPTIMIZED,1,,0.6281,0.59429,0.94617,,424753.91,4334.89,80531.2
580,580,EDD,1,,0.57881,0.51524,0.89017,,424643.86,19333.08,176025.14
580,580,COLOR_GROUP,1,,0.57881,0.51595,0.8914,,424643.86,19239.73,177165.82
580,580,LOAD_BALANCE,1,,0.57881,0.51524,0.89017,,424643.86,19321.16,175916.66
580,580,OPTIMIZED,1,,0.62833,0.59452,0.94619,,424783.84,4322.22,80326.31
581,581,EDD,1,,0.57881,0.51333,0.88688,,424776.44,19740.57,174506.6
581,581,COLOR_GROUP,1,,0.57881,0.51524,0.89017,,424776.44,19459.03,177171.88
581,581,LOAD_BALANCE,1,,0.57881,0.51333,0.88688,,424776.44,19686.4,174027.75
581,581,OPTIMIZED,1,,0.62738,0.59333,0.94573,,424763.53,4366.97,80468.29
582,582,EDD,1,,0.57214,0.515,0.90012,,424734.31,18872.92,188965.14
582,582,COLOR_GROUP,1,,0.57214,0.515,0.90012,,424734.31,18870.8,188943.9
582,582,LOAD_BALANCE,1,,0.57214,0.515,0.90012,,424734.31,18871.95,188955.42
582,582,OPTIMIZED,1,,0.62571,0.59333,0.94825,,424792.11,4697.99,90781.71
583,583,EDD,1,,0.57929,0.51476,0.88861,,424789.53,19720.63,177049.05
583,583,COLOR_GROUP,1,,0.57929,0.51524,0.88944,,424789.53,19697.8,178158.92
583,583,LOAD_BALANCE,1,,0.57929,0.51476,0.88861,,424789.53,19716.44,177011.41
583,583,OPTIMIZED,1,,0.62762,0.59452,0.94727,,424774.41,4414.75,83721.38
584,584,EDD,1,,0.5769,0.51452,0.89187,,424656.37,18750.05,173402.2
584,584,COLOR_GROUP,1,,0.5769,0.51452,0.89187,,424656.37,18678.77,172743.01
584,584,LOAD_BALANCE,1,,0.5769,0.51452,0.89187,,424656.37,18735.44,173267.03
584,584,OPTIMIZED,1,,0.62595,0.59548,0.95131,,424769.33,3798.21,78011.6
585,585,EDD,1,,0.57929,0.51452,0.8882,,424703.5,19189.39,171646.25
585,585,COLOR_GROUP,1,,0.57929,0.51476,0.88861,,424703.5,19145.66,171887.03
585,585,LOAD_BALANCE,1,,0.57929,0.51452,0.8882,,424703.5,19145.73,171255.72
585,585,OPTIMIZED,1,,0.6281,0.59405,0.94579,,424770.1,4442.5,81953.29
586,586,EDD,1,,0.58214,0.51405,0.88303,,424772.1,20342.84,173909.95
586,586,COLOR_GROUP,1,,0.58214,0.51405,0.88303,,424772.1,20333.24,173827.9
586,586,LOAD_BALANCE,1,,0.58214,0.51405,0.88303,,424772.1,20321.62,173728.58
586,586,OPTIMIZED,1,,0.6281,0.595,0.94731,,424734.86,4433.07,84132.59
587,587,EDD,1,,0.5669,0.51571,0.9097,32936.09,424619.48,14133.66,156522.07
587,587,COLOR_GROUP,1,,0.57262,0.51571,0.90062,32198.24,424762.61,16779.04,168843.47
587,587,LOAD_BALANCE,1,,0.5669,0.51571,0.9097,32936.09,424619.48,14133.42,156519.36
587,587,OPTIMIZED,1,,0.62357,0.58833,0.94349,32363.2,424778.94,3732.12,66043.48
588,588,EDD,1,,0.58024,0.515,0.88757,,424724.18,19508.48,173511.52
588,588,COLOR_GROUP,1,,0.58024,0.515,0.88757,,424724.18,19499.93,173435.5
588,588,LOAD_BALANCE,1,,0.58024,0.515,0.88757,,424724.18,19506.48,173493.77
588,588,OPTIMIZED,1,,0.6269,0.59405,0.94759,,424733.5,4346.6,82931.82
589,589,EDD,1,,0.57214,0.51452,0.89929,,424758.72,17275.0,171536.45
589,589,COLOR_GROUP,1,,0.57214,0.51452,0.89929,,424656.94,17274.82,171534.64
589,589,LOAD_BALANCE,1,,0.57214,0.51452,0.89929,,424758.72,17274.68,171533.28
589,589,OPTIMIZED,1,,0.62429,0.595,0.95309,,424766.09,4216.37,89880.57
590,590,EDD,1,,0.57952,0.51524,0.88907,,424744.53,19602.26,176710.77
590,590,COLOR_GROUP,1,,0.57952,0.51524,0.88907,,424744.53,19601.31,176702.19
590,590,LOAD_BALANCE,1,,0.57952,0.51524,0.88907,,424744.53,19599.09,176682.18
590,590,OPTIMIZED,1,,0.62738,0.595,0.94839,,424767.7,4318.1,83663.15
591,591,EDD,1,,0.57786,0.51405,0.88958,,424765.03,19596.56,177465.83
591,591,COLOR_GROUP,1,,0.57929,0.51405,0.88738,,424656.21,19717.55,175083.23
591,591,LOAD_BALANCE,1,,0.57786,0.51405,0.88958,,424765.03,19589.41,177401.13
591,591,OPTIMIZED,1,,0.6269,0.59357,0.94683,,424749.08,4551.82,85606.77
592,592,EDD,1,,0.57976,0.51167,0.88255,,424791.62,20327.38,173067.04
592,592,COLOR_GROUP,1,,0.57976,0.51429,0.88706,,424791.62,19894.54,176157.12
592,592,LOAD_BALANCE,1,,0.57976,0.51167,0.88255,,424791.62,20238.46,172309.99
592,592,OPTIMIZED,1,,0.62786,0.59524,0.94805,,424772.27,4254.31,81887.76
593,593,EDD,1,,0.58143,0.51381,0.8837,,424723.19,20485.87,176149.6
593,593,COLOR_GROUP,1,,0.58143,0.51381,0.8837,,424723.19,20418.38,175569.28
593,593,LOAD_BALANCE,1,,0.58143,0.51381,0.8837,,424723.19,20474.06,176048.1
593,593,OPTIMIZED,1,,0.62881,0.59476,0.94585,,424786.99,4404.11,81337.38
594,594,EDD,1,,0.58,0.51548,0.88875,,424776.16,19813.78,178104.68
594,594,COLOR_GROUP,1,,0.58,0.51548,0.88875,,424776.16,19825.52,178210.24
594,594,LOAD_BALANCE,1,,0.58,0.51548,0.88875,,424776.16,19782.91,177827.21
594,594,OPTIMIZED,1,,0.62857,0.59452,0.94583,,424787.12,4444.31,82048.71
595,595,EDD,1,,0.57548,0.51524,0.89532,,424655.79,18349.36,175298.0
595,595,COLOR_GROUP,1,,0.57548,0.51524,0.89532,,424606.36,18327.91,175093.12
595,595,LOAD_BALANCE,1,,0.57548,0.51524,0.89532,,424655.79,18249.52,174344.23
595,595,OPTIMIZED,1,,0.6281,0.59548,0.94807,,424759.88,4249.37,81823.61
596,596,EDD,1,,0.57429,0.51381,0.89469,,424782.8,18664.66,177240.82
596,596,COLOR_GROUP,1,,0.57429,0.51381,0.89469,,424782.8,18664.39,177238.26
596,596,LOAD_BALANCE,1,,0.57429,0.51381,0.89469,,424782.8,18661.53,177211.07
596,596,OPTIMIZED,1,,0.62905,0.59524,0.94625,,424782.52,4355.87,81043.66
597,597,EDD,1,,0.57,0.51476,0.90309,,424704.37,18042.67,186181.71
597,597,COLOR_GROUP,1,,0.57,0.51476,0.90309,,424704.37,18032.46,186076.33
597,597,LOAD_BALANCE,1,,0.57,0.51476,0.90309,,424704.37,18040.06,186154.81
597,597,OPTIMIZED,1,,0.62333,0.59429,0.9534,,424799.66,4817.75,103384.2
598,598,EDD,1,,0.57357,0.51476,0.89747,657.59,424785.66,19381.55,189028.98
598,598,COLOR_GROUP,1,,0.57357,0.51476,0.89747,685.38,424785.66,19333.88,188564.01
598,598,LOAD_BALANCE,1,,0.57357,0.51476,0.89747,631.62,424785.66,19369.31,188909.61
598,598,OPTIMIZED,1,,0.61905,0.59167,0.95577,973.74,424761.2,5841.2,132061.88
599,599,EDD,1,,0.58024,0.50667,0.8732,4256.61,424796.65,21111.65,166501.94
599,599,COLOR_GROUP,1,,0.58024,0.51524,0.88798,9246.86,424796.65,19342.02,172661.21
599,599,LOAD_BALANCE,1,,0.58,0.50667,0.87356,4233.73,424784.74,20849.02,164896.78
599,599,OPTIMIZED,1,,0.6269,0.58619,0.93506,4391.43,424762.35,5190.28,79918.23
600,600,EDD,1,,0.57881,0.51571,0.89099,,424612.59,19101.04,175224.98
600,600,COLOR_GROUP,1,,0.57881,0.51595,0.8914,,424612.59,18776.3,172898.45
600,600,LOAD_BALANCE,1,,0.57881,0.51571,0.89099,,424612.59,19064.02,174885.41
600,600,OPTIMIZED,1,,0.62833,0.595,0.94695,3539.46,424787.79,4556.27,85885.72
601,601,EDD,1,,0.5769,0.51524,0.89311,,424693.15,18509.46,173159.92
601,601,COLOR_GROUP,1,,0.57881,0.51524,0.89017,,424672.4,19359.14,176262.4
601,601,LOAD_BALANCE,1,,0.5769,0.51524,0.89311,,424693.15,18507.17,173138.54
601,601,OPTIMIZED,1,,0.62762,0.59476,0.94765,,424753.64,4284.75,81844.86
602,602,EDD,1,,0.58119,0.51452,0.88529,,424666.18,20658.64,180099.08
602,602,COLOR_GROUP,1,,0.58119,0.51452,0.88529,,424666.18,20658.16,180094.88
602,602,LOAD_BALANCE,1,,0.58119,0.51452,0.88529,,424666.18,20654.85,180066.02
602,602,OPTIMIZED,1,,0.62714,0.59429,0.94761,,424776.49,4642.34,88608.11
603,603,EDD,1,,0.57548,0.51381,0.89284,,424671.36,19605.24,182957.03
603,603,COLOR_GROUP,1,,0.57548,0.51381,0.89284,,424671.36,19486.18,181845.93
603,603,LOAD_BALANCE,1,,0.57548,0.51381,0.89284,,424671.36,19550.04,182441.84
603,603,OPTIMIZED,1,,0.62762,0.59429,0.94689,,424793.66,4580.97,86253.11
604,604,EDD,1,,0.54881,0.50238,0.9154,1688.67,424773.76,14378.8,169964.79
604,604,COLOR_GROUP,1,,0.55071,0.50143,0.91051,1636.22,424781.97,14141.09,158011.28
604,604,LOAD_BALANCE,1,,0.54881,0.50238,0.9154,1688.67,424773.76,14365.74,169810.46
604,604,OPTIMIZED,1,,0.60667,0.57714,0.95133,1589.0,424762.19,3965.09,81476.2
605,605,EDD,1,,0.57476,0.51381,0.89395,,424761.83,19441.35,183325.84
605,605,COLOR_GROUP,1,,0.57476,0.51381,0.89395,,424761.83,19433.26,183249.54
605,605,LOAD_BALANCE,1,,0.57476,0.51381,0.89395,,424761.83,19400.56,182941.19
605,605,OPTIMIZED,1,,0.62571,0.59262,0.94711,,424772.0,4699.01,88841.74
606,606,EDD,1,,0.56405,0.50548,0.89616,2790.1,424770.66,17212.84,165761.06
606,606,COLOR_GROUP,1,,0.5719,0.51119,0.89384,2582.84,424747.09,18139.75,170869.36
606,606,LOAD_BALANCE,1,,0.56405,0.50548,0.89616,2790.1,424770.66,17095.79,164633.89
606,606,OPTIMIZED,1,,0.62095,0.58786,0.9467,2585.71,424746.16,4445.52,83409.49
607,607,EDD,1,,0.5581,0.51357,0.92022,39286.26,424628.23,19013.9,238334.68
607,607,COLOR_GROUP,1,,0.56762,0.51357,0.90478,35622.6,424696.76,19843.53,208400.75
607,607,LOAD_BALANCE,1,,0.5581,0.51357,0.92022,39286.26,424628.23,18974.6,237842.09
607,607,OPTIMIZED,1,,0.61929,0.58619,0.94656,37501.67,424755.29,5976.7,111837.39
608,608,EDD,1,,0.56119,0.51262,0.91345,,424557.7,12909.85,149159.39
608,608,COLOR_GROUP,1,,0.56119,0.51262,0.91345,,424557.7,12743.06,147232.35
608,608,LOAD_BALANCE,1,,0.56119,0.51262,0.91345,,424557.7,12870.81,148708.34
608,608,OPTIMIZED,1,,0.62333,0.58714,0.94194,,424739.79,4378.63,75416.18
609,609,EDD,1,,0.57881,0.51476,0.88935,,424756.56,18711.09,169095.35
609,609,COLOR_GROUP,1,,0.57881,0.515,0.88976,,424756.56,18643.23,169110.77
609,609,LOAD_BALANCE,1,,0.57881,0.51476,0.88935,,424756.56,18699.99,168995.09
609,609,OPTIMIZED,1,,0.6281,0.5931,0.94428,,424794.26,4399.52,78951.96
610,610,EDD,1,,0.57,0.50714,0.88972,1372.9,424672.91,19378.18,175724.9
610,610,COLOR_GROUP,1,,0.57,0.50905,0.89307,1372.9,424672.91,19100.24,178617.05
610,610,LOAD_BALANCE,1,,0.57,0.50714,0.88972,1372.9,424672.91,19285.56,174884.95
610,610,OPTIMIZED,1,,0.62,0.58429,0.9424,1325.4,424746.62,4966.96,86226.34
611,611,EDD,1,,0.57976,0.51381,0.88624,2607.43,424774.5,20833.17,183136.37
611,611,COLOR_GROUP,1,,0.57976,0.51381,0.88624,10624.27,424774.5,20330.01,178713.29
611,611,LOAD_BALANCE,1,,0.57976,0.51381,0.88624,2214.29,424774.5,20484.29,180069.46
611,611,OPTIMIZED,1,,0.6281,0.59548,0.94807,2342.82,424749.95,4307.18,82936.72
612,612,EDD,1,,0.57881,0.51429,0.88852,,424608.24,19695.7,176679.88
612,612,COLOR_GROUP,1,,0.57881,0.51429,0.88852,,424608.24,19681.5,176552.46
612,612,LOAD_BALANCE,1,,0.57881,0.51429,0.88852,,424608.24,19655.07,176315.37
612,612,OPTIMIZED,1,,0.6281,0.59476,0.94693,,424792.78,4498.07,84756.43
613,613,EDD,1,,0.58143,0.51524,0.88616,,424766.33,20615.01,181085.76
613,613,COLOR_GROUP,1,,0.58143,0.51524,0.88616,,424766.33,20596.11,180919.82
613,613,LOAD_BALANCE,1,,0.58143,0.51524,0.88616,,424766.33,20614.39,181080.4
613,613,OPTIMIZED,1,,0.6281,0.59548,0.94807,,424778.94,4395.28,84633.29
614,614,EDD,1,,0.5719,0.51405,0.89883,,424772.03,17763.78,175590.91
614,614,COLOR_GROUP,1,,0.5719,0.51405,0.89883,,424772.03,17745.29,175408.16
614,614,LOAD_BALANCE,1,,0.5719,0.51405,0.89883,,424772.03,17761.32,175566.6
614,614,OPTIMIZED,1,,0.62476,0.59405,0.95084,,424764.64,4354.84,88582.2
615,615,EDD,1,,0.58,0.51524,0.88834,,424796.4,19910.28,178314.1
615,615,COLOR_GROUP,1,,0.58,0.51524,0.88834,,424796.4,19373.51,173506.9
615,615,LOAD_BALANCE,1,,0.58,0.51524,0.88834,,424796.4,19810.55,177420.93
615,615,OPTIMIZED,1,,0.62738,0.59429,0.94725,,424797.53,4467.93,84697.76
616,616,EDD,1,,0.57333,0.51429,0.89701,,424742.91,17490.84,169830.37
616,616,COLOR_GROUP,1,,0.57333,0.51429,0.89701,,424742.91,17480.77,169732.67
616,616,LOAD_BALANCE,1,,0.57333,0.51429,0.89701,,424742.91,17472.45,169651.88
616,616,OPTIMIZED,1,,0.62548,0.59262,0.94747,,424789.61,3824.91,72811.86
617,617,EDD,1,,0.5719,0.51429,0.89925,,424759.7,19010.67,188692.69
617,617,COLOR_GROUP,1,,0.5719,0.51429,0.89925,,424759.7,18918.39,187776.75
617,617,LOAD_BALANCE,1,,0.5719,0.51429,0.89925,,424759.7,18978.66,188374.98
617,617,OPTIMIZED,1,,0.62024,0.59119,0.95317,,424796.61,5993.47,127975.25
618,618,EDD,1,,0.57095,0.50833,0.89033,,424700.5,19693.62,179563.86
618,618,COLOR_GROUP,1,,0.57333,0.50833,0.88663,,424756.13,20868.59,184071.67
618,618,LOAD_BALANCE,1,,0.57095,0.50833,0.89033,,424700.5,19687.18,179505.13
618,618,OPTIMIZED,1,,0.62405,0.58714,0.94086,,424791.42,5397.36,91267.67
619,619,EDD,1,,0.57524,0.51095,0.88825,640.46,424759.01,21131.01,189083.38
619,619,COLOR_GROUP,1,,0.57881,0.51119,0.88318,478.14,424666.01,20668.05,176915.62
619,619,LOAD_BALANCE,1,,0.57524,0.51095,0.88825,640.46,424759.01,21088.19,188700.23
619,619,OPTIMIZED,1,,0.62667,0.59119,0.94339,157.13,424761.02,4917.23,86859.97
620,620,EDD,1,,0.57833,0.51452,0.88967,,424632.69,19301.28,174935.9
620,620,COLOR_GROUP,1,,0.57833,0.51452,0.88967,,424632.69,19283.55,174775.12
620,620,LOAD_BALANCE,1,,0.57833,0.51452,0.88967,,424632.69,19299.05,174915.61
620,620,OPTIMIZED,1,,0.6281,0.59452,0.94655,,424756.91,4384.51,82030.77
621,621,EDD,1,,0.57571,0.51381,0.89247,,424790.33,18889.68,175674.03
621,621,COLOR_GROUP,1,,0.57571,0.51381,0.89247,,424790.33,18891.58,175691.65
621,621,LOAD_BALANCE,1,,0.57571,0.51381,0.89247,,424790.33,18879.82,175582.34
621,621,OPTIMIZED,1,,0.62738,0.59476,0.94801,,424789.82,4196.39,80711.57
622,622,EDD,1,,0.57452,0.51429,0.89515,,424779.43,18496.0,176406.56
622,622,COLOR_GROUP,1,,0.57452,0.51429,0.89515,,424779.43,18334.57,174866.86
622,622,LOAD_BALANCE,1,,0.57452,0.51429,0.89515,,424779.43,18446.69,175936.24
622,622,OPTIMIZED,1,,0.6269,0.59476,0.94873,,424751.1,4394.72,85713.39
623,623,EDD,1,,0.58024,0.51452,0.88675,,424668.18,20031.37,176871.22
623,623,COLOR_GROUP,1,,0.58024,0.51452,0.88675,,424668.18,19938.92,176054.88
623,623,LOAD_BALANCE,1,,0.58024,0.51452,0.88675,,424668.18,19998.17,176578.09
623,623,OPTIMIZED,1,,0.6281,0.59476,0.94693,,424788.05,4461.04,84058.74
624,624,EDD,1,,0.57214,0.51262,0.89596,31017.04,424793.38,18968.31,182323.39
624,624,COLOR_GROUP,1,,0.57881,0.51262,0.88564,29209.39,424759.69,20178.33,176451.51
624,624,LOAD_BALANCE,1,,0.57214,0.51262,0.89596,31017.04,424793.38,18921.84,181876.76
624,624,OPTIMIZED,1,,0.62524,0.59024,0.94402,30274.66,424770.88,4622.63,82578.49
625,625,EDD,1,,0.57929,0.5119,0.88368,50.33,424668.38,21155.75,181879.63
625,625,COLOR_GROUP,1,,0.5819,0.51333,0.88216,,424750.58,20273.15,172040.17
625,625,LOAD_BALANCE,1,,0.57929,0.5119,0.88368,50.33,424668.38,21079.26,181222.03
625,625,OPTIMIZED,1,,0.6269,0.59333,0.94645,,424761.54,4472.88,83525.55
626,626,EDD,1,,0.57929,0.51476,0.88861,,424715.63,19544.25,175465.54
626,626,COLOR_GROUP,1,,0.57929,0.51476,0.88861,,424715.63,19530.09,175338.45
626,626,LOAD_BALANCE,1,,0.57929,0.51476,0.88861,,424715.63,19536.84,175398.97
626,626,OPTIMIZED,1,,0.62762,0.59524,0.94841,,424745.91,4280.97,82975.25
627,627,EDD,1,,0.57619,0.51452,0.89298,,424755.36,19890.43,185848.83
627,627,COLOR_GROUP,1,,0.57619,0.51452,0.89298,,424755.36,19887.9,185825.12
627,627,LOAD_BALANCE,1,,0.57619,0.51452,0.89298,,424755.36,19889.22,185837.54
627,627,OPTIMIZED,1,,0.6269,0.59405,0.94759,,424784.31,4547.3,86761.2
628,628,EDD,1,,0.57714,0.515,0.89233,,424759.66,19371.26,179907.83
628,628,COLOR_GROUP,1,,0.57714,0.515,0.89233,,424759.66,19371.16,179906.86
628,628,LOAD_BALANCE,1,,0.57714,0.515,0.89233,,424759.66,19366.96,179867.83
628,628,OPTIMIZED,1,,0.62786,0.59429,0.94653,,424785.76,4450.93,83241.94
629,629,EDD,1,,0.56952,0.51452,0.90343,1380.0,424726.38,18768.81,194350.63
629,629,COLOR_GROUP,1,,0.5719,0.51429,0.89925,1343.25,424687.04,18754.7,186152.07
629,629,LOAD_BALANCE,1,,0.56952,0.51452,0.90343,1380.0,424726.38,18761.11,194270.88
629,629,OPTIMIZED,1,,0.6231,0.59095,0.94841,1060.96,424755.53,5093.89,98745.91
630,630,EDD,1,,0.57881,0.51452,0.88893,,424734.84,19414.52,174802.62
630,630,COLOR_GROUP,1,,0.57881,0.515,0.88976,,424734.84,19110.48,173349.14
630,630,LOAD_BALANCE,1,,0.57881,0.51452,0.88893,,424734.84,19412.56,174784.94
630,630,OPTIMIZED,1,,0.62643,0.59381,0.94793,,424740.86,4402.79,84552.81
631,631,EDD,1,,0.57881,0.515,0.88976,,424708.96,19390.23,175886.78
631,631,COLOR_GROUP,1,,0.57881,0.515,0.88976,,424708.96,19379.37,175788.23
631,631,LOAD_BALANCE,1,,0.57881,0.515,0.88976,,424708.96,19378.16,175777.24
631,631,OPTIMIZED,1,,0.625,0.59405,0.95048,,424776.28,4079.53,82375.09
632,632,EDD,1,,0.56595,0.51452,0.90913,1595.82,424618.11,15992.72,175993.92
632,632,COLOR_GROUP,1,,0.56952,0.51452,0.90343,1542.83,424759.06,17508.19,181296.9
632,632,LOAD_BALANCE,1,,0.56595,0.51452,0.90913,1595.82,424618.11,15979.27,175845.97
632,632,OPTIMIZED,1,,0.62024,0.59238,0.95509,1623.09,424758.61,4924.55,109644.93
633,633,EDD,1,,0.56548,0.51452,0.90989,185.25,424633.15,18770.92,208322.08
633,633,COLOR_GROUP,1,,0.56738,0.51452,0.90684,64.37,424784.59,18666.62,200371.87
633,633,LOAD_BALANCE,1,,0.56548,0.51452,0.90989,185.25,424633.15,18704.11,207580.65
633,633,OPTIMIZED,1,,0.62524,0.595,0.95164,1507.18,424785.22,5075.41,104945.16
634,634,EDD,1,,0.57048,0.5119,0.89733,,424769.45,20175.21,196503.24
634,634,COLOR_GROUP,1,,0.57048,0.5119,0.89733,,424769.45,20162.55,196380.0
634,634,LOAD_BALANCE,1,,0.57048,0.5119,0.89733,,424769.45,20103.65,195806.25
634,634,OPTIMIZED,1,,0.62714,0.59286,0.94533,,424797.56,4743.69,86769.91
635,635,EDD,1,,0.58024,0.51405,0.88593,,424723.76,20253.96,177550.01
635,635,COLOR_GROUP,1,,0.58024,0.51405,0.88593,,424723.76,20240.05,177428.09
635,635,LOAD_BALANCE,1,,0.58024,0.51405,0.88593,,424723.76,20232.23,177359.56
635,635,OPTIMIZED,1,,0.62833,0.59524,0.94733,,424780.86,4331.87,82243.13
636,636,EDD,1,,0.57048,0.51524,0.90317,,424617.97,18900.05,195191.94
636,636,COLOR_GROUP,1,,0.57048,0.51524,0.90317,,424617.97,18875.71,194940.57
636,636,LOAD_BALANCE,1,,0.57048,0.51524,0.90317,,424617.97,18890.54,195093.63
636,636,OPTIMIZED,1,,0.62595,0.59357,0.94827,,424754.11,4524.94,87471.16
637,637,EDD,1,,0.57095,0.515,0.902,,424788.02,17255.82,176082.83
637,637,COLOR_GROUP,1,,0.57095,0.515,0.902,,424788.02,17204.6,175560.15
637,637,LOAD_BALANCE,1,,0.57095,0.515,0.902,,424788.02,17249.36,176016.85
637,637,OPTIMIZED,1,,0.62238,0.59548,0.95677,,424784.55,4245.3,98205.39
638,638,EDD,1,,0.53405,0.51262,0.95988,,424753.37,5686.29,141715.07
638,638,COLOR_GROUP,1,,0.53405,0.51262,0.95988,,424753.37,5651.59,140850.22
638,638,LOAD_BALANCE,1,,0.53548,0.51262,0.95731,,424761.13,6568.54,153881.72
638,638,OPTIMIZED,1,,0.6,0.56476,0.94127,,424786.31,2419.53,41197.37
639,639,EDD,1,,0.56024,0.51024,0.91075,,424681.38,18786.58,210499.17
639,639,COLOR_GROUP,1,,0.56476,0.51024,0.90346,,424774.22,20835.56,215816.32
639,639,LOAD_BALANCE,1,,0.56024,0.51024,0.91075,,424681.38,18756.99,210167.58
639,639,OPTIMIZED,1,,0.62357,0.58714,0.94158,,424767.88,5061.17,86635.37
640,640,EDD,1,,0.56976,0.50595,0.88801,,424791.0,21830.05,194922.78
640,640,COLOR_GROUP,1,,0.56976,0.50595,0.88801,,424791.0,20702.95,184858.82
640,640,LOAD_BALANCE,1,,0.56976,0.50595,0.88801,,424791.0,21759.9,194296.42
640,640,OPTIMIZED,1,,0.625,0.58905,0.94248,,424762.99,5240.28,91097.59
641,641,EDD,1,,0.57881,0.515,0.88976,,424681.84,19249.09,174606.44
641,641,COLOR_GROUP,1,,0.57881,0.515,0.88976,,424681.84,19221.51,174356.28
641,641,LOAD_BALANCE,1,,0.57881,0.515,0.88976,,424681.84,19235.83,174486.25
641,641,OPTIMIZED,1,,0.62857,0.59524,0.94697,,424799.27,4318.41,81432.94
642,642,EDD,1,,0.58,0.51571,0.88916,,424773.12,19503.74,175967.04
642,642,COLOR_GROUP,1,,0.58,0.51571,0.88916,,424773.12,19502.87,175959.19
642,642,LOAD_BALANCE,1,,0.58,0.51571,0.88916,,424773.12,19431.92,175319.1
642,642,OPTIMIZED,1,,0.6269,0.59452,0.94835,,424743.82,4350.5,84226.88
643,643,EDD,1,,0.57262,0.51238,0.8948,,424703.35,17267.82,164146.67
643,643,COLOR_GROUP,1,,0.57262,0.51238,0.8948,,424703.35,17257.49,164048.43
643,643,LOAD_BALANCE,1,,0.57262,0.51238,0.8948,,424703.35,17262.15,164092.76
643,643,OPTIMIZED,1,,0.6231,0.59,0.94689,,424781.09,4441.1,83614.01
644,644,EDD,1,,0.5769,0.51262,0.88857,2431.44,424692.78,19544.63,175394.97
644,644,COLOR_GROUP,1,,0.5769,0.515,0.8927,8260.82,424689.83,19369.04,180504.58
644,644,LOAD_BALANCE,1,,0.5769,0.5131,0.88939,2210.76,424692.78,19485.64,176170.57
644,644,OPTIMIZED,1,,0.62857,0.59548,0.94735,2445.21,424797.62,4356.04,82733.36
645,645,EDD,1,,0.57929,0.51524,0.88944,,424720.11,18661.21,168783.36
645,645,COLOR_GROUP,1,,0.57929,0.51643,0.89149,,424720.11,18538.11,170845.55
645,645,LOAD_BALANCE,1,,0.57929,0.51524,0.88944,,424720.11,18653.42,168712.94
645,645,OPTIMIZED,1,,0.6269,0.59476,0.94873,,424758.56,4284.8,83569.42
646,646,EDD,1,,0.57143,0.515,0.90125,2301.34,424781.99,16982.5,171974.69
646,646,COLOR_GROUP,1,,0.57405,0.515,0.89714,2215.78,424645.21,17979.29,174790.64
646,646,LOAD_BALANCE,1,,0.57143,0.515,0.90125,2301.34,424781.99,16963.8,171785.34
646,646,OPTIMIZED,1,,0.62738,0.59452,0.94763,2056.73,424789.14,4331.3,82702.67
647,647,EDD,1,,0.56119,0.50762,0.90454,,424796.34,15940.59,166986.56
647,647,COLOR_GROUP,1,,0.56119,0.50762,0.90454,,424796.34,15913.69,166704.71
647,647,LOAD_BALANCE,1,,0.56119,0.50762,0.90454,,424796.34,15938.42,166963.77
647,647,OPTIMIZED,1,,0.61262,0.58667,0.95764,,424770.57,3813.3,90014.97
648,648,EDD,1,,0.57881,0.51452,0.88893,,424744.84,20057.54,180592.15
648,648,COLOR_GROUP,1,,0.57881,0.51452,0.88893,,424744.84,20031.41,180356.92
648,648,LOAD_BALANCE,1,,0.57881,0.51452,0.88893,,424744.84,20046.5,180492.77
648,648,OPTIMIZED,1,,0.62714,0.59381,0.94685,,424740.29,4344.72,81742.8
649,649,EDD,1,,0.58,0.51452,0.88711,,424745.79,19860.88,175931.31
649,649,COLOR_GROUP,1,,0.58,0.51452,0.88711,,424745.79,19853.59,175866.67
649,649,LOAD_BALANCE,1,,0.58,0.51452,0.88711,,424745.79,19815.09,175525.7
649,649,OPTIMIZED,1,,0.6281,0.59571,0.94845,,424787.66,4330.96,84007.95
650,650,EDD,1,,0.58024,0.515,0.88757,,424612.71,19554.13,173917.57
650,650,COLOR_GROUP,1,,0.58024,0.515,0.88757,,424612.71,19551.39,173893.22
650,650,LOAD_BALANCE,1,,0.58024,0.515,0.88757,,424612.71,19550.52,173885.51
650,650,OPTIMIZED,1,,0.62786,0.59524,0.94805,,424738.87,4195.45,80754.79
651,651,EDD,1,,0.58048,0.51452,0.88638,,424714.37,19828.01,174515.1
651,651,COLOR_GROUP,1,,0.58048,0.51476,0.88679,,424714.37,19780.35,174726.41
651,651,LOAD_BALANCE,1,,0.58048,0.51452,0.88638,,424714.37,19825.16,174490.04
651,651,OPTIMIZED,1,,0.62833,0.59548,0.94771,,424770.28,4245.09,81179.61
652,652,EDD,1,,0.57786,0.515,0.89122,2008.2,424704.55,21015.32,193197.68
652,652,COLOR_GROUP,1,,0.57786,0.515,0.89122,5817.92,424704.55,19837.66,182371.22
652,652,LOAD_BALANCE,1,,0.57786,0.515,0.89122,1264.43,424704.55,20634.37,189695.49
652,652,OPTIMIZED,1,,0.62548,0.59405,0.94975,805.64,424778.52,4803.81,95603.15
653,653,EDD,1,,0.5819,0.51381,0.88298,,424766.71,20560.35,175697.53
653,653,COLOR_GROUP,1,,0.5819,0.51381,0.88298,,424766.71,20469.53,174921.46
653,653,LOAD_BALANCE,1,,0.5819,0.51381,0.88298,,424766.71,20526.18,175405.58
653,653,OPTIMIZED,1,,0.62667,0.59429,0.94833,,424789.36,4386.7,84895.49
654,654,EDD,1,,0.57833,0.51381,0.88843,,424641.1,19986.12,179137.58
654,654,COLOR_GROUP,1,,0.57833,0.51381,0.88843,,424641.1,19971.11,179003.05
654,654,LOAD_BALANCE,1,,0.57833,0.51381,0.88843,,424641.1,19984.9,179126.61
654,654,OPTIMIZED,1,,0.62762,0.59405,0.94651,,424765.31,4528.84,84666.82
655,655,EDD,1,,0.57881,0.51524,0.89017,,424690.01,19417.76,176796.16
655,655,COLOR_GROUP,1,,0.57881,0.51524,0.89017,,424690.01,19415.0,176771.07
655,655,LOAD_BALANCE,1,,0.57881,0.51524,0.89017,,424690.01,19400.44,176638.48
655,655,OPTIMIZED,1,,0.62762,0.59429,0.94689,,424781.78,4464.8,84065.75
656,656,EDD,1,,0.57762,0.51381,0.88953,,424774.85,19809.32,179318.7
656,656,COLOR_GROUP,1,,0.58048,0.51381,0.88515,,424753.6,20420.26,177802.11
656,656,LOAD_BALANCE,1,,0.57762,0.51381,0.88953,,424774.85,19802.24,179254.64
656,656,OPTIMIZED,1,,0.6281,0.59429,0.94617,,424775.33,4866.12,90400.22
657,657,EDD,1,,0.57048,0.50571,0.88648,,424767.38,21703.45,191181.88
657,657,COLOR_GROUP,1,,0.57048,0.50571,0.88648,,424767.38,21661.67,190813.81
657,657,LOAD_BALANCE,1,,0.57048,0.50571,0.88648,,424767.38,21621.87,190463.26
657,657,OPTIMIZED,1,,0.62143,0.58429,0.94023,,424768.85,6222.09,104100.42
658,658,EDD,1,,0.57881,0.51333,0.88688,,424768.33,20058.55,177317.58
658,658,COLOR_GROUP,1,,0.57881,0.51333,0.88688,,424768.33,20031.23,177076.09
658,658,LOAD_BALANCE,1,,0.57881,0.51333,0.88688,,424768.33,20051.05,177251.27
658,658,OPTIMIZED,1,,0.62786,0.59333,0.94501,,424793.66,4739.01,86184.67
659,659,EDD,1,,0.57357,0.51381,0.89581,,424724.93,19912.7,191114.35
659,659,COLOR_GROUP,1,,0.57357,0.51381,0.89581,,424724.93,19910.55,191093.73
659,659,LOAD_BALANCE,1,,0.57357,0.51381,0.89581,,424724.93,19890.68,190903.0
659,659,OPTIMIZED,1,,0.62429,0.59286,0.94966,,424779.39,4770.84,94766.2
660,660,EDD,1,,0.57881,0.51381,0.8877,,424636.2,19659.65,175064.52
660,660,COLOR_GROUP,1,,0.57881,0.51452,0.88893,,424636.2,19209.93,172960.54
660,660,LOAD_BALANCE,1,,0.57881,0.51381,0.8877,,424636.2,19592.81,174469.31
660,660,OPTIMIZED,1,,0.62786,0.59381,0.94577,2922.32,424760.41,4622.63,85243.89
661,661,EDD,1,,0.57167,0.51286,0.89713,,424749.17,17936.63,174355.63
661,661,COLOR_GROUP,1,,0.57167,0.51286,0.89713,,424749.17,17929.22,174283.67
661,661,LOAD_BALANCE,1,,0.57167,0.51286,0.89713,,424749.17,17928.5,174276.62
661,661,OPTIMIZED,1,,0.62571,0.59286,0.94749,,424765.39,4699.85,89501.49
662,662,EDD,1,,0.58167,0.515,0.88539,,424718.25,19718.44,172043.42
662,662,COLOR_GROUP,1,,0.58167,0.515,0.88539,,424718.25,19678.96,171698.92
662,662,LOAD_BALANCE,1,,0.58167,0.515,0.88539,,424718.25,19694.18,171831.71
662,662,OPTIMIZED,1,,0.6281,0.59357,0.94503,,424759.08,4589.42,83495.74
663,663,EDD,1,,0.56857,0.51429,0.90452,,424678.12,19833.99,207734.94
663,663,COLOR_GROUP,1,,0.56857,0.51429,0.90452,,424678.12,19386.56,203048.73
663,663,LOAD_BALANCE,1,,0.56857,0.51429,0.90452,,424678.12,19736.74,206716.37
663,663,OPTIMIZED,1,,0.62143,0.59119,0.95134,,424776.72,5446.34,111928.78
664,664,EDD,1,,0.56167,0.51452,0.91607,,424604.03,15699.7,187048.41
664,664,COLOR_GROUP,1,,0.56167,0.515,0.91691,,424604.03,15686.06,188792.99
664,664,LOAD_BALANCE,1,,0.56167,0.51452,0.91607,,424604.03,15696.85,187014.46
664,664,OPTIMIZED,1,,0.61571,0.59119,0.96017,,424745.25,4845.81,121662.82
665,665,EDD,1,,0.57833,0.515,0.89049,,424610.95,19331.78,176529.68
665,665,COLOR_GROUP,1,,0.57833,0.515,0.89049,,424610.95,19318.51,176408.53
665,665,LOAD_BALANCE,1,,0.57833,0.515,0.89049,,424610.95,19329.62,176509.96
665,665,OPTIMIZED,1,,0.6281,0.59429,0.94617,,424771.47,4530.27,84160.86
666,666,EDD,1,,0.57,0.51524,0.90393,,424657.41,16682.91,173647.35
666,666,COLOR_GROUP,1,,0.57,0.51524,0.90393,,424657.41,16674.68,173561.65
666,666,LOAD_BALANCE,1,,0.57,0.51524,0.90393,,424657.41,16670.79,173521.23
666,666,OPTIMIZED,1,,0.62571,0.59357,0.94863,,424783.91,4421.26,86067.19
667,667,EDD,1,,0.5769,0.51476,0.89228,3594.09,424725.83,19523.5,181246.93
667,667,COLOR_GROUP,1,,0.5769,0.51476,0.89228,6510.27,424725.83,19128.82,177582.86
667,667,LOAD_BALANCE,1,,0.57548,0.51476,0.8945,3558.42,424763.04,19064.51,180701.67
667,667,OPTIMIZED,1,,0.62381,0.59429,0.95267,3447.25,424745.62,4391.59,92790.14
668,668,EDD,1,,0.57548,0.51405,0.89326,,424668.78,18229.52,170778.14
668,668,COLOR_GROUP,1,,0.57548,0.51405,0.89326,,424668.78,18227.44,170758.65
668,668,LOAD_BALANCE,1,,0.57548,0.51405,0.89326,,424668.78,18207.76,170574.22
668,668,OPTIMIZED,1,,0.62548,0.59405,0.94975,,424753.16,3931.77,78248.24
669,669,EDD,1,,0.58167,0.51548,0.88621,2321.55,424656.9,20206.47,177569.82
669,669,COLOR_GROUP,1,,0.58167,0.51548,0.88621,2595.29,424656.9,19832.24,174281.15
669,669,LOAD_BALANCE,1,,0.58167,0.51548,0.88621,2258.82,424656.9,20156.5,177130.7
669,669,OPTIMIZED,1,,0.62786,0.59571,0.94881,1908.73,424748.45,4671.59,91251.7
670,670,EDD,1,,0.57881,0.515,0.88976,,424691.01,19554.66,177378.3
670,670,COLOR_GROUP,1,,0.57881,0.515,0.88976,,424691.01,19502.01,176900.72
670,670,LOAD_BALANCE,1,,0.57881,0.515,0.88976,,424691.01,19513.5,177004.93
670,670,OPTIMIZED,1,,0.62762,0.59524,0.94841,,424757.82,4253.02,82433.63
671,671,EDD,1,,0.57881,0.51452,0.88893,,424626.23,19329.34,174035.67
671,671,COLOR_GROUP,1,,0.57881,0.51452,0.88893,,424626.23,19329.24,174034.76
671,671,LOAD_BALANCE,1,,0.57881,0.51452,0.88893,,424626.23,19328.97,174032.3
671,671,OPTIMIZED,1,,0.62786,0.59381,0.94577,,424776.91,4551.52,83932.6
672,672,EDD,1,,0.57357,0.51429,0.89664,,424654.64,19385.85,187552.22
672,672,COLOR_GROUP,1,,0.57357,0.51429,0.89664,,424654.64,19384.97,187543.79
672,672,LOAD_BALANCE,1,,0.57357,0.51429,0.89664,,424654.64,19384.26,187536.84
672,672,OPTIMIZED,1,,0.62762,0.59476,0.94765,,424798.28,4469.74,85378.49
673,673,EDD,1,,0.57095,0.5069,0.88782,,424731.78,20800.2,185423.34
673,673,COLOR_GROUP,1,,0.57333,0.5069,0.88414,,424752.76,20975.77,181038.15
673,673,LOAD_BALANCE,1,,0.57095,0.5069,0.88782,,424731.78,20751.66,184990.61
673,673,OPTIMIZED,1,,0.62405,0.5869,0.94048,,424784.95,5496.21,92343.45
674,674,EDD,1,,0.57595,0.51381,0.8921,,424736.63,20106.28,186348.98
674,674,COLOR_GROUP,1,,0.57643,0.51381,0.89137,,424782.25,20346.04,187291.88
674,674,LOAD_BALANCE,1,,0.57595,0.51381,0.8921,,424736.63,20105.85,186345.0
674,674,OPTIMIZED,1,,0.62643,0.5931,0.94679,,424761.65,4711.17,88536.29
675,675,EDD,1,,0.5769,0.51405,0.89104,,424741.5,18938.69,173819.91
675,675,COLOR_GROUP,1,,0.5769,0.51429,0.89146,,424741.5,18912.25,174237.18
675,675,LOAD_BALANCE,1,,0.5769,0.51405,0.89104,,424741.5,18931.68,173755.5
675,675,OPTIMIZED,1,,0.62738,0.59476,0.94801,,424749.62,4319.98,83088.67
676,676,EDD,1,,0.57405,0.515,0.89714,,424623.98,18276.94,177684.28
676,676,COLOR_GROUP,1,,0.57548,0.515,0.89491,,424682.08,18809.92,178990.45
676,676,LOAD_BALANCE,1,,0.57405,0.515,0.89714,,424623.98,18258.78,177507.77
676,676,OPTIMIZED,1,,0.61857,0.59405,0.96035,,424750.84,5016.73,126538.43
677,677,EDD,1,,0.57714,0.51405,0.89068,,424737.98,19657.4,179809.6
677,677,COLOR_GROUP,1,,0.57714,0.51405,0.89068,,424737.98,19655.1,179788.51
677,677,LOAD_BALANCE,1,,0.57714,0.51405,0.89068,,424737.98,19628.27,179543.1
677,677,OPTIMIZED,1,,0.62667,0.59429,0.94833,,424774.69,4452.16,86162.41
678,678,EDD,1,,0.57881,0.51476,0.88935,,424647.61,19932.43,180132.89
678,678,COLOR_GROUP,1,,0.57881,0.51476,0.88935,,424647.61,19904.33,179878.89
678,678,LOAD_BALANCE,1,,0.57881,0.51476,0.88935,,424647.61,19930.22,180112.87
678,678,OPTIMIZED,1,,0.6269,0.59429,0.94797,,424790.05,4330.4,83225.8
679,679,EDD,1,,0.57786,0.51381,0.88916,,424754.89,19686.47,177617.32
679,679,COLOR_GROUP,1,,0.57786,0.51381,0.88916,,424754.89,19632.97,177134.64
679,679,LOAD_BALANCE,1,,0.57786,0.51381,0.88916,,424754.89,19684.6,177600.43
679,679,OPTIMIZED,1,,0.62667,0.59405,0.94795,,424747.65,4341.68,83410.98
680,680,EDD,1,,0.5781,0.51381,0.8888,,424796.66,19911.79,179058.66
680,680,COLOR_GROUP,1,,0.5781,0.51381,0.8888,,424796.66,19842.28,178433.52
680,680,LOAD_BALANCE,1,,0.5781,0.51381,0.8888,,424796.66,19907.97,179024.26
680,680,OPTIMIZED,1,,0.62762,0.59429,0.94689,,424787.7,4459.89,83973.33
681,681,EDD,1,,0.55929,0.50595,0.90464,,424768.79,20423.23,214170.35
681,681,COLOR_GROUP,1,,0.55929,0.50595,0.90464,,424768.79,20445.8,214407.11
681,681,LOAD_BALANCE,1,,0.55929,0.50595,0.90464,,424768.79,20401.52,213942.77
681,681,OPTIMIZED,1,,0.61952,0.58619,0.9462,,424786.58,6853.47,127376.67
682,682,EDD,1,,0.56833,0.51262,0.90197,,424691.72,15176.68,154815.12
682,682,COLOR_GROUP,1,,0.56833,0.51405,0.90448,,424691.72,15025.5,157306.45
682,682,LOAD_BALANCE,1,,0.56833,0.51262,0.90197,,424691.72,15147.22,154514.61
682,682,OPTIMIZED,1,,0.6231,0.58952,0.94612,,424783.25,4404.56,81749.96
683,683,EDD,1,,0.5769,0.515,0.8927,,424613.83,18826.31,175446.73
683,683,COLOR_GROUP,1,,0.5769,0.515,0.8927,,424613.83,18823.9,175424.24
683,683,LOAD_BALANCE,1,,0.5769,0.515,0.8927,,424613.83,18824.33,175428.31
683,683,OPTIMIZED,1,,0.62833,0.59548,0.94771,,424767.47,4318.53,82584.07
684,684,EDD,1,,0.57119,0.5119,0.89621,,424680.86,19288.48,185835.58
684,684,COLOR_GROUP,1,,0.57143,0.5119,0.89583,,424781.11,19399.65,186236.66
684,684,LOAD_BALANCE,1,,0.57119,0.5119,0.89621,,424680.86,19281.82,185771.39
684,684,OPTIMIZED,1,,0.62571,0.59143,0.94521,,424757.88,4802.0,87636.52
685,685,EDD,1,,0.58143,0.51548,0.88657,,424723.68,19765.92,174254.09
685,685,COLOR_GROUP,1,,0.58143,0.51548,0.88657,,424723.68,19726.69,173908.25
685,685,LOAD_BALANCE,1,,0.58143,0.51548,0.88657,,424723.68,19759.16,174194.49
685,685,OPTIMIZED,1,,0.62786,0.595,0.94767,,424793.49,4536.53,86687.25
686,686,EDD,1,,0.5769,0.51524,0.89311,621.07,424573.32,19555.03,182941.48
686,686,COLOR_GROUP,1,,0.5769,0.51524,0.89311,750.12,424573.32,19551.56,182909.03
686,686,LOAD_BALANCE,1,,0.5769,0.51524,0.89311,621.07,424573.32,19546.71,182863.59
686,686,OPTIMIZED,1,,0.62667,0.59357,0.94719,1032.3,424773.41,4752.09,89982.01
687,687,EDD,1,,0.56524,0.50714,0.89722,,419160.37,16840.85,163853.2
687,687,COLOR_GROUP,1,,0.56524,0.50714,0.89722,,419160.37,16838.91,163834.32
687,687,LOAD_BALANCE,1,,0.56524,0.50714,0.89722,,419160.37,16837.97,163825.19
687,687,OPTIMIZED,1,,0.61048,0.57952,0.9493,,419135.24,3947.27,77852.29
688,688,EDD,1,,0.57333,0.51548,0.89909,,424706.07,20344.29,201601.04
688,688,COLOR_GROUP,1,,0.57357,0.51548,0.89871,,424708.04,20099.29,198439.28
688,688,LOAD_BALANCE,1,,0.57333,0.51548,0.89909,,424706.07,20328.77,201447.25
688,688,OPTIMIZED,1,,0.625,0.58905,0.94248,,424785.0,4947.55,86008.8
689,689,EDD,1,,0.57881,0.51524,0.89017,,424620.11,19483.48,177394.55
689,689,COLOR_GROUP,1,,0.57881,0.51524,0.89017,,424620.11,19467.5,177249.05
689,689,LOAD_BALANCE,1,,0.57881,0.51524,0.89017,,424620.11,19205.71,174865.48
689,689,OPTIMIZED,1,,0.62738,0.59405,0.94687,,424751.96,4563.93,85899.64
690,690,EDD,1,,0.57476,0.51214,0.89105,,421387.91,18374.51,168654.27
690,690,COLOR_GROUP,1,,0.57476,0.51262,0.89188,,421387.91,18358.0,169793.94
690,690,LOAD_BALANCE,1,,0.57476,0.51214,0.89105,,421387.91,18362.71,168545.94
690,690,OPTIMIZED,1,,0.61881,0.58405,0.94382,,421325.31,4416.58,78621.1
691,691,EDD,1,,0.5719,0.51452,0.89967,,424713.21,16155.23,161016.06
691,691,COLOR_GROUP,1,,0.5719,0.51452,0.89967,,424713.21,16158.0,161043.65
691,691,LOAD_BALANCE,1,,0.5719,0.51452,0.89967,,424713.21,16149.13,160955.19
691,691,OPTIMIZED,1,,0.61667,0.5931,0.96178,,424754.15,2540.09,66452.89
692,692,EDD,1,,0.58071,0.51452,0.88602,,424738.99,20250.21,177662.79
692,692,COLOR_GROUP,1,,0.58071,0.51452,0.88602,,424738.99,20037.04,175792.59
692,692,LOAD_BALANCE,1,,0.58071,0.51452,0.88602,,424738.99,20136.92,176668.91
692,692,OPTIMIZED,1,,0.62786,0.59524,0.94805,,424770.84,4346.25,83657.29
693,693,EDD,1,,0.57619,0.51357,0.89132,,424732.26,19358.39,178126.63
693,693,COLOR_GROUP,1,,0.57619,0.51357,0.89132,,424732.26,19357.28,178116.4
693,693,LOAD_BALANCE,1,,0.57619,0.51357,0.89132,,424732.26,19340.3,177960.21
693,693,OPTIMIZED,1,,0.6281,0.59524,0.94769,,424785.15,4387.77,83876.4
694,694,EDD,1,,0.57714,0.51429,0.89109,,424729.59,18821.61,172816.57
694,694,COLOR_GROUP,1,,0.57714,0.51429,0.89109,,424729.59,18820.7,172808.21
694,694,LOAD_BALANCE,1,,0.57714,0.51429,0.89109,,424729.59,18789.2,172519.01
694,694,OPTIMIZED,1,,0.62667,0.59357,0.94719,,424775.32,4358.46,82528.46
695,695,EDD,1,,0.57405,0.515,0.89714,,424685.15,16695.49,162309.74
695,695,COLOR_GROUP,1,,0.57881,0.51524,0.89017,,424780.52,18962.6,172651.99
695,695,LOAD_BALANCE,1,,0.57405,0.515,0.89714,,424685.15,16639.4,161764.48
695,695,OPTIMIZED,1,,0.62524,0.59214,0.94707,,424745.45,4299.42,81225.09
696,696,EDD,1,,0.57762,0.51452,0.89077,,424799.4,19420.38,177788.1
696,696,COLOR_GROUP,1,,0.57762,0.51452,0.89077,,424799.4,19410.49,177697.51
696,696,LOAD_BALANCE,1,,0.57762,0.51452,0.89077,,424799.4,19419.66,177781.53
696,696,OPTIMIZED,1,,0.62738,0.59381,0.94649,,424731.59,4425.85,82710.09
697,697,EDD,1,,0.57881,0.51476,0.88935,,424653.04,20182.8,182395.48
697,697,COLOR_GROUP,1,,0.57881,0.51476,0.88935,,424653.04,19639.0,177481.06
697,697,LOAD_BALANCE,1,,0.57881,0.51476,0.88935,,424653.04,20170.2,182281.62
697,697,OPTIMIZED,1,,0.6281,0.59405,0.94579,,424779.11,4586.62,84611.97
698,698,EDD,1,,0.57571,0.51452,0.89371,,424780.16,19937.79,187585.88
698,698,COLOR_GROUP,1,,0.57571,0.51452,0.89371,,424780.16,19734.91,185677.08
698,698,LOAD_BALANCE,1,,0.57571,0.51452,0.89371,,424780.16,19885.72,187095.99
698,698,OPTIMIZED,1,,0.62548,0.59524,0.95166,,424745.02,4507.96,93247.41
699,699,EDD,1,,0.57429,0.51524,0.89718,,424747.03,17272.99,167993.75
699,699,COLOR_GROUP,1,,0.57429,0.51524,0.89718,,424747.03,17038.61,165714.26
699,699,LOAD_BALANCE,1,,0.57429,0.51524,0.89718,,424747.03,17241.02,167682.85
699,699,OPTIMIZED,1,,0.62667,0.5931,0.94643,,424745.51,4276.56,79829.15
700,700,EDD,1,,0.57881,0.51071,0.88235,,424768.49,20204.0,171734.02
700,700,COLOR_GROUP,1,,0.57881,0.51476,0.88935,,424768.49,19714.21,178160.79
700,700,LOAD_BALANCE,1,,0.57881,0.51071,0.88235,,424768.49,20126.62,171076.27
700,700,OPTIMIZED,1,,0.6269,0.59357,0.94683,,424765.09,4489.52,84435.11
701,701,EDD,1,,0.57762,0.51429,0.89035,,424775.89,19886.17,181367.82
701,701,COLOR_GROUP,1,,0.57762,0.51429,0.89035,,424775.89,19884.26,181350.41
701,701,LOAD_BALANCE,1,,0.57762,0.51429,0.89035,,424775.89,19886.09,181367.13
701,701,OPTIMIZED,1,,0.62786,0.59476,0.94729,,424768.84,4439.21,84217.17
702,702,EDD,1,,0.57595,0.51524,0.89458,2201.14,424799.21,20348.77,193034.02
702,702,COLOR_GROUP,1,,0.57595,0.51524,0.89458,1943.33,424637.84,19343.29,183495.8
702,702,LOAD_BALANCE,1,,0.57595,0.51524,0.89458,2201.14,424799.21,20292.27,192498.06
702,702,OPTIMIZED,1,,0.62619,0.59048,0.94297,1887.69,424752.68,4664.6,81786.06
703,703,EDD,1,,0.57881,0.51548,0.89058,,424653.05,19249.9,175926.75
703,703,COLOR_GROUP,1,,0.57881,0.51548,0.89058,,424653.05,19265.14,176066.01
703,703,LOAD_BALANCE,1,,0.57881,0.51548,0.89058,,424653.05,19242.56,175859.6
703,703,OPTIMIZED,1,,0.62857,0.59524,0.94697,,424766.98,4451.85,83949.24
704,704,EDD,1,,0.57595,0.51357,0.89169,,424740.64,19118.1,176514.03
704,704,COLOR_GROUP,1,,0.57881,0.51357,0.88729,,424630.9,19917.94,176717.21
704,704,LOAD_BALANCE,1,,0.57595,0.51357,0.89169,,424740.64,19093.49,176286.87
704,704,OPTIMIZED,1,,0.62762,0.595,0.94803,,424749.53,4177.77,80384.0
705,705,EDD,1,,0.57929,0.51333,0.88615,,424661.43,20327.4,178543.54
705,705,COLOR_GROUP,1,,0.57929,0.51333,0.88615,,424661.43,19679.08,172849.1
705,705,LOAD_BALANCE,1,,0.57929,0.51333,0.88615,,424661.43,20222.84,177625.17
705,705,OPTIMIZED,1,,0.62548,0.58929,0.94214,,424776.19,5023.38,86818.57
706,706,EDD,1,,0.57333,0.51571,0.8995,,424716.54,16602.92,165205.89
706,706,COLOR_GROUP,1,,0.57333,0.51571,0.8995,,424716.54,16600.28,165179.66
706,706,LOAD_BALANCE,1,,0.57333,0.51571,0.8995,,424716.54,16602.92,165205.89
706,706,OPTIMIZED,1,,0.62548,0.59476,0.95089,,424797.3,3803.11,77447.82
707,707,EDD,1,,0.5769,0.515,0.8927,,424793.08,18997.81,177045.0
707,707,COLOR_GROUP,1,,0.5769,0.515,0.8927,,424793.08,18956.58,176660.79
707,707,LOAD_BALANCE,1,,0.5769,0.515,0.8927,,424793.08,18993.07,177000.78
707,707,OPTIMIZED,1,,0.6281,0.59429,0.94617,,424748.19,4430.71,82311.42
708,708,EDD,1,,0.5769,0.51524,0.89311,,424685.75,20216.87,189133.07
708,708,COLOR_GROUP,1,,0.57881,0.51524,0.89017,,424757.17,19824.59,180500.33
708,708,LOAD_BALANCE,1,,0.5769,0.51524,0.89311,,424685.75,20136.21,188378.53
708,708,OPTIMIZED,1,,0.62762,0.59214,0.94347,29129.17,424771.05,4589.36,81191.57
709,709,EDD,1,,0.57643,0.51381,0.89137,,424740.22,19304.99,177708.63
709,709,COLOR_GROUP,1,,0.57643,0.51381,0.89137,,424740.22,19296.89,177634.14
709,709,LOAD_BALANCE,1,,0.57643,0.51381,0.89137,,424740.22,19259.05,177285.81
709,709,OPTIMIZED,1,,0.62643,0.59333,0.94717,,424738.39,4566.91,86442.72
710,710,EDD,1,,0.58119,0.51524,0.88652,,424788.33,19898.31,175349.34
710,710,COLOR_GROUP,1,,0.58119,0.51524,0.88652,,424788.33,19897.75,175344.41
710,710,LOAD_BALANCE,1,,0.58119,0.51524,0.88652,,424788.33,19887.37,175252.99
710,710,OPTIMIZED,1,,0.6281,0.59429,0.94617,,424766.53,4574.6,84984.47
711,711,EDD,1,,0.57881,0.51452,0.88893,,424630.87,20044.59,180475.51
711,711,COLOR_GROUP,1,,0.57881,0.51452,0.88893,,424630.87,20042.12,180453.33
711,711,LOAD_BALANCE,1,,0.57881,0.51452,0.88893,,424630.87,20035.15,180390.52
711,711,OPTIMIZED,1,,0.62714,0.59452,0.94799,,424794.29,4396.09,84520.38
712,712,EDD,1,,0.57571,0.51429,0.8933,619.25,424795.54,20851.04,195417.84
712,712,COLOR_GROUP,1,,0.57571,0.51429,0.8933,441.77,424731.14,19760.3,185195.39
712,712,LOAD_BALANCE,1,,0.57571,0.51429,0.8933,619.25,424795.54,20773.44,194690.63
712,712,OPTIMIZED,1,,0.62476,0.58952,0.9436,1101.05,424753.7,4756.29,84327.79
713,713,EDD,1,,0.58024,0.51452,0.88675,,424719.74,20195.29,178318.56
713,713,COLOR_GROUP,1,,0.58024,0.51452,0.88675,,424719.74,19991.44,176518.65
713,713,LOAD_BALANCE,1,,0.58024,0.51452,0.88675,,424719.74,20159.94,178006.42
713,713,OPTIMIZED,1,,0.62738,0.59333,0.94573,,424742.57,4529.83,83469.33
714,714,EDD,1,,0.57405,0.51429,0.89589,,424634.86,19280.72,185202.44
714,714,COLOR_GROUP,1,,0.57405,0.51429,0.89589,,424634.86,19279.94,185195.0
714,714,LOAD_BALANCE,1,,0.57405,0.51429,0.89589,,424634.86,19280.39,185199.29
714,714,OPTIMIZED,1,,0.62524,0.59381,0.94973,,424756.05,4521.36,89947.76
715,715,EDD,1,,0.57833,0.51452,0.88967,,424574.08,19252.18,174490.86
715,715,COLOR_GROUP,1,,0.57833,0.51452,0.88967,,424574.08,19243.62,174413.3
715,715,LOAD_BALANCE,1,,0.57833,0.51452,0.88967,,424574.08,19244.9,174424.89
715,715,OPTIMIZED,1,,0.6269,0.59429,0.94797,,424777.09,4404.81,84655.86
716,716,EDD,1,,0.57857,0.51381,0.88807,,424765.58,20140.99,179936.02
716,716,COLOR_GROUP,1,,0.57857,0.51381,0.88807,,424765.58,20094.76,179523.08
716,716,LOAD_BALANCE,1,,0.57857,0.51381,0.88807,,424765.58,20118.24,179732.83
716,716,OPTIMIZED,1,,0.6281,0.59429,0.94617,,424783.93,4540.67,84354.05
717,717,EDD,1,,0.57214,0.51024,0.8918,895.87,420826.82,19681.86,181905.84
717,717,COLOR_GROUP,1,,0.57238,0.51,0.89101,483.78,420797.27,18393.45,168770.44
717,717,LOAD_BALANCE,1,,0.57214,0.51024,0.8918,895.87,420826.82,19606.08,181205.4
717,717,OPTIMIZED,1,,0.61452,0.58167,0.94653,1550.61,420784.81,4702.37,87947.88
718,718,EDD,1,,0.57833,0.51476,0.89008,,424751.23,18943.37,172335.02
718,718,COLOR_GROUP,1,,0.57833,0.51476,0.89008,,424751.23,18942.29,172325.18
718,718,LOAD_BALANCE,1,,0.57833,0.51476,0.89008,,424751.23,18846.89,171457.32
718,718,OPTIMIZED,1,,0.62619,0.59381,0.94829,,424747.33,4409.43,85270.53
719,719,EDD,1,,0.57095,0.51381,0.89992,3701.86,424614.11,17908.25,178933.31
719,719,COLOR_GROUP,1,,0.57595,0.51381,0.8921,3143.53,424681.74,19144.71,177436.98
719,719,LOAD_BALANCE,1,,0.57095,0.51381,0.89992,3701.86,424614.11,17895.89,178809.78
719,719,OPTIMIZED,1,,0.62214,0.59119,0.95025,3902.48,424737.72,4430.02,89043.49
720,720,EDD,1,,0.57333,0.51571,0.8995,,424646.37,17298.27,172124.92
720,720,COLOR_GROUP,1,,0.58024,0.51571,0.8888,,424760.82,19673.68,176917.91
720,720,LOAD_BALANCE,1,,0.57333,0.51571,0.8995,,424646.37,17243.21,171577.04
720,720,OPTIMIZED,1,,0.62333,0.59262,0.95073,3307.44,424776.14,5507.96,111781.63
721,721,EDD,1,,0.57357,0.51548,0.89871,,424686.3,16744.09,165313.62
721,721,COLOR_GROUP,1,,0.57357,0.51548,0.89871,,424686.3,16724.76,165122.74
721,721,LOAD_BALANCE,1,,0.57357,0.51548,0.89871,,424686.3,16736.38,165237.44
721,721,OPTIMIZED,1,,0.62643,0.59333,0.94717,,424744.11,3781.74,71581.01
722,722,EDD,1,,0.57833,0.51429,0.88925,1884.18,424652.55,20740.07,187277.46
722,722,COLOR_GROUP,1,,0.57833,0.51452,0.88967,9317.42,424652.55,20415.76,185036.84
722,722,LOAD_BALANCE,1,,0.57833,0.51429,0.88925,1544.84,424652.55,20154.12,181986.46
722,722,OPTIMIZED,1,,0.6269,0.59405,0.94759,,424765.7,4472.16,85327.53
723,723,EDD,1,,0.57571,0.51476,0.89413,,424736.06,19104.03,180443.52
723,723,COLOR_GROUP,1,,0.57571,0.51476,0.89413,,424736.06,19039.2,179831.2
723,723,LOAD_BALANCE,1,,0.57571,0.51476,0.89413,,424736.06,19103.35,180437.07
723,723,OPTIMIZED,1,,0.62595,0.59476,0.95017,,424780.26,4108.01,82442.49
724,724,EDD,1,,0.57881,0.51381,0.8877,,424733.66,19857.15,176823.18
724,724,COLOR_GROUP,1,,0.57881,0.51381,0.8877,,424733.66,19852.65,176783.11
724,724,LOAD_BALANCE,1,,0.57881,0.51381,0.8877,,424733.66,19792.98,176251.79
724,724,OPTIMIZED,1,,0.62833,0.59405,0.94543,,424753.4,4538.09,83166.85
725,725,EDD,1,,0.56762,0.515,0.9073,,424688.11,18758.7,202356.26
725,725,COLOR_GROUP,1,,0.56762,0.515,0.9073,,424688.11,18755.14,202317.86
725,725,LOAD_BALANCE,1,,0.56762,0.515,0.9073,,424688.11,18753.72,202302.58
725,725,OPTIMIZED,1,,0.62571,0.59476,0.95053,,424731.66,4482.87,90622.85
726,726,EDD,1,,0.57619,0.51405,0.89215,,424741.51,20346.8,188656.18
726,726,COLOR_GROUP,1,,0.57619,0.51405,0.89215,,424741.51,20265.94,187906.46
726,726,LOAD_BALANCE,1,,0.57619,0.51405,0.89215,,424741.51,20339.54,188588.85
726,726,OPTIMIZED,1,,0.62881,0.59571,0.94737,,424793.83,4400.09,83601.69
727,727,EDD,1,,0.57357,0.51381,0.89581,,424779.24,18829.24,180715.7
727,727,COLOR_GROUP,1,,0.57357,0.51381,0.89581,,424779.24,18799.7,180432.15
727,727,LOAD_BALANCE,1,,0.57357,0.51381,0.89581,,424779.24,18827.26,180696.65
727,727,OPTIMIZED,1,,0.62,0.59524,0.96006,,424747.18,4840.2,121191.13
728,728,EDD,1,,0.57881,0.51405,0.88811,,424595.13,19978.74,178560.0
728,728,COLOR_GROUP,1,,0.57881,0.51405,0.88811,,424595.13,19962.42,178414.1
728,728,LOAD_BALANCE,1,,0.57881,0.51405,0.88811,,424595.13,19968.05,178464.46
728,728,OPTIMIZED,1,,0.62881,0.59476,0.94585,,424793.55,4472.78,82605.62
729,729,EDD,1,,0.57405,0.51452,0.89631,,424592.11,17470.78,168488.2
729,729,COLOR_GROUP,1,,0.57405,0.51571,0.89838,,424592.11,17383.02,171063.11
729,729,LOAD_BALANCE,1,,0.57405,0.51452,0.89631,,424592.11,17460.28,168386.96
729,729,OPTIMIZED,1,,0.62405,0.59429,0.95231,,424785.84,4263.82,89403.8
730,730,EDD,1,,0.57833,0.51357,0.88802,,424589.2,19847.94,177245.04
730,730,COLOR_GROUP,1,,0.57833,0.51357,0.88802,,424589.2,19829.18,177077.47
730,730,LOAD_BALANCE,1,,0.57833,0.51357,0.88802,,424589.2,19842.02,177192.13
730,730,OPTIMIZED,1,,0.6281,0.59524,0.94769,,424796.36,4306.44,82321.73
731,731,EDD,1,,0.57833,0.515,0.89049,,424634.68,19741.59,180271.86
731,731,COLOR_GROUP,1,,0.57833,0.515,0.89049,,424634.68,19686.68,179770.5
731,731,LOAD_BALANCE,1,,0.57833,0.515,0.89049,,424634.68,19736.21,180222.74
731,731,OPTIMIZED,1,,0.62595,0.595,0.95055,,424773.31,4566.44,92347.54
732,732,EDD,1,,0.57667,0.5119,0.8877,104.67,424690.35,19920.69,177382.0
732,732,COLOR_GROUP,1,,0.57667,0.5119,0.8877,104.67,424690.35,19084.56,169936.79
732,732,LOAD_BALANCE,1,,0.57667,0.5119,0.8877,104.67,424690.35,19736.4,175741.06
732,732,OPTIMIZED,1,,0.62452,0.59214,0.94815,,424792.14,4449.58,85817.93
733,733,EDD,1,,0.58143,0.51595,0.88739,,424724.98,19961.67,177259.6
733,733,COLOR_GROUP,1,,0.58143,0.51595,0.88739,,424724.98,19963.91,177279.56
733,733,LOAD_BALANCE,1,,0.58143,0.51595,0.88739,,424724.98,19946.24,177122.57
733,733,OPTIMIZED,1,,0.62857,0.595,0.94659,,424786.3,4365.4,81735.16
734,734,EDD,1,,0.58119,0.51405,0.88447,,424677.18,20417.74,176736.51
734,734,COLOR_GROUP,1,,0.58119,0.51405,0.88447,,424677.18,20359.48,176232.23
734,734,LOAD_BALANCE,1,,0.58119,0.51405,0.88447,,424677.18,20403.17,176610.38
734,734,OPTIMIZED,1,,0.62786,0.59405,0.94615,,424797.61,4617.48,85748.62
735,735,EDD,1,,0.57833,0.51405,0.88884,,424762.88,19919.38,179200.67
735,735,COLOR_GROUP,1,,0.57833,0.51405,0.88884,,424762.88,19902.82,179051.66
735,735,LOAD_BALANCE,1,,0.57833,0.51405,0.88884,,424762.88,19821.19,178317.27
735,735,OPTIMIZED,1,,0.62786,0.59452,0.94691,,424783.22,4379.02,82481.97
736,736,EDD,1,,0.57667,0.51405,0.89141,,424771.28,20167.5,185725.06
736,736,COLOR_GROUP,1,,0.57667,0.51405,0.89141,,424771.28,20164.64,185698.67
736,736,LOAD_BALANCE,1,,0.57667,0.51405,0.89141,,424771.28,20040.59,184556.3
736,736,OPTIMIZED,1,,0.62524,0.5931,0.94859,,424798.02,4778.52,92951.11
737,737,EDD,1,,0.57881,0.51452,0.88893,,424595.29,19417.89,174832.95
737,737,COLOR_GROUP,1,,0.57881,0.51452,0.88893,,424595.29,19404.03,174708.15
737,737,LOAD_BALANCE,1,,0.57881,0.51452,0.88893,,424595.29,19398.79,174660.94
737,737,OPTIMIZED,1,,0.62786,0.59595,0.94918,,424768.59,4252.28,83681.06
738,738,EDD,1,,0.57881,0.515,0.88976,,424642.52,19754.21,179188.33
738,738,COLOR_GROUP,1,,0.57881,0.515,0.88976,,424642.52,19727.45,178945.63
738,738,LOAD_BALANCE,1,,0.57881,0.515,0.88976,,424642.52,19724.42,178918.19
738,738,OPTIMIZED,1,,0.6281,0.595,0.94731,,424777.45,4367.31,82884.72
739,739,EDD,1,,0.55286,0.50048,0.90525,,424641.73,18321.11,193370.99
739,739,COLOR_GROUP,1,,0.55286,0.50048,0.90525,,424641.73,18319.84,193357.55
739,739,LOAD_BALANCE,1,,0.55286,0.50048,0.90525,,424641.73,18318.86,193347.29
739,739,OPTIMIZED,1,,0.61214,0.57929,0.94632,,424762.13,6604.6,123046.53
740,740,EDD,1,,0.56738,0.51595,0.90936,,424785.5,14676.59,161918.1
740,740,COLOR_GROUP,1,,0.56738,0.51595,0.90936,,424785.5,14618.31,161275.17
740,740,LOAD_BALANCE,1,,0.56738,0.51595,0.90936,,424785.5,14673.71,161886.33
740,740,OPTIMIZED,1,,0.61357,0.58548,0.95421,,424793.14,2735.45,59739.35
741,741,EDD,1,,0.58024,0.51357,0.8851,,424684.56,20110.22,175030.78
741,741,COLOR_GROUP,1,,0.58024,0.51357,0.8851,,424684.56,19923.31,173403.95
741,741,LOAD_BALANCE,1,,0.58024,0.51357,0.8851,,424684.56,20003.38,174100.87
741,741,OPTIMIZED,1,,0.6281,0.59405,0.94579,,424768.5,4446.66,82029.96
742,742,EDD,1,,0.57619,0.51405,0.89215,,424714.41,18893.75,175183.47
742,742,COLOR_GROUP,1,,0.57619,0.51405,0.89215,,424714.41,18890.11,175149.64
742,742,LOAD_BALANCE,1,,0.57619,0.51405,0.89215,,424714.41,18887.12,175121.92
742,742,OPTIMIZED,1,,0.62333,0.59048,0.94729,,424742.9,4538.91,86107.64
743,743,EDD,1,,0.58024,0.51405,0.88593,,424751.98,20067.6,175916.31
743,743,COLOR_GROUP,1,,0.58024,0.51405,0.88593,,424751.98,19967.32,175037.29
743,743,LOAD_BALANCE,1,,0.58024,0.51405,0.88593,,424751.98,20062.05,175867.69
743,743,OPTIMIZED,1,,0.62762,0.59452,0.94727,,424766.63,4494.29,85229.79
744,744,EDD,1,,0.58048,0.51452,0.88638,,424709.12,19997.92,176010.56
744,744,COLOR_GROUP,1,,0.58048,0.51452,0.88638,,424709.12,19992.78,175965.37
744,744,LOAD_BALANCE,1,,0.58048,0.51452,0.88638,,424709.12,19748.45,173814.9
744,744,OPTIMIZED,1,,0.6281,0.595,0.94731,,424759.75,4299.68,81601.07
745,745,EDD,1,,0.57833,0.51405,0.88884,,424763.69,19568.23,176041.56
745,745,COLOR_GROUP,1,,0.57833,0.51405,0.88884,,424763.69,19566.97,176030.27
745,745,LOAD_BALANCE,1,,0.57833,0.51405,0.88884,,424763.69,19568.09,176040.33
745,745,OPTIMIZED,1,,0.62738,0.59429,0.94725,,424794.98,4396.11,83336.24
746,746,EDD,1,,0.58071,0.51381,0.88479,,424785.86,20841.89,180901.7
746,746,COLOR_GROUP,1,,0.58071,0.51381,0.88479,,424785.86,20801.61,180552.1
746,746,LOAD_BALANCE,1,,0.58071,0.51381,0.88479,,424785.86,20792.79,180475.49
746,746,OPTIMIZED,1,,0.62738,0.59429,0.94725,,424754.42,4484.07,85003.79
747,747,EDD,1,,0.57262,0.51024,0.89106,,424624.23,18111.23,166250.04
747,747,COLOR_GROUP,1,,0.57571,0.5119,0.88916,,424674.37,18776.79,169411.49
747,747,LOAD_BALANCE,1,,0.57262,0.51024,0.89106,,424624.23,18091.86,166072.23
747,747,OPTIMIZED,1,,0.61929,0.58619,0.94656,,424797.25,4486.11,83945.2
748,748,EDD,1,,0.56786,0.50452,0.88847,,419133.02,18982.03,170196.06
748,748,COLOR_GROUP,1,,0.56786,0.50524,0.88973,,419133.02,18905.04,171439.26
748,748,LOAD_BALANCE,1,,0.56786,0.50452,0.88847,,419133.02,18962.04,170016.78
748,748,OPTIMIZED,1,,0.61214,0.57929,0.94632,,419245.97,4481.75,83496.94
749,749,EDD,1,,0.5731,0.51381,0.89655,,424759.66,19312.08,186683.45
749,749,COLOR_GROUP,1,,0.5731,0.51405,0.89697,,424759.66,19284.31,187166.65
749,749,LOAD_BALANCE,1,,0.5731,0.51381,0.89655,,424759.66,19310.42,186667.41
749,749,OPTIMIZED,1,,0.62429,0.59262,0.94928,,424798.61,4574.68,90186.61
750,750,EDD,1,,0.58,0.51524,0.88834,3887.93,424728.95,21039.2,188424.6
750,750,COLOR_GROUP,1,,0.58,0.51524,0.88834,13348.91,424728.95,19669.11,176154.24
750,750,LOAD_BALANCE,1,,0.58,0.51524,0.88834,3147.56,424728.95,20838.84,186630.21
750,750,OPTIMIZED,1,,0.62738,0.59476,0.94801,2023.16,424793.97,4482.8,86220.18
751,751,EDD,1,,0.57881,0.51429,0.88852,,424718.72,19764.55,177297.46
751,751,COLOR_GROUP,1,,0.57881,0.51429,0.88852,,424718.72,19751.62,177181.5
751,751,LOAD_BALANCE,1,,0.57881,0.51429,0.88852,,424718.72,19668.52,176436.1
751,751,OPTIMIZED,1,,0.62762,0.59476,0.94765,,424793.74,4355.0,83186.87
752,752,EDD,1,,0.57643,0.51524,0.89385,,424742.42,18658.52,175767.58
752,752,COLOR_GROUP,1,,0.57643,0.51524,0.89385,,424742.42,18646.53,175654.63
752,752,LOAD_BALANCE,1,,0.57643,0.51524,0.89385,,424742.42,18641.74,175609.59
752,752,OPTIMIZED,1,,0.6269,0.59571,0.95025,,424795.48,4052.0,81442.15
753,753,EDD,1,,0.57619,0.51429,0.89256,,424721.48,18798.85,174973.91
753,753,COLOR_GROUP,1,,0.57619,0.51429,0.89256,,424721.48,18796.08,174948.12
753,753,LOAD_BALANCE,1,,0.57619,0.51429,0.89256,,424721.48,18798.52,174970.83
753,753,OPTIMIZED,1,,0.62762,0.59452,0.94727,,424748.23,4423.25,83882.66
754,754,EDD,1,,0.56952,0.50952,0.89465,902.18,424660.48,18277.07,173487.15
754,754,COLOR_GROUP,1,,0.57095,0.51452,0.90117,,424636.01,17029.56,172307.53
754,754,LOAD_BALANCE,1,,0.56952,0.50952,0.89465,902.18,424660.48,18172.05,172490.25
754,754,OPTIMIZED,1,,0.62286,0.59429,0.95413,,424788.09,4238.69,92403.45
755,755,EDD,1,,0.5769,0.51381,0.89063,,424747.51,19418.22,177548.45
755,755,COLOR_GROUP,1,,0.5769,0.51381,0.89063,,424747.51,19196.48,175521.03
755,755,LOAD_BALANCE,1,,0.5769,0.51381,0.89063,,424747.51,19385.7,177251.09
755,755,OPTIMIZED,1,,0.62833,0.59524,0.94733,,424797.69,4317.78,81975.65
756,756,EDD,1,,0.54905,0.50167,0.9137,,424762.66,11817.51,136940.65
756,756,COLOR_GROUP,1,,0.54929,0.5019,0.91374,,424742.71,11811.22,136927.1
756,756,LOAD_BALANCE,1,,0.54905,0.50167,0.9137,,424762.66,11814.59,136906.74
756,756,OPTIMIZED,1,,0.59405,0.57071,0.96072,,424794.8,2447.33,62306.92
757,757,EDD,1,,0.57595,0.51524,0.89458,,424713.87,18181.17,172471.58
757,757,COLOR_GROUP,1,,0.57595,0.51524,0.89458,,424713.87,18130.38,171989.74
757,757,LOAD_BALANCE,1,,0.57595,0.51524,0.89458,,424713.87,18146.94,172146.9
757,757,OPTIMIZED,1,,0.62524,0.59476,0.95126,,424753.5,3897.76,79964.94
758,758,EDD,1,,0.57119,0.51524,0.90204,,424649.88,17652.54,180206.12
758,758,COLOR_GROUP,1,,0.57119,0.51524,0.90204,,424649.88,17559.96,179261.07
758,758,LOAD_BALANCE,1,,0.57119,0.51524,0.90204,,424649.88,17644.84,180127.49
758,758,OPTIMIZED,1,,0.62429,0.59214,0.94851,,424742.78,4175.91,81105.36
759,759,EDD,1,,0.57881,0.51452,0.88893,,424658.12,21123.19,190186.96
759,759,COLOR_GROUP,1,,0.57881,0.51452,0.88893,,424658.12,19770.72,178009.72
759,759,LOAD_BALANCE,1,,0.57881,0.51452,0.88893,,424658.12,21052.3,189548.68
759,759,OPTIMIZED,1,,0.62738,0.59452,0.94763,,424749.31,4512.84,86169.12
760,760,EDD,1,,0.57619,0.51571,0.89504,,424744.68,17319.0,165007.82
760,760,COLOR_GROUP,1,,0.58048,0.51595,0.88884,,424728.65,18800.9,169138.69
760,760,LOAD_BALANCE,1,,0.57619,0.51571,0.89504,,424744.68,17307.92,164902.23
760,760,OPTIMIZED,1,,0.62905,0.59595,0.94739,,424774.44,4234.11,80478.62
761,761,EDD,1,,0.57333,0.515,0.89826,,424746.23,18411.84,180962.04
761,761,COLOR_GROUP,1,,0.57333,0.51571,0.8995,,424746.23,17996.03,179067.98
761,761,LOAD_BALANCE,1,,0.57333,0.515,0.89826,,424746.23,18402.33,180868.6
761,761,OPTIMIZED,1,,0.62619,0.59429,0.94905,,424782.39,4368.84,85746.56
762,762,EDD,1,,0.55929,0.51524,0.92124,7938.73,424690.76,12342.0,156710.1
762,762,COLOR_GROUP,1,,0.56881,0.51524,0.90582,4879.92,424799.33,15656.23,166234.36
762,762,LOAD_BALANCE,1,,0.55929,0.51524,0.92124,7938.73,424690.76,12310.82,156314.15
762,762,OPTIMIZED,1,,0.62357,0.59095,0.94769,5132.31,424740.19,4291.84,82046.24
763,763,EDD,1,,0.565,0.515,0.9115,,424676.49,14943.52,168861.83
763,763,COLOR_GROUP,1,,0.565,0.515,0.9115,,424676.49,14945.46,168883.73
763,763,LOAD_BALANCE,1,,0.565,0.515,0.9115,,424676.49,14940.58,168828.56
763,763,OPTIMIZED,1,,0.61595,0.59119,0.9598,,424796.21,2973.87,73974.96
764,764,EDD,1,,0.57786,0.51548,0.89205,,424653.77,18702.75,173250.32
764,764,COLOR_GROUP,1,,0.57786,0.51548,0.89205,,424653.77,18675.68,172999.48
764,764,LOAD_BALANCE,1,,0.57786,0.51548,0.89205,,424653.77,18695.56,173183.68
764,764,OPTIMIZED,1,,0.6269,0.59333,0.94645,,424798.23,4583.71,85595.08
765,765,EDD,1,,0.57071,0.50595,0.88652,551.74,424603.31,19275.66,169866.76
765,765,COLOR_GROUP,1,,0.57762,0.51262,0.88747,440.02,424722.1,20247.44,179927.84
765,765,LOAD_BALANCE,1,,0.57071,0.50595,0.88652,551.74,424603.31,19240.26,169554.75
765,765,OPTIMIZED,1,,0.62714,0.59262,0.94495,559.01,424746.99,4650.54,84479.54
766,766,EDD,1,,0.57833,0.51381,0.88843,,424650.27,19285.37,172856.66
766,766,COLOR_GROUP,1,,0.57833,0.51381,0.88843,,424650.27,19278.36,172793.86
766,766,LOAD_BALANCE,1,,0.57833,0.51381,0.88843,,424650.27,19282.53,172831.27
766,766,OPTIMIZED,1,,0.62833,0.59429,0.94581,,424778.27,4477.64,82632.89
767,767,EDD,1,,0.58024,0.51405,0.88593,,424725.41,20585.48,180456.15
767,767,COLOR_GROUP,1,,0.58024,0.51405,0.88593,,424725.41,20497.53,179685.17
767,767,LOAD_BALANCE,1,,0.58024,0.51405,0.88593,,424725.41,20541.97,180074.75
767,767,OPTIMIZED,1,,0.62762,0.59357,0.94575,,424771.06,4639.81,85528.22
768,768,EDD,1,,0.57714,0.51405,0.89068,,424715.84,19567.22,178984.65
768,768,COLOR_GROUP,1,,0.57714,0.51405,0.89068,,424715.84,19220.77,175815.62
768,768,LOAD_BALANCE,1,,0.57714,0.51405,0.89068,,424715.84,19512.95,178488.24
768,768,OPTIMIZED,1,,0.62762,0.59381,0.94613,,424747.21,4518.77,83883.74
769,769,EDD,1,,0.56762,0.51429,0.90604,2960.1,424785.42,16847.81,179308.79
769,769,COLOR_GROUP,1,,0.56952,0.51452,0.90343,2667.09,424641.44,17187.43,177975.51
769,769,LOAD_BALANCE,1,,0.56762,0.51429,0.90604,2960.1,424785.42,16776.22,178546.89
769,769,OPTIMIZED,1,,0.62429,0.59286,0.94966,3071.42,424740.12,4421.73,87831.62
770,770,EDD,1,,0.58071,0.51476,0.88643,,424615.38,20159.24,177503.24
770,770,COLOR_GROUP,1,,0.58071,0.51476,0.88643,,424615.38,20153.45,177452.18
770,770,LOAD_BALANCE,1,,0.58071,0.51476,0.88643,,424615.38,20158.65,177498.01
770,770,OPTIMIZED,1,,0.62857,0.59452,0.94583,,424758.76,4420.65,81611.92
771,771,EDD,1,,0.56738,0.51333,0.90474,,424787.52,18579.71,195046.0
771,771,COLOR_GROUP,1,,0.56738,0.51333,0.90474,,424787.52,18565.58,194897.67
771,771,LOAD_BALANCE,1,,0.56738,0.51333,0.90474,,424787.52,18521.35,194433.4
771,771,OPTIMIZED,1,,0.61952,0.59262,0.95657,,424762.94,5212.31,120021.51
772,772,EDD,1,,0.57595,0.51333,0.89128,,424711.08,19411.23,178538.99
772,772,COLOR_GROUP,1,,0.57595,0.51333,0.89128,,424711.08,19395.18,178391.41
772,772,LOAD_BALANCE,1,,0.57595,0.51333,0.89128,,424711.08,19401.41,178448.67
772,772,OPTIMIZED,1,,0.62833,0.595,0.94695,,424786.78,4327.55,81574.23
773,773,EDD,1,,0.58167,0.51524,0.8858,,424604.21,20004.32,175163.31
773,773,COLOR_GROUP,1,,0.58167,0.51524,0.8858,,424604.21,19944.53,174639.76
773,773,LOAD_BALANCE,1,,0.58167,0.51524,0.8858,,424604.21,19994.69,175078.96
773,773,OPTIMIZED,1,,0.62738,0.595,0.94839,,424754.05,4325.83,83812.95
774,774,EDD,1,,0.57333,0.51405,0.89659,2191.21,424637.1,17677.52,170953.66
774,774,COLOR_GROUP,1,,0.57595,0.51429,0.89293,1819.03,424775.85,18569.23,173432.27
774,774,LOAD_BALANCE,1,,0.57333,0.51405,0.89659,2191.21,424637.1,17649.2,170679.81
774,774,OPTIMIZED,1,,0.62762,0.59429,0.94689,1577.45,424761.36,4261.57,80239.19
775,775,EDD,1,,0.57881,0.51405,0.88811,,424628.97,20314.97,181565.03
775,775,COLOR_GROUP,1,,0.57881,0.51405,0.88811,,424628.97,19780.85,176791.31
775,775,LOAD_BALANCE,1,,0.57881,0.51405,0.88811,,424628.97,20232.87,180831.31
775,775,OPTIMIZED,1,,0.62738,0.59333,0.94573,,424761.09,4612.33,84989.37
776,776,EDD,1,,0.57786,0.51452,0.8904,,424684.1,19026.32,173597.26
776,776,COLOR_GROUP,1,,0.57786,0.51452,0.8904,,424684.1,19001.93,173374.72
776,776,LOAD_BALANCE,1,,0.57786,0.51452,0.8904,,424684.1,19003.85,173392.25
776,776,OPTIMIZED,1,,0.62833,0.59571,0.94809,,424767.19,4335.14,83506.83
777,777,EDD,1,,0.58214,0.515,0.88466,,424717.47,20045.62,173799.78
777,777,COLOR_GROUP,1,,0.58214,0.515,0.88466,,424717.47,19987.75,173298.03
777,777,LOAD_BALANCE,1,,0.58214,0.515,0.88466,,424717.47,20004.35,173441.98
777,777,OPTIMIZED,1,,0.62762,0.59476,0.94765,,424761.51,4407.94,84198.05
778,778,EDD,1,,0.58119,0.51476,0.8857,,424628.83,19694.87,172312.49
778,778,COLOR_GROUP,1,,0.58119,0.51476,0.8857,,424628.83,19693.01,172296.23
778,778,LOAD_BALANCE,1,,0.58119,0.51476,0.8857,,424628.83,19687.72,172249.93
778,778,OPTIMIZED,1,,0.62738,0.59429,0.94725,,424754.03,4554.71,86342.83
779,779,EDD,1,,0.57,0.50905,0.89307,,424675.36,21240.16,198628.69
779,779,COLOR_GROUP,1,,0.57,0.50905,0.89307,,424675.36,21203.96,198290.17
779,779,LOAD_BALANCE,1,,0.57,0.50905,0.89307,,424675.36,21227.55,198510.81
779,779,OPTIMIZED,1,,0.62333,0.58905,0.945,,424758.08,5253.65,95514.28
780,780,EDD,1,,0.5769,0.5119,0.88733,,424792.52,19672.95,174606.4
780,780,COLOR_GROUP,1,,0.5769,0.5119,0.88733,,424792.52,19667.48,174557.9
780,780,LOAD_BALANCE,1,,0.5769,0.5119,0.88733,,424792.52,19669.99,174580.2
780,780,OPTIMIZED,1,,0.62524,0.59095,0.94516,,424753.45,4907.68,89497.08
781,781,EDD,1,,0.57667,0.51405,0.89141,,424773.33,19043.96,175378.22
781,781,COLOR_GROUP,1,,0.57667,0.51405,0.89141,,424773.33,19016.55,175125.83
781,781,LOAD_BALANCE,1,,0.57667,0.51405,0.89141,,424773.33,19031.42,175262.75
781,781,OPTIMIZED,1,,0.62524,0.59381,0.94973,,424766.63,4178.45,83125.74
782,782,EDD,1,,0.55071,0.50333,0.91396,11347.01,424641.84,11282.8,131141.25
782,782,COLOR_GROUP,1,,0.56095,0.51238,0.91341,11229.94,424622.33,11688.48,134990.51
782,782,LOAD_BALANCE,1,,0.55071,0.50333,0.91396,11347.01,424641.84,11264.99,130934.26
782,782,OPTIMIZED,1,,0.60143,0.57714,0.95962,11307.86,424773.69,2351.97,58245.78
783,783,EDD,1,,0.57667,0.51524,0.89348,,424710.91,18265.2,171466.36
783,783,COLOR_GROUP,1,,0.57667,0.51524,0.89348,,424710.91,18224.61,171085.29
783,783,LOAD_BALANCE,1,,0.57929,0.51524,0.88944,,424656.46,19581.47,177106.78
783,783,OPTIMIZED,1,,0.6281,0.59548,0.94807,,424791.64,4340.66,83581.5
784,784,EDD,1,,0.56857,0.50595,0.88987,,424523.39,19742.55,179259.32
784,784,COLOR_GROUP,1,,0.56857,0.50595,0.88987,,424523.39,19697.77,178852.79
784,784,LOAD_BALANCE,1,,0.56857,0.50595,0.88987,,424523.39,19671.18,178611.35
784,784,OPTIMIZED,1,,0.62262,0.58619,0.94149,,424795.74,5327.01,91046.69
785,785,EDD,1,,0.57452,0.51381,0.89432,,424779.86,19369.79,183291.38
785,785,COLOR_GROUP,1,,0.57452,0.51381,0.89432,,424779.86,19364.42,183240.55
785,785,LOAD_BALANCE,1,,0.57452,0.51381,0.89432,,424779.86,19277.58,182418.82
785,785,OPTIMIZED,1,,0.62738,0.59429,0.94725,,424783.57,4330.97,82101.44
786,786,EDD,1,,0.57071,0.50833,0.8907,,424733.06,19937.13,182401.88
786,786,COLOR_GROUP,1,,0.57071,0.50833,0.8907,,424733.06,19793.48,181087.69
786,786,LOAD_BALANCE,1,,0.57071,0.50833,0.8907,,424733.06,19911.76,182169.82
786,786,OPTIMIZED,1,,0.61833,0.58095,0.93955,,424754.09,7345.25,121500.79
787,787,EDD,1,,0.57452,0.51571,0.89764,,424768.76,17512.61,171084.76
787,787,COLOR_GROUP,1,,0.57452,0.51571,0.89764,,424768.76,17454.68,170518.76
787,787,LOAD_BALANCE,1,,0.57452,0.51571,0.89764,,424768.76,17503.2,170992.84
787,787,OPTIMIZED,1,,0.62738,0.595,0.94839,,424749.75,4240.12,82152.32
788,788,EDD,1,,0.58143,0.51571,0.88698,,424682.81,19310.92,170859.7
788,788,COLOR_GROUP,1,,0.58143,0.51571,0.88698,,424682.81,19288.94,170665.19
788,788,LOAD_BALANCE,1,,0.58143,0.51571,0.88698,,424682.81,19277.36,170562.7
788,788,OPTIMIZED,1,,0.62786,0.59524,0.94805,,424747.75,4377.99,84268.24
789,789,EDD,1,,0.56738,0.51619,0.90978,,424701.39,14044.13,155661.21
789,789,COLOR_GROUP,1,,0.56738,0.51619,0.90978,,424701.39,14026.89,155470.08
789,789,LOAD_BALANCE,1,,0.56738,0.51619,0.90978,,424701.39,14032.16,155528.59
789,789,OPTIMIZED,1,,0.6219,0.58929,0.94755,,424740.75,3480.97,66367.16
790,790,EDD,1,,0.5769,0.51381,0.89063,,424717.76,19169.32,175272.65
790,790,COLOR_GROUP,1,,0.5769,0.51452,0.89187,,424717.76,19081.83,176470.53
790,790,LOAD_BALANCE,1,,0.5769,0.51381,0.89063,,424717.76,19156.53,175155.76
790,790,OPTIMIZED,1,,0.62762,0.59429,0.94689,,424756.39,4466.33,84094.7
791,791,EDD,1,,0.58024,0.51429,0.88634,,424689.66,19956.12,175570.59
791,791,COLOR_GROUP,1,,0.58024,0.51429,0.88634,,424689.66,19954.67,175557.89
791,791,LOAD_BALANCE,1,,0.58024,0.51429,0.88634,,424689.66,19951.69,175531.64
791,791,OPTIMIZED,1,,0.62881,0.595,0.94623,,424777.09,4255.27,79142.1
792,792,EDD,1,,0.57833,0.51571,0.89172,,424590.84,18492.28,170789.91
792,792,COLOR_GROUP,1,,0.57833,0.51571,0.89172,,424590.84,18405.34,169986.94
792,792,LOAD_BALANCE,1,,0.57833,0.51571,0.89172,,424590.84,18484.15,170714.82
792,792,OPTIMIZED,1,,0.6269,0.59429,0.94797,,424733.16,4322.65,83076.96
793,793,EDD,1,,0.58024,0.51452,0.88675,1069.36,424729.49,20156.72,177978.01
793,793,COLOR_GROUP,1,,0.58024,0.51452,0.88675,2083.64,424729.49,20148.76,177907.75
793,793,LOAD_BALANCE,1,,0.58024,0.51452,0.88675,555.71,424729.49,19922.06,175906.05
793,793,OPTIMIZED,1,,0.6281,0.59429,0.94617,,424770.21,4550.4,84534.84
794,794,EDD,1,,0.57881,0.51452,0.88893,,424692.16,19823.7,178486.76
794,794,COLOR_GROUP,1,,0.57881,0.51452,0.88893,,424692.16,19805.68,178324.49
794,794,LOAD_BALANCE,1,,0.57881,0.51452,0.88893,,424692.16,19790.64,178189.09
794,794,OPTIMIZED,1,,0.6269,0.59429,0.94797,,424759.82,4469.69,85902.91
795,795,EDD,1,,0.57405,0.50976,0.88801,,424605.15,20300.2,181273.28
795,795,COLOR_GROUP,1,,0.57405,0.50976,0.88801,,424605.15,20299.75,181269.22
795,795,LOAD_BALANCE,1,,0.57405,0.50976,0.88801,,424605.15,20297.61,181250.11
795,795,OPTIMIZED,1,,0.62476,0.58786,0.94093,,424766.43,5226.77,88484.21
796,796,EDD,1,,0.57881,0.51571,0.89099,,424682.15,19285.94,176921.23
796,796,COLOR_GROUP,1,,0.57881,0.51595,0.8914,,424682.15,19280.27,177539.15
796,796,LOAD_BALANCE,1,,0.57881,0.51571,0.89099,,424682.15,19283.67,176900.4
796,796,OPTIMIZED,1,,0.6281,0.59524,0.94769,,424763.1,4388.21,83884.77
797,797,EDD,1,,0.58,0.51452,0.88711,,424778.23,19699.1,174498.18
797,797,COLOR_GROUP,1,,0.58,0.51452,0.88711,,424778.23,19697.37,174482.87
797,797,LOAD_BALANCE,1,,0.58,0.51452,0.88711,,424778.23,19674.06,174276.36
797,797,OPTIMIZED,1,,0.62619,0.59333,0.94753,,424737.44,4491.04,85590.02
798,798,EDD,1,,0.57595,0.51524,0.89458,,424668.63,18367.78,174241.76
798,798,COLOR_GROUP,1,,0.57619,0.51571,0.89504,,424763.97,18336.42,174701.28
798,798,LOAD_BALANCE,1,,0.57595,0.51524,0.89458,,424668.63,18197.34,172624.93
798,798,OPTIMIZED,1,,0.62619,0.59357,0.94791,,424786.89,4328.53,83095.1
799,799,EDD,1,,0.57929,0.51476,0.88861,,424670.81,19980.9,179385.7
799,799,COLOR_GROUP,1,,0.57929,0.51476,0.88861,,424670.81,19996.0,179521.28
799,799,LOAD_BALANCE,1,,0.57929,0.51476,0.88861,,424670.81,19742.3,177243.62
799,799,OPTIMIZED,1,,0.62833,0.595,0.94695,,424775.91,4327.39,81571.29
800,800,EDD,1,,0.58,0.515,0.88793,,424751.19,19983.89,178317.78
800,800,COLOR_GROUP,1,,0.58,0.515,0.88793,,424751.19,19981.44,178295.89
800,800,LOAD_BALANCE,1,,0.58,0.515,0.88793,,424751.19,19982.58,178306.06
800,800,OPTIMIZED,1,,0.62738,0.59429,0.94725,,424783.93,4426.05,83903.91
801,801,EDD,1,,0.57333,0.51524,0.89867,,424690.2,17145.54,169206.82
801,801,COLOR_GROUP,1,,0.57381,0.51524,0.89793,,424759.83,17362.46,170095.68
801,801,LOAD_BALANCE,1,,0.57333,0.51524,0.89867,,424690.2,17142.27,169174.52
801,801,OPTIMIZED,1,,0.61786,0.59262,0.95915,,424795.76,3455.7,84599.51
802,802,EDD,1,,0.58024,0.51452,0.88675,,424778.66,19828.91,175083.53
802,802,COLOR_GROUP,1,,0.58024,0.51452,0.88675,,424778.66,19826.46,175061.89
802,802,LOAD_BALANCE,1,,0.58024,0.51452,0.88675,,424778.66,19813.31,174945.77
802,802,OPTIMIZED,1,,0.62667,0.59452,0.94871,,424772.01,4275.21,83350.74
803,803,EDD,1,,0.58048,0.51524,0.88761,,424753.79,19586.1,174273.38
803,803,COLOR_GROUP,1,,0.58048,0.51524,0.88761,,424753.79,19566.25,174096.82
803,803,LOAD_BALANCE,1,,0.58048,0.51524,0.88761,,424753.79,19584.22,174256.65
803,803,OPTIMIZED,1,,0.62857,0.59524,0.94697,,424775.33,4416.54,83283.25
804,804,EDD,1,,0.5719,0.51167,0.89467,,424614.66,16777.94,159290.95
804,804,COLOR_GROUP,1,,0.5719,0.51357,0.898,,424614.66,16338.33,160182.33
804,804,LOAD_BALANCE,1,,0.5719,0.51167,0.89467,,424614.66,16714.48,158688.43
804,804,OPTIMIZED,1,,0.62381,0.59595,0.95534,,424752.31,3213.69,71964.77
805,805,EDD,1,,0.56429,0.51452,0.91181,,424746.77,19565.95,221872.3
805,805,COLOR_GROUP,1,,0.56429,0.51452,0.91181,4773.91,424746.77,19131.39,216944.48
805,805,LOAD_BALANCE,1,,0.56429,0.51452,0.91181,,424746.77,19461.36,220686.2
805,805,OPTIMIZED,1,,0.62071,0.59143,0.95282,,424770.51,6125.82,129837.51
806,806,EDD,1,,0.58048,0.515,0.8872,,424771.5,20012.76,177422.23
806,806,COLOR_GROUP,1,,0.58048,0.515,0.8872,,424771.5,20003.57,177340.78
806,806,LOAD_BALANCE,1,,0.58048,0.515,0.8872,,424771.5,20011.74,177413.14
806,806,OPTIMIZED,1,,0.62857,0.59571,0.94773,,424775.5,4273.64,81756.58
807,807,EDD,1,,0.57905,0.51429,0.88816,,424796.98,19817.21,177189.16
807,807,COLOR_GROUP,1,,0.57905,0.51429,0.88816,,424796.98,19815.21,177171.28
807,807,LOAD_BALANCE,1,,0.57905,0.51429,0.88816,,424796.98,19801.92,177052.45
807,807,OPTIMIZED,1,,0.62881,0.59595,0.94775,,424748.27,4174.47,79889.71
808,808,EDD,1,,0.57929,0.51452,0.8882,,424712.8,19912.39,178113.38
808,808,COLOR_GROUP,1,,0.57929,0.51452,0.8882,,424712.8,19651.32,175778.19
808,808,LOAD_BALANCE,1,,0.57929,0.51452,0.8882,,424712.8,19889.67,177910.18
808,808,OPTIMIZED,1,,0.62857,0.59452,0.94583,,424786.16,4399.26,81217.14
809,809,EDD,1,,0.57952,0.51381,0.88661,,424794.52,20131.49,177536.39
809,809,COLOR_GROUP,1,,0.57952,0.51381,0.88661,,424794.52,19905.78,175545.94
809,809,LOAD_BALANCE,1,,0.57952,0.51381,0.88661,,424794.52,19908.33,175568.4
809,809,OPTIMIZED,1,,0.62786,0.59429,0.94653,,424784.68,4455.18,83321.27
810,810,EDD,1,,0.58071,0.515,0.88684,,424764.59,19719.81,174263.12
810,810,COLOR_GROUP,1,,0.58071,0.515,0.88684,,424764.59,19709.0,174167.54
810,810,LOAD_BALANCE,1,,0.58071,0.515,0.88684,,424764.59,19711.96,174193.77
810,810,OPTIMIZED,1,,0.62833,0.59452,0.94619,,424757.23,4461.06,82906.67
811,811,EDD,1,,0.57548,0.51381,0.89284,2090.48,424628.28,20863.17,194696.06
811,811,COLOR_GROUP,1,,0.57405,0.51381,0.89506,2009.11,424636.96,19490.91,185741.42
811,811,LOAD_BALANCE,1,,0.57548,0.51381,0.89284,2090.48,424628.28,20803.71,194141.16
811,811,OPTIMIZED,1,,0.62548,0.59286,0.94785,1911.79,424799.57,4696.56,90057.43
812,812,EDD,1,,0.57548,0.51452,0.89408,,424707.64,17745.32,167540.8
812,812,COLOR_GROUP,1,,0.58024,0.51452,0.88675,,424659.94,20094.64,177429.85
812,812,LOAD_BALANCE,1,,0.57548,0.51452,0.89408,,424707.64,17728.26,167379.69
812,812,OPTIMIZED,1,,0.6269,0.5931,0.94607,,424778.39,4302.53,79778.61
813,813,EDD,1,,0.56333,0.51048,0.90617,,424746.33,19663.65,209568.45
813,813,COLOR_GROUP,1,,0.56333,0.51048,0.90617,,424746.33,19661.32,209543.64
813,813,LOAD_BALANCE,1,,0.56333,0.51048,0.90617,,424746.33,19657.43,209502.18
813,813,OPTIMIZED,1,,0.62595,0.5931,0.94751,,424742.1,4773.29,90934.66
814,814,EDD,1,,0.57833,0.51381,0.88843,,424701.98,19059.02,170827.86
814,814,COLOR_GROUP,1,,0.57833,0.51381,0.88843,,424701.98,19041.6,170671.73
814,814,LOAD_BALANCE,1,,0.57833,0.51381,0.88843,,424701.98,19024.56,170519.0
814,814,OPTIMIZED,1,,0.62786,0.59548,0.94843,,424780.74,4180.36,81056.0
815,815,EDD,1,,0.58024,0.51595,0.88921,,424715.46,19019.56,171669.12
815,815,COLOR_GROUP,1,,0.58024,0.51595,0.88921,,424715.46,18956.99,171104.36
815,815,LOAD_BALANCE,1,,0.58024,0.51595,0.88921,,424715.46,18980.07,171312.69
815,815,OPTIMIZED,1,,0.62857,0.59429,0.94545,,424766.53,4238.02,77697.0
816,816,EDD,1,,0.58143,0.51571,0.88698,,424770.0,19394.92,171602.87
816,816,COLOR_GROUP,1,,0.58143,0.51571,0.88698,,424770.0,19313.47,170882.25
816,816,LOAD_BALANCE,1,,0.58143,0.51571,0.88698,,424770.0,19372.31,171402.87
816,816,OPTIMIZED,1,,0.62738,0.59452,0.94763,,424772.39,4416.41,84327.89
817,817,EDD,1,,0.57881,0.51429,0.88852,,424704.45,19819.5,177790.45
817,817,COLOR_GROUP,1,,0.57881,0.51429,0.88852,,424704.45,19816.99,177767.9
817,817,LOAD_BALANCE,1,,0.57881,0.51429,0.88852,,424704.45,19813.97,177740.8
817,817,OPTIMIZED,1,,0.62762,0.59476,0.94765,,424763.96,4224.09,80686.16
818,818,EDD,1,,0.58048,0.51476,0.88679,,424692.93,19813.64,175020.46
818,818,COLOR_GROUP,1,,0.58048,0.51476,0.88679,,424692.93,19813.08,175015.57
818,818,LOAD_BALANCE,1,,0.58048,0.51476,0.88679,,424692.93,19808.17,174972.13
818,818,OPTIMIZED,1,,0.62905,0.59571,0.94701,,424794.89,4321.37,81550.45
819,819,EDD,1,,0.57929,0.51429,0.88779,,424634.42,19844.5,176855.95
819,819,COLOR_GROUP,1,,0.57929,0.51429,0.88779,,424634.42,19471.91,173535.4
819,819,LOAD_BALANCE,1,,0.57929,0.51429,0.88779,,424634.42,19841.59,176829.99
819,819,OPTIMIZED,1,,0.62833,0.59548,0.94771,,424772.26,4320.59,82623.45
820,820,EDD,1,,0.56119,0.51548,0.91854,,424643.53,17041.18,209198.28
820,820,COLOR_GROUP,1,,0.56119,0.51548,0.91854,,424643.53,17007.56,208785.47
820,820,LOAD_BALANCE,1,,0.56119,0.51548,0.91854,,424643.53,17034.27,209113.4
820,820,OPTIMIZED,1,,0.62357,0.59,0.94616,,424773.12,4817.53,89483.01
821,821,EDD,1,,0.57405,0.51405,0.89548,,424642.98,17854.1,170818.42
821,821,COLOR_GROUP,1,,0.57405,0.51405,0.89548,,424642.98,17848.6,170765.74
821,821,LOAD_BALANCE,1,,0.57405,0.51405,0.89548,,424642.98,17850.68,170785.7
821,821,OPTIMIZED,1,,0.6219,0.59357,0.95444,,424795.12,3807.89,83581.48
822,822,EDD,1,,0.58143,0.50857,0.87469,4036.45,424743.09,20970.5,167352.83
822,822,COLOR_GROUP,1,,0.58143,0.51429,0.88452,12172.6,424743.09,20235.7,175232.52
822,822,LOAD_BALANCE,1,,0.58143,0.51238,0.88124,2483.98,424743.09,20401.27,171792.77
822,822,OPTIMIZED,1,,0.62833,0.595,0.94695,2394.6,424768.97,4240.99,79942.7
823,823,EDD,1,,0.58167,0.51714,0.88907,,424799.3,19195.24,173040.45
823,823,COLOR_GROUP,1,,0.58167,0.51714,0.88907,,424799.3,19174.89,172857.05
823,823,LOAD_BALANCE,1,,0.58167,0.51714,0.88907,,424799.3,19191.67,173008.34
823,823,OPTIMIZED,1,,0.62857,0.59619,0.94848,,424753.64,4242.16,82347.89
824,824,EDD,1,,0.58024,0.51452,0.88675,,424758.52,20145.47,177878.7
824,824,COLOR_GROUP,1,,0.58024,0.51452,0.88675,,424758.52,20116.35,177621.56
824,824,LOAD_BALANCE,1,,0.58024,0.51452,0.88675,,424758.52,19945.36,176111.73
824,824,OPTIMIZED,1,,0.6281,0.59524,0.94769,,424788.27,4389.49,83909.32
825,825,EDD,1,,0.57929,0.51595,0.89067,,424778.84,19101.84,174717.21
825,825,COLOR_GROUP,1,,0.57929,0.51595,0.89067,,424778.84,19101.67,174715.65
825,825,LOAD_BALANCE,1,,0.57929,0.51595,0.89067,,424778.84,19092.44,174631.25
825,825,OPTIMIZED,1,,0.62762,0.595,0.94803,,424771.32,4281.4,82377.81
826,826,EDD,1,,0.58167,0.515,0.88539,,424658.5,19631.54,171285.21
826,826,COLOR_GROUP,1,,0.58167,0.515,0.88539,,424658.5,19636.51,171328.53
826,826,LOAD_BALANCE,1,,0.58167,0.515,0.88539,,424658.5,19623.73,171217.01
826,826,OPTIMIZED,1,,0.62786,0.59524,0.94805,,424780.38,4399.24,84677.3
827,827,EDD,1,,0.58024,0.51429,0.88634,3102.99,424726.24,20355.64,179085.55
827,827,COLOR_GROUP,1,,0.58024,0.51452,0.88675,3224.3,424726.24,20270.11,178979.24
827,827,LOAD_BALANCE,1,,0.58024,0.51452,0.88675,,424726.24,20295.29,179201.55
827,827,OPTIMIZED,1,,0.62929,0.59548,0.94627,670.56,424785.41,4261.99,79327.07
828,828,EDD,1,,0.57452,0.51405,0.89474,452.64,424795.1,19955.37,189576.03
828,828,COLOR_GROUP,1,,0.57452,0.51405,0.89474,2195.46,424795.1,19948.94,189514.93
828,828,LOAD_BALANCE,1,,0.57452,0.51405,0.89474,,424795.1,19822.15,188310.44
828,828,OPTIMIZED,1,,0.62571,0.5931,0.94787,204.84,424771.12,4640.27,89011.85
829,829,EDD,1,,0.57881,0.515,0.88976,,424642.48,19474.94,176655.15
829,829,COLOR_GROUP,1,,0.57881,0.515,0.88976,,424642.48,19285.27,174934.65
829,829,LOAD_BALANCE,1,,0.57881,0.515,0.88976,,424642.48,19310.36,175162.24
829,829,OPTIMIZED,1,,0.6281,0.59548,0.94807,,424795.21,4238.52,81614.75
830,830,EDD,1,,0.57357,0.51381,0.89581,1847.09,424754.3,19630.75,188408.26
830,830,COLOR_GROUP,1,,0.575,0.51381,0.89358,1768.81,424742.51,19529.95,183520.75
830,830,LOAD_BALANCE,1,,0.57357,0.51381,0.89581,1847.09,424754.3,19332.43,185545.09
830,830,OPTIMIZED,1,,0.62381,0.59357,0.95153,1699.05,424745.33,4681.42,96577.34
831,831,EDD,1,,0.57571,0.51333,0.89165,,424754.3,19451.02,179513.62
831,831,COLOR_GROUP,1,,0.57571,0.51333,0.89165,,424754.3,19435.99,179374.91
831,831,LOAD_BALANCE,1,,0.57571,0.51333,0.89165,,424754.3,19439.53,179407.54
831,831,OPTIMIZED,1,,0.62762,0.59476,0.94765,,424745.16,4468.98,85364.0
832,832,EDD,1,,0.57667,0.51333,0.89017,,424765.51,19919.85,181375.52
832,832,COLOR_GROUP,1,,0.57667,0.51333,0.89017,,424765.51,19918.43,181362.51
832,832,LOAD_BALANCE,1,,0.57667,0.51333,0.89017,,424765.51,19916.42,181344.2
832,832,OPTIMIZED,1,,0.62857,0.595,0.94659,,424781.91,4372.67,81871.23
833,833,EDD,1,,0.57976,0.51571,0.88953,,424744.87,19169.96,173527.34
833,833,COLOR_GROUP,1,,0.57976,0.51595,0.88994,,424744.87,19093.57,173480.73
833,833,LOAD_BALANCE,1,,0.57976,0.51571,0.88953,,424744.87,19122.33,173096.2
833,833,OPTIMIZED,1,,0.62738,0.59357,0.94611,,424771.96,4469.82,82943.43
834,834,EDD,1,,0.58143,0.515,0.88575,,424724.38,20207.34,176868.54
834,834,COLOR_GROUP,1,,0.58143,0.515,0.88575,,424724.38,20162.78,176478.57
834,834,LOAD_BALANCE,1,,0.58143,0.515,0.88575,,424724.38,20201.78,176819.86
834,834,OPTIMIZED,1,,0.62833,0.59476,0.94657,,424746.9,4399.57,82343.64
835,835,EDD,1,,0.57952,0.51524,0.88907,,424783.27,19080.1,172003.58
835,835,COLOR_GROUP,1,,0.57952,0.51524,0.88907,,424783.27,19049.95,171731.8
835,835,LOAD_BALANCE,1,,0.57952,0.51524,0.88907,,424783.27,19077.53,171980.37
835,835,OPTIMIZED,1,,0.62762,0.595,0.94803,,424799.92,4350.69,83711.11
836,836,EDD,1,,0.58,0.51548,0.88875,,424744.59,19805.42,178029.52
836,836,COLOR_GROUP,1,,0.58,0.51619,0.88998,,424744.59,19222.52,174724.13
836,836,LOAD_BALANCE,1,,0.58,0.51548,0.88875,,424744.59,19734.02,177387.69
836,836,OPTIMIZED,1,,0.62905,0.59452,0.94512,,424750.77,4387.07,79935.45
837,837,EDD,1,,0.57381,0.51452,0.89668,,424758.46,17230.82,166772.18
837,837,COLOR_GROUP,1,,0.57381,0.51452,0.89668,,424758.46,17222.17,166688.51
837,837,LOAD_BALANCE,1,,0.57381,0.51452,0.89668,,424758.46,17219.1,166658.73
837,837,OPTIMIZED,1,,0.62571,0.59381,0.94901,,424774.41,4013.98,78721.88
838,838,EDD,1,,0.57214,0.51381,0.89804,,424719.71,17626.61,172884.67
838,838,COLOR_GROUP,1,,0.57214,0.51429,0.89888,,424719.71,17610.07,174144.05
838,838,LOAD_BALANCE,1,,0.57214,0.51381,0.89804,,424719.71,17613.02,172751.39
838,838,OPTIMIZED,1,,0.62643,0.59452,0.94907,,424768.44,4386.09,86117.88
839,839,EDD,1,,0.57929,0.51429,0.88779,,424780.38,19756.61,176072.62
839,839,COLOR_GROUP,1,,0.57929,0.51452,0.8882,,424780.38,19741.2,176582.14
839,839,LOAD_BALANCE,1,,0.57929,0.51429,0.88779,,424780.38,19732.24,175855.43
839,839,OPTIMIZED,1,,0.62738,0.59381,0.94649,,424773.08,4543.02,84899.68
840,840,EDD,1,,0.58024,0.51381,0.88551,,424632.79,20584.31,179799.13
840,840,COLOR_GROUP,1,,0.58024,0.51381,0.88551,,424632.79,20228.19,176688.5
840,840,LOAD_BALANCE,1,,0.58024,0.51381,0.88551,,424632.79,20562.99,179612.97
840,840,OPTIMIZED,1,,0.62738,0.59429,0.94725,,424798.68,4546.45,86186.29
841,841,EDD,1,,0.57881,0.51095,0.88276,551.4,424614.85,21450.68,182970.53
841,841,COLOR_GROUP,1,,0.57881,0.51238,0.88523,468.26,424633.94,20025.63,174488.58
841,841,LOAD_BALANCE,1,,0.57881,0.51095,0.88276,551.4,424614.85,21361.77,182212.11
841,841,OPTIMIZED,1,,0.6269,0.59429,0.94797,670.71,424786.25,4467.45,85859.81
842,842,EDD,1,,0.58,0.51429,0.8867,,424764.23,19990.09,176434.3
842,842,COLOR_GROUP,1,,0.58024,0.51429,0.88634,,424771.65,19907.4,175142.01
842,842,LOAD_BALANCE,1,,0.58,0.51429,0.8867,,424764.23,19982.27,176365.28
842,842,OPTIMIZED,1,,0.62762,0.59429,0.94689,,424755.52,4398.67,82820.75
843,843,EDD,1,,0.56762,0.51476,0.90688,3766.53,424692.73,17704.07,190119.34
843,843,COLOR_GROUP,1,,0.57286,0.51476,0.89859,1800.71,424783.42,17843.9,175952.56
843,843,LOAD_BALANCE,1,,0.56762,0.51476,0.90688,3766.53,424692.73,17672.12,189776.31
843,843,OPTIMIZED,1,,0.62167,0.59452,0.95634,7065.67,424762.79,5226.07,119695.27
844,844,EDD,1,,0.56119,0.51381,0.91557,,424639.59,17240.71,204202.73
844,844,COLOR_GROUP,1,,0.56119,0.51381,0.91557,,424639.59,17222.37,203985.5
844,844,LOAD_BALANCE,1,,0.56119,0.51381,0.91557,,424639.59,17235.59,204142.15
844,844,OPTIMIZED,1,,0.62119,0.58524,0.94212,,424788.0,5048.63,87230.93
845,845,EDD,1,,0.57119,0.515,0.90163,,424671.19,15986.1,162502.81
845,845,COLOR_GROUP,1,,0.57119,0.515,0.90163,,424671.19,15638.37,158968.01
845,845,LOAD_BALANCE,1,,0.57119,0.515,0.90163,,424671.19,15941.24,162046.74
845,845,OPTIMIZED,1,,0.62238,0.595,0.95601,,424778.38,4093.76,93052.93
846,846,EDD,1,,0.58143,0.515,0.88575,,424709.5,20179.86,176628.01
846,846,COLOR_GROUP,1,,0.58143,0.515,0.88575,,424709.5,20166.62,176512.1
846,846,LOAD_BALANCE,1,,0.58143,0.515,0.88575,,424709.5,20160.2,176455.94
846,846,OPTIMIZED,1,,0.6269,0.59381,0.94721,,424791.2,4423.62,83794.15
847,847,EDD,1,,0.57952,0.51452,0.88784,618.57,424575.31,19748.9,176076.26
847,847,COLOR_GROUP,1,,0.57952,0.51452,0.88784,582.14,424575.31,19726.62,175877.65
847,847,LOAD_BALANCE,1,,0.57952,0.51452,0.88784,,424575.31,19463.3,173529.94
847,847,OPTIMIZED,1,,0.62786,0.59381,0.94577,,424515.72,4443.88,81947.67
848,848,EDD,1,,0.57976,0.51524,0.88871,,424765.16,18840.25,169284.13
848,848,COLOR_GROUP,1,,0.57976,0.51619,0.89035,,424765.16,18765.08,171134.75
848,848,LOAD_BALANCE,1,,0.57976,0.51524,0.88871,,424765.16,18833.06,169219.57
848,848,OPTIMIZED,1,,0.6281,0.59476,0.94693,,424749.53,4318.75,81377.67
849,849,EDD,1,,0.57452,0.51429,0.89515,2482.94,424702.86,18247.51,174036.5
849,849,COLOR_GROUP,1,,0.57929,0.51429,0.88779,1108.82,424634.52,19666.87,175272.85
849,849,LOAD_BALANCE,1,,0.57452,0.51429,0.89515,2482.94,424702.86,18236.56,173932.11
849,849,OPTIMIZED,1,,0.62738,0.595,0.94839,1296.16,424789.48,4209.14,81552.05
850,850,EDD,1,,0.57119,0.515,0.90163,,424634.17,16535.23,168084.81
850,850,COLOR_GROUP,1,,0.57595,0.515,0.89417,,424677.8,18930.74,178880.71
850,850,LOAD_BALANCE,1,,0.57119,0.515,0.90163,,424634.17,16534.04,168072.73
850,850,OPTIMIZED,1,,0.62643,0.59333,0.94717,,424762.79,4308.81,81557.33
851,851,EDD,1,,0.56048,0.51524,0.91929,5758.87,424792.1,12594.4,156037.95
851,851,COLOR_GROUP,1,,0.57357,0.51524,0.8983,2775.25,424790.61,18047.83,177458.05
851,851,LOAD_BALANCE,1,,0.56048,0.51524,0.91929,5758.87,424792.1,12588.03,155959.06
851,851,OPTIMIZED,1,,0.61952,0.59405,0.95888,2812.87,424779.09,4137.35,100611.19
852,852,EDD,1,,0.57857,0.51571,0.89136,,424769.87,19030.87,175170.53
852,852,COLOR_GROUP,1,,0.57857,0.51571,0.89136,,424769.87,19026.03,175126.0
852,852,LOAD_BALANCE,1,,0.57857,0.51571,0.89136,,424769.87,19028.38,175147.59
852,852,OPTIMIZED,1,,0.6281,0.59476,0.94693,,424769.09,4451.62,83881.16
853,853,EDD,1,,0.57833,0.51548,0.89131,,424789.18,18528.17,170473.16
853,853,COLOR_GROUP,1,,0.57833,0.51595,0.89214,,424789.18,18370.01,170308.19
853,853,LOAD_BALANCE,1,,0.57833,0.51548,0.89131,,424789.18,18318.57,168544.7
853,853,OPTIMIZED,1,,0.62619,0.59452,0.94943,,424794.84,4037.8,79845.29
854,854,EDD,1,,0.57333,0.50571,0.88206,3142.65,424633.21,21309.89,180683.83
854,854,COLOR_GROUP,1,,0.57333,0.50905,0.88787,2951.53,424634.39,20116.09,179405.7
854,854,LOAD_BALANCE,1,,0.57333,0.50571,0.88206,3142.65,424633.21,21130.29,179161.04
854,854,OPTIMIZED,1,,0.62405,0.58667,0.9401,2917.46,424773.99,5324.47,88888.12
855,855,EDD,1,,0.58,0.51381,0.88588,,424758.29,20304.63,177921.15
855,855,COLOR_GROUP,1,,0.58,0.51381,0.88588,,424758.29,20260.03,177530.34
855,855,LOAD_BALANCE,1,,0.58,0.51381,0.88588,,424758.29,20293.8,177826.26
855,855,OPTIMIZED,1,,0.62905,0.59476,0.9455,,424777.82,4398.93,80708.14
856,856,EDD,1,,0.57952,0.51524,0.88907,,424759.77,19519.76,175967.04
856,856,COLOR_GROUP,1,,0.57976,0.51524,0.88871,,424753.65,19614.9,176244.56
856,856,LOAD_BALANCE,1,,0.57952,0.51524,0.88907,,424759.77,19518.86,175958.93
856,856,OPTIMIZED,1,,0.6281,0.59452,0.94655,,424795.19,4474.0,83705.04
857,857,EDD,1,,0.56548,0.515,0.91074,,424663.7,16905.7,189391.64
857,857,COLOR_GROUP,1,,0.56548,0.515,0.91074,,424663.7,16881.59,189121.53
857,857,LOAD_BALANCE,1,,0.56548,0.515,0.91074,,424663.7,16902.67,189357.7
857,857,OPTIMIZED,1,,0.61881,0.59048,0.95421,,424738.66,4734.89,103411.66
858,858,EDD,1,,0.57667,0.51595,0.89472,,424735.36,18251.1,173349.68
858,858,COLOR_GROUP,1,,0.57667,0.51595,0.89472,,424735.36,18171.91,172597.55
858,858,LOAD_BALANCE,1,,0.57667,0.51595,0.89472,,424735.36,18229.06,173140.33
858,858,OPTIMIZED,1,,0.62452,0.59429,0.95158,,424786.54,3976.09,82120.42
859,859,EDD,1,,0.57881,0.51357,0.88729,,424638.9,19994.39,177395.47
859,859,COLOR_GROUP,1,,0.57881,0.51357,0.88729,,424638.9,19678.71,174594.69
859,859,LOAD_BALANCE,1,,0.57881,0.51357,0.88729,,424638.9,19913.74,176679.9
859,859,OPTIMIZED,1,,0.62643,0.59143,0.94413,49.5,424772.68,4548.81,81414.46
860,860,EDD,1,,0.57881,0.51619,0.89181,,424644.5,19237.33,177817.27
860,860,COLOR_GROUP,1,,0.57881,0.51619,0.89181,,424602.83,19030.72,175907.52
860,860,LOAD_BALANCE,1,,0.57881,0.51619,0.89181,,424644.5,19213.4,177596.14
860,860,OPTIMIZED,1,,0.62833,0.59452,0.94619,,424741.95,4369.18,81199.03
861,861,EDD,1,,0.57881,0.50619,0.87454,60.01,424698.4,21421.8,170742.3
861,861,COLOR_GROUP,1,,0.57881,0.51381,0.8877,14.35,424695.07,19997.27,178070.97
861,861,LOAD_BALANCE,1,,0.57881,0.50619,0.87454,60.01,424698.4,21361.25,170259.7
861,861,OPTIMIZED,1,,0.6269,0.58833,0.93847,179.06,424751.02,5056.53,82184.3
862,862,EDD,1,,0.5719,0.50595,0.88468,2721.81,424611.33,20449.53,177327.66
862,862,COLOR_GROUP,1,,0.57333,0.50786,0.8858,2709.46,424675.39,20528.5,179755.03
862,862,LOAD_BALANCE,1,,0.5719,0.50595,0.88468,2721.81,424611.33,20344.28,176415.04
862,862,OPTIMIZED,1,,0.62452,0.58762,0.94091,2608.2,424767.91,5168.83,87470.02
863,863,EDD,1,,0.58048,0.51524,0.88761,,424774.82,19780.3,176001.35
863,863,COLOR_GROUP,1,,0.58048,0.51524,0.88761,,424774.82,19766.96,175882.62
863,863,LOAD_BALANCE,1,,0.58048,0.51524,0.88761,,424774.82,19771.41,175922.29
863,863,OPTIMIZED,1,,0.62738,0.59429,0.94725,,424771.4,4501.46,85333.34
864,864,EDD,1,,0.56548,0.51024,0.90232,5016.88,424764.66,18954.88,194042.38
864,864,COLOR_GROUP,1,,0.56714,0.51167,0.90218,4570.34,424767.48,17553.84,179456.04
864,864,LOAD_BALANCE,1,,0.56548,0.51024,0.90232,5016.88,424764.66,18787.1,192324.84
864,864,OPTIMIZED,1,,0.62405,0.58929,0.9443,4626.74,424792.88,4540.54,81511.95
865,865,EDD,1,,0.57929,0.51476,0.88861,,424715.77,19587.88,175857.23
865,865,COLOR_GROUP,1,,0.57929,0.515,0.88903,,424715.77,19525.53,175946.7
865,865,LOAD_BALANCE,1,,0.57929,0.51476,0.88861,,424715.77,19554.5,175557.59
865,865,OPTIMIZED,1,,0.6269,0.59381,0.94721,,424748.62,4393.94,83232.01
866,866,EDD,1,,0.57667,0.51405,0.89141,363.52,424791.27,19051.29,175445.71
866,866,COLOR_GROUP,1,,0.57738,0.51405,0.89031,356.24,424795.58,18903.01,172330.03
866,866,LOAD_BALANCE,1,,0.57667,0.51405,0.89141,363.52,424791.27,19046.07,175397.63
866,866,OPTIMIZED,1,,0.62738,0.59405,0.94687,57.88,424764.69,4441.23,83590.23
867,867,EDD,1,,0.57357,0.515,0.89788,,424670.51,17775.98,174074.5
867,867,COLOR_GROUP,1,,0.57357,0.515,0.89788,,424670.51,17760.18,173919.78
867,867,LOAD_BALANCE,1,,0.57357,0.515,0.89788,,424670.51,17761.71,173934.84
867,867,OPTIMIZED,1,,0.62476,0.59405,0.95084,,424789.14,4318.41,87841.2
868,868,EDD,1,,0.57929,0.51381,0.88697,,424679.09,20140.88,178191.83
868,868,COLOR_GROUP,1,,0.57976,0.51381,0.88624,,424717.22,20348.05,178871.89
868,868,LOAD_BALANCE,1,,0.57929,0.51381,0.88697,,424679.09,20134.42,178134.69
868,868,OPTIMIZED,1,,0.6281,0.59429,0.94617,,424746.85,4527.7,84113.28
869,869,EDD,1,,0.5719,0.50976,0.89134,2463.12,424699.48,20539.79,189029.02
869,869,COLOR_GROUP,1,,0.5781,0.51524,0.89127,4290.02,424762.09,20078.69,184663.1
869,869,LOAD_BALANCE,1,,0.57405,0.51071,0.88967,1757.7,424586.94,20807.63,188598.47
869,869,OPTIMIZED,1,,0.62357,0.59071,0.94731,1467.39,424742.11,5082.55,96457.98
870,870,EDD,1,,0.56714,0.51405,0.90638,,424695.66,17020.07,181801.83
870,870,COLOR_GROUP,1,,0.56714,0.51405,0.90638,,424695.66,17019.02,181790.64
870,870,LOAD_BALANCE,1,,0.56714,0.51405,0.90638,,424695.66,17018.31,181783.04
870,870,OPTIMIZED,1,,0.625,0.59024,0.94438,3843.17,424779.52,4409.41,79278.73
871,871,EDD,1,,0.58,0.51357,0.88547,,424748.27,20575.39,179647.51
871,871,COLOR_GROUP,1,,0.58,0.51357,0.88547,,424748.27,20541.49,179351.48
871,871,LOAD_BALANCE,1,,0.58,0.51357,0.88547,,424748.27,20573.05,179627.03
871,871,OPTIMIZED,1,,0.62738,0.59381,0.94649,,424753.05,4461.0,83366.96
872,872,EDD,1,,0.5769,0.51381,0.89063,378.38,424672.43,20341.52,185990.59
872,872,COLOR_GROUP,1,,0.57976,0.51381,0.88624,,424750.76,19787.88,173947.6
872,872,LOAD_BALANCE,1,,0.5769,0.51381,0.89063,378.38,424672.43,20220.99,184888.54
872,872,OPTIMIZED,1,,0.62905,0.59548,0.94663,,424782.71,4336.58,81257.01
873,873,EDD,1,,0.57214,0.51452,0.89929,,424706.47,16395.02,162798.51
873,873,COLOR_GROUP,1,,0.57214,0.51452,0.89929,,424706.47,16381.59,162665.14
873,873,LOAD_BALANCE,1,,0.57214,0.51452,0.89929,,424706.47,16390.19,162750.51
873,873,OPTIMIZED,1,,0.62452,0.59143,0.94701,,424749.51,3666.55,69189.57
874,874,EDD,1,,0.5769,0.51381,0.89063,,424653.1,19915.86,182098.6
874,874,COLOR_GROUP,1,,0.5769,0.51381,0.89063,,424653.1,19900.65,181959.53
874,874,LOAD_BALANCE,1,,0.5769,0.51381,0.89063,,424653.1,19913.39,182076.06
874,874,OPTIMIZED,1,,0.6269,0.59357,0.94683,,424760.42,4664.14,87719.07
875,875,EDD,1,,0.58024,0.51524,0.88798,,424738.33,19317.88,172445.71
875,875,COLOR_GROUP,1,,0.58024,0.51619,0.88962,,424738.33,19162.1,173598.68
875,875,LOAD_BALANCE,1,,0.58024,0.51524,0.88798,,424738.33,19286.13,172162.3
875,875,OPTIMIZED,1,,0.62762,0.59571,0.94917,,424798.0,4428.46,87115.12
876,876,EDD,1,,0.58143,0.51452,0.88493,,424724.06,20276.01,176206.45
876,876,COLOR_GROUP,1,,0.58143,0.51452,0.88493,,424724.06,20270.3,176156.88
876,876,LOAD_BALANCE,1,,0.58143,0.51452,0.88493,,424724.06,20273.3,176182.92
876,876,OPTIMIZED,1,,0.62786,0.59476,0.94729,,424790.82,4413.33,83726.23
877,877,EDD,1,,0.57857,0.51381,0.88807,,424760.57,19240.55,171891.7
877,877,COLOR_GROUP,1,,0.57857,0.51381,0.88807,,424760.57,19219.96,171707.77
877,877,LOAD_BALANCE,1,,0.57857,0.51381,0.88807,,424760.57,19224.06,171744.37
877,877,OPTIMIZED,1,,0.6281,0.59571,0.94845,,424743.83,4103.1,79588.11
878,878,EDD,1,,0.58167,0.51381,0.88334,,424690.44,20048.96,171858.27
878,878,COLOR_GROUP,1,,0.58167,0.51524,0.8858,,424690.44,19915.41,174384.79
878,878,LOAD_BALANCE,1,,0.58167,0.51381,0.88334,,424690.44,20031.73,171710.59
878,878,OPTIMIZED,1,,0.62738,0.59452,0.94763,,424799.91,4406.57,84139.99
879,879,EDD,1,,0.57881,0.51381,0.8877,,424639.61,20364.11,181337.57
879,879,COLOR_GROUP,1,,0.57881,0.51381,0.8877,,424639.61,20335.26,181080.62
879,879,LOAD_BALANCE,1,,0.57881,0.51381,0.8877,,424639.61,20341.38,181135.12
879,879,OPTIMIZED,1,,0.62786,0.59524,0.94805,,424764.21,4265.59,82104.88
880,880,EDD,1,,0.56881,0.51167,0.89954,,424781.9,20072.91,199809.05
880,880,COLOR_GROUP,1,,0.56881,0.51167,0.89954,,424781.9,20071.34,199793.46
880,880,LOAD_BALANCE,1,,0.56881,0.51167,0.89954,,424781.9,19938.58,198471.9
880,880,OPTIMIZED,1,,0.62452,0.59167,0.94739,,424788.87,4703.27,89396.17
881,881,EDD,1,,0.57929,0.515,0.88903,,424734.48,19776.15,178205.09
881,881,COLOR_GROUP,1,,0.57929,0.515,0.88903,,424734.48,19760.16,178061.01
881,881,LOAD_BALANCE,1,,0.57929,0.515,0.88903,,424734.48,19762.28,178080.08
881,881,OPTIMIZED,1,,0.6281,0.59405,0.94579,,424774.43,4615.95,85152.9
882,882,EDD,1,,0.57786,0.50881,0.88051,,424788.0,20449.73,171143.09
882,882,COLOR_GROUP,1,,0.57786,0.51452,0.8904,,424788.0,19311.6,176200.23
882,882,LOAD_BALANCE,1,,0.57786,0.50881,0.88051,,424788.0,20390.1,170644.01
882,882,OPTIMIZED,1,,0.62762,0.59476,0.94765,,424735.69,4460.17,85195.66
883,883,EDD,1,,0.57095,0.51548,0.90284,,424747.3,15300.97,157475.21
883,883,COLOR_GROUP,1,,0.5719,0.51548,0.90133,,424783.61,15579.44,157897.96
883,883,LOAD_BALANCE,1,,0.57095,0.51548,0.90284,,424747.3,15280.85,157268.15
883,883,OPTIMIZED,1,,0.62262,0.59214,0.95105,,424754.0,2961.8,60508.68
884,884,EDD,1,,0.57786,0.515,0.89122,,424650.5,19207.77,176580.49
884,884,COLOR_GROUP,1,,0.57786,0.51524,0.89164,,424650.5,19114.26,176389.04
884,884,LOAD_BALANCE,1,,0.57786,0.515,0.89122,,424650.5,19204.59,176551.24
884,884,OPTIMIZED,1,,0.62762,0.59405,0.94651,,424794.51,4564.74,85338.04
885,885,EDD,1,,0.56571,0.51476,0.90993,,424767.95,18059.12,200506.85
885,885,COLOR_GROUP,1,,0.56571,0.51476,0.90993,,424767.95,18045.62,200356.98
885,885,LOAD_BALANCE,1,,0.56571,0.51476,0.90993,,424767.95,18056.5,200477.78
885,885,OPTIMIZED,1,,0.62452,0.59095,0.94624,,424746.15,4723.49,87870.22
886,886,EDD,1,,0.57643,0.51381,0.89137,2332.62,424657.53,19040.21,175271.25
886,886,COLOR_GROUP,1,,0.57786,0.51381,0.88916,4790.3,424648.89,19586.84,176718.43
886,886,LOAD_BALANCE,1,,0.57786,0.51381,0.88916,1910.77,424648.89,19563.32,176506.27
886,886,OPTIMIZED,1,,0.62762,0.59476,0.94765,2100.49,424758.05,4426.36,84549.97
887,887,EDD,1,,0.5719,0.51452,0.89967,3881.85,424545.28,18341.46,182805.8
887,887,COLOR_GROUP,1,,0.5719,0.51548,0.90133,10874.72,424545.28,18073.47,183174.97
887,887,LOAD_BALANCE,1,,0.5719,0.51452,0.89967,3466.66,424545.28,18244.32,181837.61
887,887,OPTIMIZED,1,,0.62238,0.59524,0.95639,7046.67,424747.13,4863.18,111511.96
888,888,EDD,1,,0.57738,0.51452,0.89113,,424767.77,19313.65,177407.61
888,888,COLOR_GROUP,1,,0.57738,0.51452,0.89113,,424767.77,19312.86,177400.33
888,888,LOAD_BALANCE,1,,0.57738,0.51452,0.89113,,424767.77,19307.11,177347.48
888,888,OPTIMIZED,1,,0.62786,0.59476,0.94729,,424782.09,4355.43,82627.82
889,889,EDD,1,,0.57929,0.51452,0.8882,,424698.34,20250.57,181138.35
889,889,COLOR_GROUP,1,,0.57929,0.51452,0.8882,,424698.34,20241.48,181057.03
889,889,LOAD_BALANCE,1,,0.57929,0.51452,0.8882,,424698.34,20237.48,181021.24
889,889,OPTIMIZED,1,,0.62905,0.59571,0.94701,,424756.73,4289.08,80941.03
890,890,EDD,1,,0.57786,0.51524,0.89164,,424688.88,18939.38,174775.2
890,890,COLOR_GROUP,1,,0.57786,0.51524,0.89164,,424688.88,18938.45,174766.57
890,890,LOAD_BALANCE,1,,0.57786,0.51524,0.89164,,424688.88,18931.1,174698.8
890,890,OPTIMIZED,1,,0.6281,0.59429,0.94617,,424788.32,4434.4,82379.97
891,891,EDD,1,,0.57048,0.515,0.90275,,424715.31,16188.57,166471.26
891,891,COLOR_GROUP,1,,0.57048,0.515,0.90275,,424715.31,16138.24,165953.75
891,891,LOAD_BALANCE,1,,0.57048,0.515,0.90275,,424715.31,16183.37,166417.84
891,891,OPTIMIZED,1,,0.62357,0.59429,0.95304,,424751.62,4136.28,88072.4
892,892,EDD,1,,0.58048,0.51357,0.88474,,424735.66,20074.32,174167.95
892,892,COLOR_GROUP,1,,0.58048,0.51357,0.88474,,424735.66,20073.54,174161.17
892,892,LOAD_BALANCE,1,,0.58048,0.51357,0.88474,,424735.66,20069.15,174123.07
892,892,OPTIMIZED,1,,0.62762,0.59405,0.94651,,424786.11,4442.59,83054.35
893,893,EDD,1,,0.5719,0.51524,0.90092,1277.12,424764.59,15458.36,156012.47
893,893,COLOR_GROUP,1,,0.57929,0.51524,0.88944,994.43,424735.65,18857.2,170555.98
893,893,LOAD_BALANCE,1,,0.5719,0.51524,0.90092,1277.12,424764.59,15447.56,155903.53
893,893,OPTIMIZED,1,,0.6169,0.59333,0.96179,1376.78,424748.94,2365.67,61913.68
894,894,EDD,1,,0.57881,0.51452,0.88893,,424661.77,20054.49,180564.72
894,894,COLOR_GROUP,1,,0.57881,0.515,0.88976,,424661.77,19811.61,179709.05
894,894,LOAD_BALANCE,1,,0.57881,0.51452,0.88893,,424661.77,20036.39,180401.73
894,894,OPTIMIZED,1,,0.62738,0.59429,0.94725,,424795.23,4423.64,83858.29
895,895,EDD,1,,0.57881,0.515,0.88976,,424651.98,19205.21,174208.46
895,895,COLOR_GROUP,1,,0.57881,0.515,0.88976,,424651.98,19212.5,174274.56
895,895,LOAD_BALANCE,1,,0.57881,0.515,0.88976,,424651.98,19114.88,173389.07
895,895,OPTIMIZED,1,,0.62762,0.59429,0.94689,,424751.76,4400.86,82861.95
896,896,EDD,1,,0.57881,0.51452,0.88893,,424692.96,20129.79,181242.67
896,896,COLOR_GROUP,1,,0.57881,0.51452,0.88893,,424692.96,20115.54,181114.32
896,896,LOAD_BALANCE,1,,0.57881,0.51452,0.88893,,424692.96,20051.34,180536.3
896,896,OPTIMIZED,1,,0.62786,0.59429,0.94653,,424773.57,4408.5,82448.28
897,897,EDD,1,,0.57881,0.51476,0.88935,,424674.87,19100.81,172617.4
897,897,COLOR_GROUP,1,,0.57881,0.51476,0.88935,,424674.87,19100.21,172611.96
897,897,LOAD_BALANCE,1,,0.57881,0.51476,0.88935,,424674.87,19083.3,172459.1
897,897,OPTIMIZED,1,,0.62929,0.59571,0.94665,,424767.25,4178.09,78316.89
898,898,EDD,1,,0.58024,0.51452,0.88675,,424739.85,19971.23,176340.17
898,898,COLOR_GROUP,1,,0.58024,0.51452,0.88675,,424739.85,19958.28,176225.86
898,898,LOAD_BALANCE,1,,0.58024,0.51452,0.88675,,424739.85,19938.07,176047.35
898,898,OPTIMIZED,1,,0.62786,0.595,0.94767,,424752.33,4212.42,80493.83
899,899,EDD,1,,0.5781,0.51476,0.89044,,424767.24,19098.1,174323.97
899,899,COLOR_GROUP,1,,0.57881,0.51476,0.88935,,424661.11,19441.18,175693.36
899,899,LOAD_BALANCE,1,,0.5781,0.51476,0.89044,,424767.24,19067.05,174040.61
899,899,OPTIMIZED,1,,0.62714,0.59429,0.94761,,424752.67,4366.54,83343.96
900,900,EDD,1,,0.57881,0.51548,0.89058,,424677.64,19335.64,176710.33
900,900,COLOR_GROUP,1,,0.57881,0.51548,0.89058,,424677.64,19281.09,176211.79
900,900,LOAD_BALANCE,1,,0.57881,0.51548,0.89058,,424677.64,19314.44,176516.52
900,900,OPTIMIZED,1,,0.62786,0.59429,0.94653,,424784.84,4454.73,83312.88
901,901,EDD,1,,0.5719,0.51452,0.89967,4011.03,424577.83,17251.31,171940.48
901,901,COLOR_GROUP,1,,0.5769,0.51476,0.89228,9506.24,424781.55,19568.84,181667.78
901,901,LOAD_BALANCE,1,,0.57619,0.51452,0.89298,3256.12,424786.41,19240.12,179772.58
901,901,OPTIMIZED,1,,0.6281,0.59595,0.94882,2372.71,424753.1,4432.4,86612.31
902,902,EDD,1,,0.57976,0.51452,0.88747,,424740.77,20192.03,179443.79
902,902,COLOR_GROUP,1,,0.57976,0.51452,0.88747,,424740.77,20181.51,179350.24
902,902,LOAD_BALANCE,1,,0.57976,0.51452,0.88747,,424740.77,20188.7,179414.18
902,902,OPTIMIZED,1,,0.62881,0.59452,0.94548,,424789.45,4463.7,81865.44
903,903,EDD,1,,0.58024,0.51452,0.88675,,424730.1,20082.86,177325.82
903,903,COLOR_GROUP,1,,0.58024,0.51476,0.88716,,424708.18,20045.14,177636.39
903,903,LOAD_BALANCE,1,,0.58024,0.51452,0.88675,,424730.1,20074.04,177247.99
903,903,OPTIMIZED,1,,0.62786,0.59429,0.94653,,424795.26,4372.38,81772.86
904,904,EDD,1,,0.57452,0.50857,0.88521,,424723.34,20449.53,178139.81
904,904,COLOR_GROUP,1,,0.57452,0.50857,0.88521,,424723.34,20446.58,178114.11
904,904,LOAD_BALANCE,1,,0.57452,0.50857,0.88521,,424723.34,20444.66,178097.32
904,904,OPTIMIZED,1,,0.62667,0.58952,0.94073,,424772.32,5137.78,86683.64
905,905,EDD,1,,0.5769,0.51452,0.89187,,424733.28,19051.81,176192.91
905,905,COLOR_GROUP,1,,0.5769,0.51452,0.89187,,424733.28,19048.52,176162.45
905,905,LOAD_BALANCE,1,,0.5769,0.51452,0.89187,,424733.28,19039.69,176080.82
905,905,OPTIMIZED,1,,0.62762,0.59429,0.94689,,424740.59,4336.86,81656.93
906,906,EDD,1,,0.5531,0.50548,0.9139,,424703.77,11859.84,137752.07
906,906,COLOR_GROUP,1,,0.5531,0.50548,0.9139,,424703.77,11856.07,137708.25
906,906,LOAD_BALANCE,1,,0.5531,0.50548,0.9139,,424703.77,11857.89,137729.4
906,906,OPTIMIZED,1,,0.6119,0.58548,0.95681,,424756.86,3269.59,75701.35
907,907,EDD,1,,0.57071,0.51452,0.90154,,424736.31,16914.89,171800.77
907,907,COLOR_GROUP,1,,0.57071,0.51452,0.90154,,424736.31,16763.37,170261.89
907,907,LOAD_BALANCE,1,,0.57071,0.51452,0.90154,,424736.31,16848.86,171130.14
907,907,OPTIMIZED,1,,0.62667,0.59548,0.95023,,424729.94,4054.6,81463.48
908,908,EDD,1,,0.57714,0.51429,0.89109,1564.05,424709.29,18592.43,170712.35
908,908,COLOR_GROUP,1,,0.57881,0.51429,0.88852,2229.2,424626.61,19425.27,174253.98
908,908,LOAD_BALANCE,1,,0.57714,0.51429,0.89109,1563.09,424708.33,18574.52,170547.84
908,908,OPTIMIZED,1,,0.62786,0.59405,0.94615,1119.34,424748.44,4431.94,82303.05
909,909,EDD,1,,0.57571,0.51548,0.89537,612.88,424749.75,18786.33,179546.8
909,909,COLOR_GROUP,1,,0.57905,0.51548,0.89021,612.88,424798.27,19107.42,174042.13
909,909,LOAD_BALANCE,1,,0.57571,0.51548,0.89537,612.88,424749.75,18780.14,179487.69
909,909,OPTIMIZED,1,,0.6269,0.59452,0.94835,1892.41,424758.48,4477.89,86693.32
910,910,EDD,1,,0.56548,0.51476,0.91032,5605.61,424758.06,19940.62,222342.6
910,910,COLOR_GROUP,1,,0.5681,0.51476,0.90612,13236.44,424719.78,20049.39,213561.83
910,910,LOAD_BALANCE,1,,0.5681,0.51476,0.90612,4167.46,424719.78,20822.77,221799.74
910,910,OPTIMIZED,1,,0.61667,0.58976,0.95637,3653.85,424745.02,6413.31,146995.23
911,911,EDD,1,,0.5781,0.51452,0.89003,,424780.24,19212.31,174709.73
911,911,COLOR_GROUP,1,,0.5781,0.51452,0.89003,,424780.24,19209.03,174679.91
911,911,LOAD_BALANCE,1,,0.5781,0.51452,0.89003,,424780.24,19180.47,174420.19
911,911,OPTIMIZED,1,,0.62714,0.59524,0.94913,,424771.67,4189.23,82346.51
912,912,EDD,1,,0.5719,0.51476,0.90008,2112.4,424618.91,18979.29,189951.09
912,912,COLOR_GROUP,1,,0.5731,0.51476,0.89821,1904.86,424772.63,18558.17,182324.51
912,912,LOAD_BALANCE,1,,0.5719,0.51476,0.90008,2112.4,424618.91,18868.62,188843.4
912,912,OPTIMIZED,1,,0.625,0.59214,0.94743,2031.76,424755.49,4450.28,84652.11
913,913,EDD,1,,0.56738,0.51381,0.90558,,424769.06,17377.27,184044.61
913,913,COLOR_GROUP,1,,0.56738,0.51381,0.90558,,424769.06,17379.75,184070.9
913,913,LOAD_BALANCE,1,,0.56738,0.51381,0.90558,,424769.06,17339.6,183645.68
913,913,OPTIMIZED,1,,0.625,0.59238,0.94781,,424764.86,3970.3,76073.28
914,914,EDD,1,,0.54786,0.50714,0.92568,,424653.84,9072.23,122077.25
914,914,COLOR_GROUP,1,,0.54786,0.50714,0.92568,,424653.84,9058.91,121897.99
914,914,LOAD_BALANCE,1,,0.54786,0.50714,0.92568,,424653.84,9071.69,122069.99
914,914,OPTIMIZED,1,,0.62024,0.58333,0.9405,,424750.17,4215.25,70843.35
915,915,EDD,1,,0.57976,0.51571,0.88953,,424732.8,19063.66,172565.11
915,915,COLOR_GROUP,1,,0.57976,0.51571,0.88953,,424732.8,19046.47,172409.48
915,915,LOAD_BALANCE,1,,0.57976,0.51571,0.88953,,424732.8,19060.08,172532.7
915,915,OPTIMIZED,1,,0.62762,0.595,0.94803,,424752.4,4252.23,81816.67
916,916,EDD,1,,0.57976,0.51381,0.88624,,424755.22,20083.51,176546.36
916,916,COLOR_GROUP,1,,0.57976,0.51381,0.88624,,424755.22,20069.76,176425.5
916,916,LOAD_BALANCE,1,,0.57976,0.51381,0.88624,,424755.22,20000.84,175819.65
916,916,OPTIMIZED,1,,0.62881,0.59476,0.94585,,424766.88,4395.37,81175.97
917,917,EDD,1,,0.57881,0.51357,0.88729,,424651.17,19838.25,176010.19
917,917,COLOR_GROUP,1,,0.57881,0.51357,0.88729,,424651.17,19739.46,175133.68
917,917,LOAD_BALANCE,1,,0.57881,0.51357,0.88729,,424651.17,19830.21,175938.85
917,917,OPTIMIZED,1,,0.6269,0.59357,0.94683,,424737.2,4525.29,85107.76
918,918,EDD,1,,0.56857,0.50619,0.89028,6403.6,424681.87,21749.84,198238.98
918,918,COLOR_GROUP,1,,0.57452,0.51333,0.89349,2443.12,424769.99,19601.09,184036.71
918,918,LOAD_BALANCE,1,,0.56857,0.50619,0.89028,6403.6,424681.87,21555.67,196469.22
918,918,OPTIMIZED,1,,0.62643,0.59333,0.94717,2689.64,424750.3,4873.57,92247.17
919,919,EDD,1,,0.57976,0.51524,0.88871,,424650.86,19584.09,175967.77
919,919,COLOR_GROUP,1,,0.57976,0.51524,0.88871,,424650.86,19544.96,175616.15
919,919,LOAD_BALANCE,1,,0.57976,0.51524,0.88871,,424650.86,19551.5,175674.89
919,919,OPTIMIZED,1,,0.62786,0.59381,0.94577,,424794.01,4515.87,83275.23
920,920,EDD,1,,0.57714,0.51167,0.88655,,424798.7,19187.14,169125.89
920,920,COLOR_GROUP,1,,0.57714,0.51571,0.89356,,424798.7,18660.96,175326.26
920,920,LOAD_BALANCE,1,,0.57714,0.51167,0.88655,,424798.7,19147.26,168774.4
920,920,OPTIMIZED,1,,0.62619,0.59476,0.94981,,424787.89,4322.2,86116.58
921,921,EDD,1,,0.58071,0.51357,0.88438,,424771.59,20038.67,173313.21
921,921,COLOR_GROUP,1,,0.58071,0.51405,0.8852,,424771.59,19955.06,173822.87
921,921,LOAD_BALANCE,1,,0.58071,0.51357,0.88438,,424771.59,20028.44,173224.71
921,921,OPTIMIZED,1,,0.62857,0.59429,0.94545,,424745.51,4491.38,82341.99
922,922,EDD,1,,0.5769,0.51381,0.89063,,424677.17,19951.45,182423.98
922,922,COLOR_GROUP,1,,0.5769,0.51381,0.89063,,424677.17,19920.59,182141.81
922,922,LOAD_BALANCE,1,,0.5769,0.51381,0.89063,,424677.17,19915.5,182095.31
922,922,OPTIMIZED,1,,0.62524,0.59143,0.94593,,424743.94,5033.61,93086.32
923,923,EDD,1,,0.56214,0.515,0.91614,6440.28,424779.13,14989.09,178733.53
923,923,COLOR_GROUP,1,,0.56595,0.515,0.90997,6204.86,424797.94,15962.21,177299.92
923,923,LOAD_BALANCE,1,,0.56214,0.515,0.91614,6440.28,424779.13,14966.87,178468.56
923,923,OPTIMIZED,1,,0.62643,0.59024,0.94223,6518.77,424771.74,4319.69,74770.4
924,924,EDD,1,,0.56167,0.51405,0.91522,,424762.24,18212.79,214819.84
924,924,COLOR_GROUP,1,,0.56167,0.51405,0.91522,,424762.24,17952.84,211753.79
924,924,LOAD_BALANCE,1,,0.56167,0.51405,0.91522,,424762.24,18191.63,214570.22
924,924,OPTIMIZED,1,,0.62167,0.59452,0.95634,,424798.02,4958.09,113557.56
925,925,EDD,1,,0.58024,0.51452,0.88675,,424759.59,19863.9,175392.45
925,925,COLOR_GROUP,1,,0.58024,0.51452,0.88675,,424759.59,19851.24,175280.66
925,925,LOAD_BALANCE,1,,0.58024,0.51452,0.88675,,424759.59,19805.52,174877.0
925,925,OPTIMIZED,1,,0.62738,0.59524,0.94877,,424745.24,4399.86,85878.76
926,926,EDD,1,,0.565,0.51548,0.91235,,424694.26,18688.15,213206.64
926,926,COLOR_GROUP,1,,0.565,0.51595,0.91319,,424694.26,18424.47,212239.14
926,926,LOAD_BALANCE,1,,0.565,0.51548,0.91235,,424694.26,18668.73,212985.04
926,926,OPTIMIZED,1,,0.61786,0.5919,0.958,,424755.82,5438.3,129471.55
927,927,EDD,1,,0.57071,0.51405,0.90071,,424724.97,17283.87,174073.28
927,927,COLOR_GROUP,1,,0.57071,0.51405,0.90071,,424724.97,17272.51,173958.85
927,927,LOAD_BALANCE,1,,0.57071,0.51405,0.90071,,424724.97,17264.33,173876.42
927,927,OPTIMIZED,1,,0.62595,0.59357,0.94827,,424755.64,4506.88,87121.93
928,928,EDD,1,,0.57881,0.51452,0.88893,,424683.99,19633.24,176771.88
928,928,COLOR_GROUP,1,,0.57881,0.51452,0.88893,,424683.99,19630.58,176747.95
928,928,LOAD_BALANCE,1,,0.57881,0.51452,0.88893,,424683.99,19597.54,176450.45
928,928,OPTIMIZED,1,,0.62833,0.59571,0.94809,,424754.61,4400.32,84762.45
929,929,EDD,1,,0.57881,0.51476,0.88935,,424673.03,19036.22,172033.64
929,929,COLOR_GROUP,1,,0.57881,0.51476,0.88935,,424673.03,19036.22,172033.66
929,929,LOAD_BALANCE,1,,0.57881,0.51476,0.88935,,424673.03,19000.17,171707.88
929,929,OPTIMIZED,1,,0.62881,0.595,0.94623,,424793.39,4233.61,78739.12
930,930,EDD,1,,0.57286,0.51548,0.89983,,424787.22,17216.83,171882.57
930,930,COLOR_GROUP,1,,0.57286,0.51548,0.89983,,424787.22,17215.76,171871.89
930,930,LOAD_BALANCE,1,,0.57286,0.51548,0.89983,,424787.22,17206.93,171783.69
930,930,OPTIMIZED,1,,0.62476,0.59405,0.95084,,424749.68,3854.23,78399.21
931,931,EDD,1,,0.58048,0.51238,0.88269,3389.9,424750.29,20960.7,178678.94
931,931,COLOR_GROUP,1,,0.58048,0.51238,0.88269,7979.18,424750.29,20563.93,175296.75
931,931,LOAD_BALANCE,1,,0.58048,0.51238,0.88269,3382.4,424750.29,20709.92,176541.24
931,931,OPTIMIZED,1,,0.62571,0.59381,0.94901,2937.53,424781.28,4346.54,85244.07
932,932,EDD,1,,0.57333,0.50833,0.88663,,424793.43,21371.7,188509.34
932,932,COLOR_GROUP,1,,0.57333,0.50833,0.88663,,424793.43,21329.37,188136.02
932,932,LOAD_BALANCE,1,,0.57333,0.50833,0.88663,,424793.43,21100.19,186114.52
932,932,OPTIMIZED,1,,0.62429,0.58786,0.94165,,424746.1,5365.33,91947.06
933,933,EDD,1,,0.56119,0.51262,0.91345,5126.42,424576.65,12635.21,145986.26
933,933,COLOR_GROUP,1,,0.56738,0.51381,0.90558,5092.55,424776.67,15482.24,163974.13
933,933,LOAD_BALANCE,1,,0.56119,0.51262,0.91345,5126.42,424576.65,12627.97,145902.59
933,933,OPTIMIZED,1,,0.62429,0.58976,0.9447,5022.15,424766.66,3490.92,63125.49
934,934,EDD,1,,0.57929,0.51429,0.88779,,424654.41,19949.4,177790.81
934,934,COLOR_GROUP,1,,0.57929,0.51429,0.88779,,424654.41,19922.49,177550.95
934,934,LOAD_BALANCE,1,,0.57929,0.51429,0.88779,,424654.41,19903.14,177378.57
934,934,OPTIMIZED,1,,0.62738,0.59476,0.94801,,424743.97,4384.55,84330.67
935,935,EDD,1,,0.58048,0.515,0.8872,,424774.93,19522.03,173071.66
935,935,COLOR_GROUP,1,,0.58048,0.51524,0.88761,,424774.93,19177.98,170642.01
935,935,LOAD_BALANCE,1,,0.58048,0.515,0.8872,,424774.93,19460.27,172524.1
935,935,OPTIMIZED,1,,0.62786,0.59429,0.94653,,424774.92,4380.16,81918.4
936,936,EDD,1,,0.57786,0.51381,0.88916,,424645.02,19873.92,179308.57
936,936,COLOR_GROUP,1,,0.57786,0.51381,0.88916,,424645.02,19787.45,178528.42
936,936,LOAD_BALANCE,1,,0.57786,0.51381,0.88916,,424645.02,19864.06,179219.59
936,936,OPTIMIZED,1,,0.62714,0.59429,0.94761,,424761.39,4444.33,84828.68
937,937,EDD,1,,0.57405,0.51524,0.89755,,424564.52,18733.49,182860.1
937,937,COLOR_GROUP,1,,0.57405,0.51548,0.89797,,424564.52,18568.79,181989.24
937,937,LOAD_BALANCE,1,,0.57405,0.51524,0.89755,,424564.52,18728.11,182807.6
937,937,OPTIMIZED,1,,0.62619,0.59714,0.95361,,424776.4,4454.33,96023.57
938,938,EDD,1,,0.5719,0.50881,0.88968,1791.16,424562.86,20359.88,184544.99
938,938,COLOR_GROUP,1,,0.57214,0.50905,0.88972,2118.78,424707.53,20466.35,185587.3
938,938,LOAD_BALANCE,1,,0.5719,0.50881,0.88968,1791.16,424562.86,20062.42,181848.8
938,938,OPTIMIZED,1,,0.61857,0.58214,0.94111,1358.49,424780.16,6876.52,116766.08
939,939,EDD,1,,0.58143,0.51524,0.88616,2457.58,424709.1,19912.82,174917.62
939,939,COLOR_GROUP,1,,0.58167,0.51619,0.88743,5510.84,424699.94,19894.28,176733.54
939,939,LOAD_BALANCE,1,,0.58167,0.51524,0.8858,1864.39,424699.94,19917.74,174405.12
939,939,OPTIMIZED,1,,0.62857,0.59405,0.94508,1614.78,424762.04,4562.2,83063.48
940,940,EDD,1,,0.57786,0.51452,0.8904,,424620.89,19588.12,178723.15
940,940,COLOR_GROUP,1,,0.57786,0.51452,0.8904,,424620.89,19574.53,178599.15
940,940,LOAD_BALANCE,1,,0.57786,0.51452,0.8904,,424620.89,19579.0,178640.0
940,940,OPTIMIZED,1,,0.62833,0.59452,0.94619,,424787.73,4429.87,82327.03
941,941,EDD,1,,0.56952,0.5119,0.89883,1735.43,424788.89,20283.93,200492.36
941,941,COLOR_GROUP,1,,0.56952,0.5119,0.89883,2854.02,424756.59,19948.69,197178.74
941,941,LOAD_BALANCE,1,,0.56952,0.5119,0.89883,1574.64,424788.89,20032.2,198004.22
941,941,OPTIMIZED,1,,0.62667,0.59262,0.94567,1703.2,424756.57,5015.57,92314.47
942,942,EDD,1,,0.57976,0.51429,0.88706,,424724.32,19651.28,174003.19
942,942,COLOR_GROUP,1,,0.57976,0.51429,0.88706,,424724.32,19652.53,174014.2
942,942,LOAD_BALANCE,1,,0.57976,0.51429,0.88706,,424724.32,19644.79,173945.72
942,942,OPTIMIZED,1,,0.62762,0.59429,0.94689,,424788.1,4379.87,82466.6
943,943,EDD,1,,0.57595,0.51286,0.89045,,424695.11,20315.46,185445.68
943,943,COLOR_GROUP,1,,0.57595,0.51286,0.89045,,424695.11,19540.64,178372.82
943,943,LOAD_BALANCE,1,,0.57595,0.51286,0.89045,,424695.11,20284.09,185159.27
943,943,OPTIMIZED,1,,0.62881,0.59357,0.94396,,424768.69,4355.31,77718.76
944,944,EDD,1,,0.57143,0.51524,0.90167,,424730.54,16577.17,168581.44
944,944,COLOR_GROUP,1,,0.57143,0.51524,0.90167,,424730.54,16567.75,168485.63
944,944,LOAD_BALANCE,1,,0.57143,0.51524,0.90167,,424730.54,16569.52,168503.63
944,944,OPTIMIZED,1,,0.62667,0.59571,0.95061,,424736.89,4016.62,81321.05
945,945,EDD,1,,0.55929,0.51429,0.91954,,424648.46,14513.49,180382.0
945,945,COLOR_GROUP,1,,0.55929,0.51429,0.91954,,424648.46,14511.68,180359.42
945,945,LOAD_BALANCE,1,,0.55929,0.51429,0.91954,,424648.46,14509.25,180329.19
945,945,OPTIMIZED,1,,0.61619,0.59048,0.95827,,424755.0,4220.67,101139.82
946,946,EDD,1,,0.57,0.51405,0.90184,,424633.85,17631.43,179615.55
946,946,COLOR_GROUP,1,,0.57,0.51405,0.90184,,424633.85,17618.91,179487.96
946,946,LOAD_BALANCE,1,,0.57,0.51405,0.90184,,424633.85,17630.73,179608.42
946,946,OPTIMIZED,1,,0.625,0.59357,0.94971,,424786.51,4447.27,88439.94
947,947,EDD,1,,0.57905,0.51357,0.88692,,424798.08,20236.29,178962.35
947,947,COLOR_GROUP,1,,0.57905,0.51357,0.88692,,424798.08,20227.81,178887.4
947,947,LOAD_BALANCE,1,,0.57905,0.51357,0.88692,,424798.08,20211.79,178745.75
947,947,OPTIMIZED,1,,0.6281,0.59476,0.94693,,424782.3,4320.2,81404.84
948,948,EDD,1,,0.57976,0.51452,0.88747,,424738.25,19426.92,172644.31
948,948,COLOR_GROUP,1,,0.57976,0.51452,0.88747,,424738.25,19426.35,172639.27
948,948,LOAD_BALANCE,1,,0.57976,0.51452,0.88747,,424738.25,19420.0,172582.81
948,948,OPTIMIZED,1,,0.62786,0.59524,0.94805,,424776.7,4375.12,84213.16
949,949,EDD,1,,0.57881,0.51452,0.88893,,424723.72,19570.01,176202.56
949,949,COLOR_GROUP,1,,0.57881,0.51452,0.88893,,424723.72,19564.46,176152.59
949,949,LOAD_BALANCE,1,,0.57881,0.51452,0.88893,,424723.72,19536.76,175903.23
949,949,OPTIMIZED,1,,0.62762,0.59476,0.94765,,424748.49,4311.1,82348.26
950,950,EDD,1,,0.57952,0.51548,0.88948,,424749.91,19365.44,175224.85
950,950,COLOR_GROUP,1,,0.57952,0.51548,0.88948,,424749.91,19347.37,175061.34
950,950,LOAD_BALANCE,1,,0.57952,0.51548,0.88948,,424749.91,19360.22,175177.59
950,950,OPTIMIZED,1,,0.62643,0.59238,0.94565,,424787.92,4760.55,87587.54
951,951,EDD,1,,0.56857,0.50643,0.8907,,424609.06,19772.85,180910.24
951,951,COLOR_GROUP,1,,0.56857,0.51095,0.89866,,424609.06,19268.03,190132.45
951,951,LOAD_BALANCE,1,,0.56857,0.50643,0.8907,,424609.06,19656.66,179847.16
951,951,OPTIMIZED,1,,0.62167,0.5881,0.946,,424793.43,5219.08,96645.5
952,952,EDD,1,,0.57,0.51524,0.90393,,424695.19,16949.33,176420.38
952,952,COLOR_GROUP,1,,0.57,0.51524,0.90393,,424695.19,16948.87,176415.67
952,952,LOAD_BALANCE,1,,0.57,0.51524,0.90393,,424695.19,16947.98,176406.42
952,952,OPTIMIZED,1,,0.62595,0.59381,0.94865,,424750.98,4382.39,85342.96
953,953,EDD,1,,0.58024,0.51548,0.88839,,424738.14,19572.78,175363.43
953,953,COLOR_GROUP,1,,0.58024,0.51548,0.88839,,424738.14,19558.5,175235.5
953,953,LOAD_BALANCE,1,,0.58024,0.51548,0.88839,,424738.14,19570.74,175345.22
953,953,OPTIMIZED,1,,0.62786,0.595,0.94767,,424784.96,4397.84,84036.98
954,954,EDD,1,,0.57595,0.51381,0.8921,849.25,424660.67,19512.87,180849.12
954,954,COLOR_GROUP,1,,0.57833,0.51381,0.88843,816.36,424700.88,19482.18,174620.71
954,954,LOAD_BALANCE,1,,0.57595,0.51381,0.8921,849.25,424660.67,19461.74,180375.28
954,954,OPTIMIZED,1,,0.6269,0.59452,0.94835,621.45,424750.45,4509.54,87306.07
955,955,EDD,1,,0.58119,0.51119,0.87956,1774.88,424647.32,20882.15,173378.67
955,955,COLOR_GROUP,1,,0.58119,0.515,0.88611,4272.03,424647.32,20034.27,175912.42
955,955,LOAD_BALANCE,1,,0.58119,0.51119,0.87956,1262.84,424647.32,20481.47,170051.93
955,955,OPTIMIZED,1,,0.62929,0.595,0.94552,1514.11,424795.15,4406.96,80886.12
956,956,EDD,1,,0.58143,0.51452,0.88493,,424751.4,19568.59,170058.7
956,956,COLOR_GROUP,1,,0.58143,0.51452,0.88493,,424751.4,19496.1,169428.75
956,956,LOAD_BALANCE,1,,0.58143,0.51452,0.88493,,424751.4,19520.4,169639.96
956,956,OPTIMIZED,1,,0.62905,0.59548,0.94663,,424747.83,4410.15,82635.51
957,957,EDD,1,,0.57667,0.515,0.89306,,424727.8,18491.73,172922.69
957,957,COLOR_GROUP,1,,0.57667,0.515,0.89306,,424727.8,18491.51,172920.6
957,957,LOAD_BALANCE,1,,0.57667,0.515,0.89306,,424727.8,18491.01,172915.97
957,957,OPTIMIZED,1,,0.62738,0.59429,0.94725,,424747.07,4461.69,84579.54
958,958,EDD,1,,0.57929,0.515,0.88903,,424693.42,19569.39,176341.99
958,958,COLOR_GROUP,1,,0.57929,0.515,0.88903,,424693.42,19564.39,176296.92
958,958,LOAD_BALANCE,1,,0.57929,0.515,0.88903,,424693.42,19367.23,174520.29
958,958,OPTIMIZED,1,,0.62833,0.59571,0.94809,,424781.86,4227.31,81429.78
959,959,EDD,1,,0.57333,0.51524,0.89867,480.12,424796.79,16297.96,160842.19
959,959,COLOR_GROUP,1,,0.58048,0.51524,0.88761,,424788.51,19634.78,174706.59
959,959,LOAD_BALANCE,1,,0.57333,0.51524,0.89867,480.12,424796.79,16292.74,160790.6
959,959,OPTIMIZED,1,,0.62738,0.59333,0.94573,,424798.67,4385.48,80809.32
960,960,EDD,1,,0.57,0.51548,0.90434,,424768.7,15444.09,161454.78
960,960,COLOR_GROUP,1,,0.57,0.51548,0.90434,,424768.7,15363.31,160610.34
960,960,LOAD_BALANCE,1,,0.57,0.51548,0.90434,,424768.7,15422.27,161226.7
960,960,OPTIMIZED,1,,0.62524,0.59595,0.95316,,424751.72,3794.71,81015.5
961,961,EDD,1,,0.57881,0.51333,0.88688,,424630.54,19493.23,172320.16
961,961,COLOR_GROUP,1,,0.57881,0.51381,0.8877,,424630.54,19440.49,173112.94
961,961,LOAD_BALANCE,1,,0.57881,0.51333,0.88688,,424630.54,19464.62,172067.23
961,961,OPTIMIZED,1,,0.62786,0.59429,0.94653,,424779.28,4459.8,83407.68
962,962,EDD,1,,0.57452,0.51452,0.89557,,424684.77,19563.69,187330.11
962,962,COLOR_GROUP,1,,0.57619,0.51452,0.89298,,424791.7,20392.58,190540.68
962,962,LOAD_BALANCE,1,,0.57452,0.51452,0.89557,,424684.77,19517.12,186884.17
962,962,OPTIMIZED,1,,0.62571,0.59,0.94292,,424776.95,4952.3,86764.31
963,963,EDD,1,,0.5681,0.50929,0.89648,1958.02,424784.21,16325.19,157700.03
963,963,COLOR_GROUP,1,,0.57714,0.51548,0.89315,1752.1,424753.8,18533.28,173454.33
963,963,LOAD_BALANCE,1,,0.5681,0.50929,0.89648,1958.02,424784.21,16279.79,157261.42
963,963,OPTIMIZED,1,,0.62429,0.58762,0.94127,1683.82,424785.85,4415.06,75170.72
964,964,EDD,1,,0.57595,0.51452,0.89334,1345.04,424797.04,21058.68,197445.53
964,964,COLOR_GROUP,1,,0.57571,0.51452,0.89371,1277.32,424752.09,19703.46,185381.19
964,964,LOAD_BALANCE,1,,0.57595,0.51452,0.89334,1345.04,424797.04,20995.76,196855.56
964,964,OPTIMIZED,1,,0.62738,0.59595,0.94991,1100.71,424747.03,4283.87,85515.13
965,965,EDD,1,,0.57667,0.51357,0.89059,,424746.9,19671.14,179786.79
965,965,COLOR_GROUP,1,,0.57667,0.51357,0.89059,,424746.9,19665.66,179736.7
965,965,LOAD_BALANCE,1,,0.57667,0.51357,0.89059,,424746.9,19668.95,179766.74
965,965,OPTIMIZED,1,,0.62738,0.59381,0.94649,,424742.43,4562.55,85264.63
966,966,EDD,1,,0.55119,0.50595,0.91793,,424747.03,17323.18,211069.25
966,966,COLOR_GROUP,1,,0.55119,0.50595,0.91793,,424747.03,17322.1,211056.11
966,966,LOAD_BALANCE,1,,0.55119,0.50595,0.91793,,424747.03,17322.69,211063.3
966,966,OPTIMIZED,1,,0.61143,0.57881,0.94665,,424799.4,6010.87,112670.94
967,967,EDD,1,,0.57905,0.51381,0.88734,,424756.69,19814.67,175873.3
967,967,COLOR_GROUP,1,,0.57905,0.51381,0.88734,,424756.69,19807.31,175807.95
967,967,LOAD_BALANCE,1,,0.57905,0.51381,0.88734,,424756.69,19783.67,175598.13
967,967,OPTIMIZED,1,,0.62833,0.59524,0.94733,,424756.19,4439.32,84283.11
968,968,EDD,1,,0.57452,0.51048,0.88852,,424739.09,20146.29,180717.45
968,968,COLOR_GROUP,1,,0.57452,0.51048,0.88852,,424739.09,20141.46,180674.18
968,968,LOAD_BALANCE,1,,0.57452,0.51048,0.88852,,424739.09,20119.57,180477.8
968,968,OPTIMIZED,1,,0.62619,0.59048,0.94297,1397.94,424783.07,5015.08,87931.0
969,969,EDD,1,,0.57619,0.51429,0.89256,,424787.14,18228.27,169663.11
969,969,COLOR_GROUP,1,,0.57881,0.51452,0.88893,,424624.92,19486.83,175453.6
969,969,LOAD_BALANCE,1,,0.57619,0.51429,0.89256,,424787.14,18213.52,169525.84
969,969,OPTIMIZED,1,,0.62667,0.59476,0.94909,,424766.5,4256.76,83610.36
970,970,EDD,1,,0.57,0.50714,0.88972,,424640.64,19259.27,174646.53
970,970,COLOR_GROUP,1,,0.57,0.50714,0.88972,,424640.64,19197.74,174088.6
970,970,LOAD_BALANCE,1,,0.57,0.50714,0.88972,,424640.64,19227.47,174358.23
970,970,OPTIMIZED,1,,0.6181,0.58595,0.948,,424757.22,5466.89,105126.32
971,971,EDD,1,,0.56595,0.51429,0.90871,6664.22,424792.06,20024.97,219351.82
971,971,COLOR_GROUP,1,,0.56738,0.51429,0.90642,4303.21,424772.68,18473.28,197407.34
971,971,LOAD_BALANCE,1,,0.56595,0.51429,0.90871,6664.22,424792.06,19807.38,216968.39
971,971,OPTIMIZED,1,,0.62548,0.58976,0.9429,4291.86,424755.66,4575.58,80133.7
972,972,EDD,1,,0.57833,0.51571,0.89172,,424711.15,19251.69,177803.62
972,972,COLOR_GROUP,1,,0.57833,0.51571,0.89172,,424711.15,19204.91,177371.6
972,972,LOAD_BALANCE,1,,0.57833,0.51571,0.89172,,424711.15,19243.02,177723.54
972,972,OPTIMIZED,1,,0.62714,0.59548,0.94951,,424789.89,4402.55,87190.32
973,973,EDD,1,,0.5581,0.51,0.91382,1845.77,424596.69,21159.1,245529.34
973,973,COLOR_GROUP,1,,0.5581,0.51,0.91382,3942.79,424596.69,20417.12,236919.5
973,973,LOAD_BALANCE,1,,0.5581,0.51,0.91382,1631.3,424596.69,20918.95,242742.62
973,973,OPTIMIZED,1,,0.625,0.58595,0.93752,1309.2,424791.22,5170.92,82766.33
974,974,EDD,1,,0.5619,0.51119,0.90975,1840.57,424739.95,14814.73,164144.47
974,974,COLOR_GROUP,1,,0.56762,0.51595,0.90898,,424750.54,13631.43,149757.29
974,974,LOAD_BALANCE,1,,0.5619,0.51119,0.90975,1840.57,424739.95,14669.11,162531.0
974,974,OPTIMIZED,1,,0.62548,0.58429,0.93415,427.24,424764.27,4617.56,70117.55
975,975,EDD,1,,0.57786,0.51524,0.89164,,424742.95,18634.37,171960.52
975,975,COLOR_GROUP,1,,0.57786,0.51524,0.89164,,424731.71,18613.94,171772.02
975,975,LOAD_BALANCE,1,,0.57786,0.51524,0.89164,,424742.95,18619.39,171822.29
975,975,OPTIMIZED,1,,0.625,0.59429,0.95086,,424764.24,4352.81,88574.68
976,976,EDD,1,,0.5781,0.51405,0.88921,,424770.1,19562.88,176575.0
976,976,COLOR_GROUP,1,,0.5781,0.51405,0.88921,,424770.1,19559.13,176541.14
976,976,LOAD_BALANCE,1,,0.5781,0.51405,0.88921,,424770.1,19481.19,175837.65
976,976,OPTIMIZED,1,,0.62762,0.59452,0.94727,,424767.34,4380.81,83077.84
977,977,EDD,1,,0.57,0.51024,0.89515,,424782.2,18377.67,175283.44
977,977,COLOR_GROUP,1,,0.57,0.51024,0.89515,,424782.2,18355.09,175068.05
977,977,LOAD_BALANCE,1,,0.57,0.51024,0.89515,,424782.2,18364.85,175161.13
977,977,OPTIMIZED,1,,0.62452,0.58976,0.94434,,424770.92,4917.13,88339.94
978,978,EDD,1,,0.57905,0.51405,0.88775,,424766.59,19948.44,177709.2
978,978,COLOR_GROUP,1,,0.57905,0.51405,0.88775,,424766.59,19935.56,177594.45
978,978,LOAD_BALANCE,1,,0.57905,0.51405,0.88775,,424766.59,19945.48,177682.8
978,978,OPTIMIZED,1,,0.62738,0.59452,0.94763,,424747.59,4348.08,83023.05
979,979,EDD,1,,0.5769,0.51452,0.89187,,424718.58,18804.65,173907.16
979,979,COLOR_GROUP,1,,0.5769,0.51452,0.89187,,424718.58,18798.66,173851.69
979,979,LOAD_BALANCE,1,,0.5769,0.51452,0.89187,,424718.58,18801.19,173875.17
979,979,OPTIMIZED,1,,0.62667,0.595,0.94947,,424745.67,4174.47,82610.61
980,980,EDD,1,,0.57405,0.51524,0.89755,,424633.29,16525.53,161307.9
980,980,COLOR_GROUP,1,,0.57405,0.51524,0.89755,,424633.29,16461.74,160685.23
980,980,LOAD_BALANCE,1,,0.57405,0.51524,0.89755,,424633.29,16514.3,161198.33
980,980,OPTIMIZED,1,,0.62429,0.59333,0.95042,,424753.82,3927.64,79217.44
981,981,EDD,1,,0.58143,0.51381,0.8837,,424751.68,20454.9,175883.32
981,981,COLOR_GROUP,1,,0.58143,0.51381,0.8837,,424751.68,20442.95,175780.59
981,981,LOAD_BALANCE,1,,0.58143,0.51381,0.8837,,424751.68,20451.78,175856.52
981,981,OPTIMIZED,1,,0.62762,0.59452,0.94727,,424748.99,4389.28,83238.49
982,982,EDD,1,,0.56952,0.51024,0.8959,,424725.51,18725.45,179884.61
982,982,COLOR_GROUP,1,,0.56952,0.51024,0.8959,,424725.51,18670.34,179355.24
982,982,LOAD_BALANCE,1,,0.56952,0.51024,0.8959,,424725.51,18587.43,178558.8
982,982,OPTIMIZED,1,,0.62357,0.59048,0.94693,,424798.5,4925.16,92798.47
983,983,EDD,1,,0.57881,0.51405,0.88811,,424600.41,19597.09,175149.02
983,983,COLOR_GROUP,1,,0.57881,0.51405,0.88811,,424600.41,19576.18,174962.08
983,983,LOAD_BALANCE,1,,0.57881,0.51405,0.88811,,424600.41,19580.12,174997.36
983,983,OPTIMIZED,1,,0.62667,0.5931,0.94643,,424737.62,4513.08,84244.19
984,984,EDD,1,,0.56833,0.51476,0.90574,,424773.12,15362.64,162980.59
984,984,COLOR_GROUP,1,,0.56833,0.51476,0.90574,,424773.12,15356.61,162916.57
984,984,LOAD_BALANCE,1,,0.56833,0.51476,0.90574,,424773.12,15350.88,162855.81
984,984,OPTIMIZED,1,,0.62,0.59333,0.95699,,424749.98,3313.47,77038.21
985,985,EDD,1,,0.58,0.51571,0.88916,,424746.89,20270.4,182884.06
985,985,COLOR_GROUP,1,,0.58,0.51571,0.88916,,424746.89,19630.12,177107.32
985,985,LOAD_BALANCE,1,,0.58,0.51571,0.88916,,424746.89,20146.54,181766.6
985,985,OPTIMIZED,1,,0.62857,0.595,0.94659,,424793.28,4406.29,82500.66
986,986,EDD,1,,0.57881,0.51476,0.88935,,424623.31,19709.45,178117.78
986,986,COLOR_GROUP,1,,0.57881,0.51476,0.88935,,424623.31,19702.28,178052.94
986,986,LOAD_BALANCE,1,,0.57881,0.51476,0.88935,,424623.31,19708.21,178106.49
986,986,OPTIMIZED,1,,0.62786,0.595,0.94767,,424762.91,4255.19,81311.18
987,987,EDD,1,,0.58024,0.515,0.88757,,424655.09,19696.9,175187.4
987,987,COLOR_GROUP,1,,0.58024,0.515,0.88757,,424655.09,19687.67,175105.28
987,987,LOAD_BALANCE,1,,0.58024,0.515,0.88757,,424655.09,19685.06,175082.11
987,987,OPTIMIZED,1,,0.62786,0.59429,0.94653,,424762.35,4413.4,82539.97
988,988,EDD,1,,0.57571,0.51452,0.89371,,424719.75,18636.56,175343.25
988,988,COLOR_GROUP,1,,0.57571,0.51452,0.89371,,424719.75,18627.02,175253.47
988,988,LOAD_BALANCE,1,,0.57571,0.51452,0.89371,,424719.75,18616.46,175154.13
988,988,OPTIMIZED,1,,0.62619,0.59381,0.94829,,424758.82,4451.49,86084.04
989,989,EDD,1,,0.57881,0.51381,0.8877,,424596.08,20719.62,184503.28
989,989,COLOR_GROUP,1,,0.57881,0.51381,0.8877,,424596.08,19995.88,178058.56
989,989,LOAD_BALANCE,1,,0.57881,0.51381,0.8877,,424596.08,20690.91,184247.59
989,989,OPTIMIZED,1,,0.62857,0.595,0.94659,,424737.45,4447.35,83269.46
990,990,EDD,1,,0.57595,0.51381,0.8921,,424779.96,18954.73,175676.19
990,990,COLOR_GROUP,1,,0.57786,0.51381,0.88916,,424616.13,19542.65,176319.75
990,990,LOAD_BALANCE,1,,0.57595,0.51381,0.8921,,424779.96,18946.12,175596.38
990,990,OPTIMIZED,1,,0.6281,0.59452,0.94655,,424787.04,4386.58,82069.49
991,991,EDD,1,,0.56881,0.51452,0.90456,,424786.99,17032.49,178467.57
991,991,COLOR_GROUP,1,,0.56881,0.51452,0.90456,,424786.99,17010.25,178234.64
991,991,LOAD_BALANCE,1,,0.56881,0.51452,0.90456,,424786.99,17023.27,178370.97
991,991,OPTIMIZED,1,,0.62262,0.59452,0.95488,,424780.19,4190.09,92856.72
992,992,EDD,1,,0.57905,0.51476,0.88898,,424760.62,19579.56,176361.07
992,992,COLOR_GROUP,1,,0.57905,0.51476,0.88898,,424760.62,19577.74,176344.7
992,992,LOAD_BALANCE,1,,0.57905,0.51476,0.88898,,424760.62,19572.8,176300.17
992,992,OPTIMIZED,1,,0.62667,0.59429,0.94833,,424786.14,4278.99,82811.07
993,993,EDD,1,,0.57476,0.51071,0.88857,,424605.96,19724.74,177009.39
993,993,COLOR_GROUP,1,,0.57476,0.51071,0.88857,,424605.96,19528.14,175245.05
993,993,LOAD_BALANCE,1,,0.57476,0.51071,0.88857,,424605.96,19707.15,176851.53
993,993,OPTIMIZED,1,,0.62452,0.59119,0.94663,,424769.37,4389.06,82232.13
994,994,EDD,1,,0.58024,0.51381,0.88551,,424740.81,20360.35,177842.92
994,994,COLOR_GROUP,1,,0.58024,0.51381,0.88551,,424740.81,20257.17,176941.68
994,994,LOAD_BALANCE,1,,0.58024,0.51381,0.88551,,424740.81,20329.16,177570.48
994,994,OPTIMIZED,1,,0.62738,0.59429,0.94725,,424769.92,4486.72,85054.04
995,995,EDD,1,,0.57595,0.51357,0.89169,,424734.42,19584.91,180824.04
995,995,COLOR_GROUP,1,,0.57595,0.51405,0.89252,,424734.42,19553.63,181923.99
995,995,LOAD_BALANCE,1,,0.57595,0.51357,0.89169,,424734.42,19579.96,180778.33
995,995,OPTIMIZED,1,,0.62643,0.59333,0.94717,,424799.92,4635.57,87742.34
996,996,EDD,1,,0.57881,0.51405,0.88811,,424661.12,19839.39,177314.52
996,996,COLOR_GROUP,1,,0.57881,0.51405,0.88811,,424661.12,19835.09,177276.14
996,996,LOAD_BALANCE,1,,0.57881,0.51405,0.88811,,424661.12,19822.97,177167.8
996,996,OPTIMIZED,1,,0.62762,0.595,0.94803,,424777.48,4388.68,84442.1
997,997,EDD,1,,0.56214,0.51524,0.91656,,424579.55,13761.07,164923.22
997,997,COLOR_GROUP,1,,0.5669,0.51524,0.90886,,424775.33,15782.04,173166.02
997,997,LOAD_BALANCE,1,,0.56214,0.51524,0.91656,,424579.55,13724.38,164483.57
997,997,OPTIMIZED,1,,0.62095,0.58929,0.949,1031.07,424744.03,4022.01,78867.77
998,998,EDD,1,,0.58024,0.51524,0.88798,,424784.82,19088.28,170396.08
998,998,COLOR_GROUP,1,,0.58024,0.51619,0.88962,,424784.82,19005.82,172182.87
998,998,LOAD_BALANCE,1,,0.58024,0.51524,0.88798,,424784.82,19079.51,170317.81
998,998,OPTIMIZED,1,,0.62833,0.59524,0.94733,,424739.51,4303.35,81701.73
999,999,EDD,1,,0.57929,0.515,0.88903,,424694.9,19625.85,176850.72
999,999,COLOR_GROUP,1,,0.57929,0.515,0.88903,,424694.9,19593.67,176560.71
999,999,LOAD_BALANCE,1,,0.57929,0.515,0.88903,,424694.9,19607.35,176683.96
999,999,OPTIMIZED,1,,0.62714,0.59476,0.94837,,424770.05,4270.23,82704.3
